2026-04-27 20:47:50.076 | INFO:     Started server process [1]
2026-04-27 20:47:50.076 | INFO:     Waiting for application startup.
2026-04-27 20:47:50.077 | 2026-04-27 23:47:50,077 INFO app RAG: ingestão inicINFO:     172.23.0.1:47524 - "GET /traces HTTP/1.1" 200 OK
INFO:     172.23.0.1:47536 - "GET / HTTP/1.1" 200 OK
078 | INFO:     Uvicorn running on http://0.0.0.0:8000 (Press CTRL+C to quit)
2026-04-27 20:47:50.352 | 2026-04-27 23:47:50,351 INFO rag.loader carregado KS_POLITICA_INTERNA.pdf (6045 chars, sha=1e768e0b)
2026-04-27 20:47:50.366 | 2026-04-27 23:47:50,366 INFO rag.store salvou índice (8 vetores) e manifest em /app/assets/index
2026-04-27 20:47:50.366 | 2026-04-27 23:47:50,366 INFO rag.ingest ingestão concluída: {'new': [], 'changed': [], 'removed': [], 'skipped': ['KS_POLITICA_INTERNA.pdf'], 'chunks_added': 0, 'chunks_removed': 0, 'total_vectors_after': 8}
2026-04-27 20:47:50.366 | 2026-04-27 23:47:50,366 INFO app RAG: ingestão concluída — 8 vetores | adicionados=0 ignorados=1
2026-04-27 20:48:28.262 | INFO:     172.23.0.1:46942 - "GET / HTTP/1.1" 200 OK
2026-04-27 20:48:37.265 | 2026-04-27 23:48:37,265 INFO app batch passe 1/3: 100 registros | workers=5 delay=0.0s retries=2
2026-04-27 20:48:37.265 | 2026-04-27 23:48:37,265 INFO graph [REC-2026-00001] GRAPH START
2026-04-27 20:48:37.269 | 2026-04-27 23:48:37,265 INFO graph [REC-2026-00002] GRAPH START
2026-04-27 20:48:37.270 | 2026-04-27 23:48:37,268 INFO graph [REC-2026-00001] AGENT=guardrail_input IN text_len=92
2026-04-27 20:48:37.279 | 2026-04-27 23:48:37,268 INFO graph [REC-2026-00003] GRAPH START
2026-04-27 20:48:37.281 | 2026-04-27 23:48:37,269 INFO graph [REC-2026-00002] AGENT=guardrail_input IN text_len=112
2026-04-27 20:48:37.281 | 2026-04-27 23:48:37,270 INFO graph [REC-2026-00004] GRAPH START
2026-04-27 20:48:37.282 | 2026-04-27 23:48:37,276 INFO graph [REC-2026-00166] GRAPH START
2026-04-27 20:48:37.282 | 2026-04-27 23:48:37,281 INFO graph [REC-2026-00003] AGENT=guardrail_input IN text_len=104
2026-04-27 20:48:37.283 | 2026-04-27 23:48:37,283 INFO graph [REC-2026-00004] AGENT=guardrail_input IN text_len=96
2026-04-27 20:48:37.284 | 2026-04-27 23:48:37,284 INFO graph [REC-2026-00166] AGENT=guardrail_input IN text_len=114
2026-04-27 20:48:38.715 | 2026-04-27 23:48:38,715 INFO agent.guardrail guardrail INPUT action=NONE
2026-04-27 20:48:38.715 | 2026-04-27 23:48:38,715 INFO graph [REC-2026-00166] AGENT=guardrail_input OUT in 1431ms blocked=False reason=None
2026-04-27 20:48:38.716 | 2026-04-27 23:48:38,716 INFO graph [REC-2026-00166] AGENT=triage IN text_len=114 product_hint=Conta Corrente
2026-04-27 20:48:38.719 | 2026-04-27 23:48:38,719 INFO agent.guardrail guardrail INPUT action=NONE
2026-04-27 20:48:38.719 | 2026-04-27 23:48:38,719 INFO graph [REC-2026-00001] AGENT=guardrail_input OUT in 1451ms blocked=False reason=None
2026-04-27 20:48:38.720 | 2026-04-27 23:48:38,720 INFO graph [REC-2026-00001] AGENT=triage IN text_len=92 product_hint=None
2026-04-27 20:48:38.747 | 2026-04-27 23:48:38,747 INFO agent.guardrail guardrail INPUT action=NONE
2026-04-27 20:48:38.747 | 2026-04-27 23:48:38,747 INFO graph [REC-2026-00002] AGENT=guardrail_input OUT in 1478ms blocked=False reason=None
2026-04-27 20:48:38.748 | 2026-04-27 23:48:38,748 INFO graph [REC-2026-00002] AGENT=triage IN text_len=112 product_hint=None
2026-04-27 20:48:38.753 | 2026-04-27 23:48:38,753 INFO agent.guardrail guardrail INPUT action=NONE
2026-04-27 20:48:38.753 | 2026-04-27 23:48:38,753 INFO graph [REC-2026-00004] AGENT=guardrail_input OUT in 1470ms blocked=False reason=None
2026-04-27 20:48:38.753 | 2026-04-27 23:48:38,753 INFO graph [REC-2026-00004] AGENT=triage IN text_len=96 product_hint=None
2026-04-27 20:48:38.758 | 2026-04-27 23:48:38,758 INFO agent.guardrail guardrail INPUT action=NONE
2026-04-27 20:48:38.758 | 2026-04-27 23:48:38,758 INFO graph [REC-2026-00003] AGENT=guardrail_input OUT in 1477ms blocked=False reason=None
2026-04-27 20:48:38.759 | 2026-04-27 23:48:38,759 INFO graph [REC-2026-00003] AGENT=triage IN text_len=104 product_hint=Cartão de Crédito
2026-04-27 20:48:40.277 | 2026-04-27 23:48:40,277 INFO graph [REC-2026-00001] AGENT=triage OUT in 1557ms category=Produto/Serviço product=Não Identificado urgency=Baixa
2026-04-27 20:48:40.279 | 2026-04-27 23:48:40,278 INFO graph [REC-2026-00001] AGENT=risk IN triage_keys=['category', 'product', 'sentiment', 'urgency', 'summary']
2026-04-27 20:48:40.351 | 2026-04-27 23:48:40,350 INFO graph [REC-2026-00002] AGENT=triage OUT in 1602ms category=Atendimento product=Não Identificado urgency=Alta
2026-04-27 20:48:40.352 | 2026-04-27 23:48:40,352 INFO graph [REC-2026-00002] AGENT=risk IN triage_keys=['category', 'product', 'sentiment', 'urgency', 'summary']
2026-04-27 20:48:40.380 | 2026-04-27 23:48:40,380 INFO graph [REC-2026-00166] AGENT=triage OUT in 1664ms category=Atendimento product=Conta Corrente urgency=Alta
2026-04-27 20:48:40.381 | 2026-04-27 23:48:40,380 INFO graph [REC-2026-00166] AGENT=risk IN triage_keys=['category', 'product', 'sentiment', 'urgency', 'summary']
2026-04-27 20:48:40.431 | 2026-04-27 23:48:40,431 INFO graph [REC-2026-00003] AGENT=triage OUT in 1672ms category=Fraude/Segurança product=Cartão de Crédito urgency=Crítica
2026-04-27 20:48:40.432 | 2026-04-27 23:48:40,432 INFO graph [REC-2026-00003] AGENT=risk IN triage_keys=['category', 'product', 'sentiment', 'urgency', 'summary']
2026-04-27 20:48:40.708 | 2026-04-27 23:48:40,707 INFO graph [REC-2026-00004] AGENT=triage OUT in 1954ms category=Cobrança Indevida product=Não Identificado urgency=Alta
2026-04-27 20:48:40.709 | 2026-04-27 23:48:40,708 INFO graph [REC-2026-00004] AGENT=risk IN triage_keys=['category', 'product', 'sentiment', 'urgency', 'summary']
2026-04-27 20:48:44.063 | 2026-04-27 23:48:44,062 INFO agent.risk risk usou 4 trechos da política (top-k=4)
2026-04-27 20:48:44.063 | 2026-04-27 23:48:44,063 INFO graph [REC-2026-00001] AGENT=risk OUT in 3785ms level=Baixo rag_chunks=4
2026-04-27 20:48:44.064 | 2026-04-27 23:48:44,064 INFO graph [REC-2026-00001] AGENT=report IN
2026-04-27 20:48:44.064 | 2026-04-27 23:48:44,064 INFO graph [REC-2026-00001] AGENT=report OUT in 0ms
2026-04-27 20:48:44.065 | 2026-04-27 23:48:44,065 INFO graph [REC-2026-00001] AGENT=guardrail_output IN
2026-04-27 20:48:44.927 | 2026-04-27 23:48:44,927 INFO agent.risk risk usou 4 trechos da política (top-k=4)
2026-04-27 20:48:44.927 | 2026-04-27 23:48:44,927 INFO graph [REC-2026-00002] AGENT=risk OUT in 4575ms level=Médio rag_chunks=4
2026-04-27 20:48:44.927 | 2026-04-27 23:48:44,927 INFO graph [REC-2026-00002] AGENT=report IN
2026-04-27 20:48:44.927 | 2026-04-27 23:48:44,927 INFO graph [REC-2026-00002] AGENT=report OUT in 0ms
2026-04-27 20:48:44.928 | 2026-04-27 23:48:44,928 INFO graph [REC-2026-00002] AGENT=guardrail_output IN
2026-04-27 20:48:44.941 | 2026-04-27 23:48:44,940 INFO agent.risk risk usou 4 trechos da política (top-k=4)
2026-04-27 20:48:44.941 | 2026-04-27 23:48:44,941 INFO graph [REC-2026-00003] AGENT=risk OUT in 4509ms level=Crítico rag_chunks=4
2026-04-27 20:48:44.941 | 2026-04-27 23:48:44,941 INFO graph [REC-2026-00003] AGENT=report IN
2026-04-27 20:48:44.941 | 2026-04-27 23:48:44,941 INFO graph [REC-2026-00003] AGENT=report OUT in 0ms
2026-04-27 20:48:44.942 | 2026-04-27 23:48:44,942 INFO graph [REC-2026-00003] AGENT=guardrail_output IN
2026-04-27 20:48:45.210 | 2026-04-27 23:48:45,210 INFO agent.risk risk usou 4 trechos da política (top-k=4)
2026-04-27 20:48:45.210 | 2026-04-27 23:48:45,210 INFO graph [REC-2026-00004] AGENT=risk OUT in 4502ms level=Alto rag_chunks=4
2026-04-27 20:48:45.211 | 2026-04-27 23:48:45,211 INFO graph [REC-2026-00004] AGENT=report IN
2026-04-27 20:48:45.211 | 2026-04-27 23:48:45,211 INFO graph [REC-2026-00004] AGENT=report OUT in 0ms
2026-04-27 20:48:45.211 | 2026-04-27 23:48:45,211 INFO graph [REC-2026-00004] AGENT=guardrail_output IN
2026-04-27 20:48:45.252 | 2026-04-27 23:48:45,252 INFO agent.risk risk usou 4 trechos da política (top-k=4)
2026-04-27 20:48:45.252 | 2026-04-27 23:48:45,252 INFO graph [REC-2026-00166] AGENT=risk OUT in 4872ms level=Médio rag_chunks=4
2026-04-27 20:48:45.253 | 2026-04-27 23:48:45,252 INFO graph [REC-2026-00166] AGENT=report IN
2026-04-27 20:48:45.253 | 2026-04-27 23:48:45,252 INFO graph [REC-2026-00166] AGENT=report OUT in 0ms
2026-04-27 20:48:45.253 | 2026-04-27 23:48:45,253 INFO graph [REC-2026-00166] AGENT=guardrail_output IN
2026-04-27 20:48:45.318 | 2026-04-27 23:48:45,318 INFO graph [REC-2026-00001] AGENT=guardrail_output OUT in 1253ms
2026-04-27 20:48:45.319 | 2026-04-27 23:48:45,319 INFO graph [REC-2026-00001] GRAPH END timings={'guardrail_input': 1451, 'triage': 1557, 'risk': 3785, 'report': 0, 'guardrail_output': 1253}
2026-04-27 20:48:45.319 | 2026-04-27 23:48:45,319 INFO graph [REC-2026-00167] GRAPH START
2026-04-27 20:48:45.320 | 2026-04-27 23:48:45,320 INFO graph [REC-2026-00167] AGENT=guardrail_input IN text_len=106
2026-04-27 20:48:45.505 | 2026-04-27 23:48:45,505 WARNING agent.guardrail guardrail OUTPUT bloqueou campo=summary — usando regex como fallback
2026-04-27 20:48:45.903 | 2026-04-27 23:48:45,903 INFO agent.guardrail guardrail INPUT action=GUARDRAIL_INTERVENED
2026-04-27 20:48:45.903 | 2026-04-27 23:48:45,903 INFO graph [REC-2026-00167] AGENT=guardrail_input OUT in 583ms blocked=True reason=bedrock_guardrail
2026-04-27 20:48:45.904 | 2026-04-27 23:48:45,904 INFO graph [REC-2026-00167] GRAPH END timings={'guardrail_input': 583}
2026-04-27 20:48:45.904 | 2026-04-27 23:48:45,904 WARNING app [REC-2026-00167] bloqueada pelo guardrail
2026-04-27 20:48:45.905 | 2026-04-27 23:48:45,904 INFO graph [REC-2026-00168] GRAPH START
2026-04-27 20:48:45.905 | 2026-04-27 23:48:45,905 INFO graph [REC-2026-00168] AGENT=guardrail_input IN text_len=85
2026-04-27 20:48:46.098 | 2026-04-27 23:48:46,098 INFO graph [REC-2026-00003] AGENT=guardrail_output OUT in 1156ms
2026-04-27 20:48:46.099 | 2026-04-27 23:48:46,099 INFO graph [REC-2026-00003] GRAPH END timings={'guardrail_input': 1477, 'triage': 1672, 'risk': 4509, 'report': 0, 'guardrail_output': 1156}
2026-04-27 20:48:46.099 | 2026-04-27 23:48:46,099 INFO graph [REC-2026-00169] GRAPH START
2026-04-27 20:48:46.100 | 2026-04-27 23:48:46,100 INFO graph [REC-2026-00169] AGENT=guardrail_input IN text_len=97
2026-04-27 20:48:46.105 | 2026-04-27 23:48:46,104 INFO graph [REC-2026-00002] AGENT=guardrail_output OUT in 1176ms
2026-04-27 20:48:46.105 | 2026-04-27 23:48:46,105 INFO graph [REC-2026-00002] GRAPH END timings={'guardrail_input': 1478, 'triage': 1602, 'risk': 4575, 'report': 0, 'guardrail_output': 1176}
2026-04-27 20:48:46.105 | 2026-04-27 23:48:46,105 INFO graph [REC-2026-00170] GRAPH START
2026-04-27 20:48:46.106 | 2026-04-27 23:48:46,106 INFO graph [REC-2026-00170] AGENT=guardrail_input IN text_len=110
2026-04-27 20:48:46.373 | 2026-04-27 23:48:46,373 INFO graph [REC-2026-00166] AGENT=guardrail_output OUT in 1120ms
2026-04-27 20:48:46.374 | 2026-04-27 23:48:46,374 INFO graph [REC-2026-00166] GRAPH END timings={'guardrail_input': 1431, 'triage': 1664, 'risk': 4872, 'report': 0, 'guardrail_output': 1120}
2026-04-27 20:48:46.374 | 2026-04-27 23:48:46,374 INFO graph [REC-2026-00171] GRAPH START
2026-04-27 20:48:46.375 | 2026-04-27 23:48:46,375 INFO graph [REC-2026-00171] AGENT=guardrail_input IN text_len=126
2026-04-27 20:48:46.473 | 2026-04-27 23:48:46,473 WARNING agent.guardrail guardrail OUTPUT bloqueou campo=risk_justification — usando regex como fallback
2026-04-27 20:48:46.473 | 2026-04-27 23:48:46,473 INFO graph [REC-2026-00004] AGENT=guardrail_output OUT in 1262ms
2026-04-27 20:48:46.474 | 2026-04-27 23:48:46,473 INFO graph [REC-2026-00004] GRAPH END timings={'guardrail_input': 1470, 'triage': 1954, 'risk': 4502, 'report': 0, 'guardrail_output': 1262}
2026-04-27 20:48:46.474 | 2026-04-27 23:48:46,474 INFO graph [REC-2026-00172] GRAPH START
2026-04-27 20:48:46.475 | 2026-04-27 23:48:46,475 INFO graph [REC-2026-00172] AGENT=guardrail_input IN text_len=111
2026-04-27 20:48:46.484 | 2026-04-27 23:48:46,484 INFO agent.guardrail guardrail INPUT action=NONE
2026-04-27 20:48:46.484 | 2026-04-27 23:48:46,484 INFO graph [REC-2026-00168] AGENT=guardrail_input OUT in 579ms blocked=False reason=None
2026-04-27 20:48:46.485 | 2026-04-27 23:48:46,485 INFO graph [REC-2026-00168] AGENT=triage IN text_len=85 product_hint=None
2026-04-27 20:48:46.692 | 2026-04-27 23:48:46,692 INFO agent.guardrail guardrail INPUT action=NONE
2026-04-27 20:48:46.692 | 2026-04-27 23:48:46,692 INFO graph [REC-2026-00169] AGENT=guardrail_input OUT in 592ms blocked=False reason=None
2026-04-27 20:48:46.693 | 2026-04-27 23:48:46,693 INFO graph [REC-2026-00169] AGENT=triage IN text_len=97 product_hint=Investimento
2026-04-27 20:48:46.716 | 2026-04-27 23:48:46,716 INFO agent.guardrail guardrail INPUT action=NONE
2026-04-27 20:48:46.716 | 2026-04-27 23:48:46,716 INFO graph [REC-2026-00170] AGENT=guardrail_input OUT in 610ms blocked=False reason=None
2026-04-27 20:48:46.717 | 2026-04-27 23:48:46,717 INFO graph [REC-2026-00170] AGENT=triage IN text_len=110 product_hint=Cartão de Crédito
2026-04-27 20:48:46.956 | 2026-04-27 23:48:46,956 INFO agent.guardrail guardrail INPUT action=NONE
2026-04-27 20:48:46.956 | 2026-04-27 23:48:46,956 INFO graph [REC-2026-00171] AGENT=guardrail_input OUT in 581ms blocked=False reason=None
2026-04-27 20:48:46.957 | 2026-04-27 23:48:46,957 INFO graph [REC-2026-00171] AGENT=triage IN text_len=126 product_hint=Cartão de Crédito
2026-04-27 20:48:47.069 | 2026-04-27 23:48:47,068 INFO agent.guardrail guardrail INPUT action=NONE
2026-04-27 20:48:47.069 | 2026-04-27 23:48:47,069 INFO graph [REC-2026-00172] AGENT=guardrail_input OUT in 594ms blocked=False reason=None
2026-04-27 20:48:47.069 | 2026-04-27 23:48:47,069 INFO graph [REC-2026-00172] AGENT=triage IN text_len=111 product_hint=None
2026-04-27 20:48:47.985 | 2026-04-27 23:48:47,985 INFO graph [REC-2026-00168] AGENT=triage OUT in 1500ms category=Atendimento product=Não Identificado urgency=Baixa
2026-04-27 20:48:47.986 | 2026-04-27 23:48:47,986 INFO graph [REC-2026-00168] AGENT=risk IN triage_keys=['category', 'product', 'sentiment', 'urgency', 'summary']
2026-04-27 20:48:48.122 | 2026-04-27 23:48:48,121 INFO graph [REC-2026-00170] AGENT=triage OUT in 1404ms category=Produto/Serviço product=Cartão de Crédito urgency=Alta
2026-04-27 20:48:48.122 | 2026-04-27 23:48:48,122 INFO graph [REC-2026-00170] AGENT=risk IN triage_keys=['category', 'product', 'sentiment', 'urgency', 'summary']
2026-04-27 20:48:48.557 | 2026-04-27 23:48:48,556 INFO graph [REC-2026-00171] AGENT=triage OUT in 1599ms category=Fraude/Segurança product=Cartão de Crédito urgency=Alta
2026-04-27 20:48:48.558 | 2026-04-27 23:48:48,557 INFO graph [REC-2026-00171] AGENT=risk IN triage_keys=['category', 'product', 'sentiment', 'urgency', 'summary']
2026-04-27 20:48:48.629 | 2026-04-27 23:48:48,628 INFO graph [REC-2026-00169] AGENT=triage OUT in 1935ms category=Produto/Serviço product=Investimentos urgency=Média
2026-04-27 20:48:48.630 | 2026-04-27 23:48:48,629 INFO graph [REC-2026-00172] AGENT=triage OUT in 1560ms category=Produto/Serviço product=Não Identificado urgency=Média
2026-04-27 20:48:48.630 | 2026-04-27 23:48:48,630 INFO graph [REC-2026-00169] AGENT=risk IN triage_keys=['category', 'product', 'sentiment', 'urgency', 'summary']
2026-04-27 20:48:48.634 | 2026-04-27 23:48:48,630 INFO graph [REC-2026-00172] AGENT=risk IN triage_keys=['category', 'product', 'sentiment', 'urgency', 'summary']
2026-04-27 20:48:51.618 | 2026-04-27 23:48:51,617 INFO agent.risk risk usou 4 trechos da política (top-k=4)
2026-04-27 20:48:51.618 | 2026-04-27 23:48:51,617 INFO graph [REC-2026-00168] AGENT=risk OUT in 3631ms level=Baixo rag_chunks=4
2026-04-27 20:48:51.619 | 2026-04-27 23:48:51,619 INFO graph [REC-2026-00168] AGENT=report IN
2026-04-27 20:48:51.619 | 2026-04-27 23:48:51,619 INFO graph [REC-2026-00168] AGENT=report OUT in 1ms
2026-04-27 20:48:51.619 | 2026-04-27 23:48:51,619 INFO graph [REC-2026-00168] AGENT=guardrail_output IN
2026-04-27 20:48:52.179 | 2026-04-27 23:48:52,179 WARNING agent.guardrail guardrail OUTPUT bloqueou campo=summary — usando regex como fallback
2026-04-27 20:48:52.316 | 2026-04-27 23:48:52,315 INFO agent.risk risk usou 4 trechos da política (top-k=4)
2026-04-27 20:48:52.316 | 2026-04-27 23:48:52,315 INFO graph [REC-2026-00170] AGENT=risk OUT in 4193ms level=Alto rag_chunks=4
2026-04-27 20:48:52.317 | 2026-04-27 23:48:52,317 INFO graph [REC-2026-00170] AGENT=report IN
2026-04-27 20:48:52.317 | 2026-04-27 23:48:52,317 INFO graph [REC-2026-00170] AGENT=report OUT in 0ms
2026-04-27 20:48:52.317 | 2026-04-27 23:48:52,317 INFO graph [REC-2026-00170] AGENT=guardrail_output IN
2026-04-27 20:48:52.857 | 2026-04-27 23:48:52,857 INFO graph [REC-2026-00168] AGENT=guardrail_output OUT in 1237ms
2026-04-27 20:48:52.857 | 2026-04-27 23:48:52,857 INFO graph [REC-2026-00168] GRAPH END timings={'guardrail_input': 579, 'triage': 1500, 'risk': 3631, 'report': 1, 'guardrail_output': 1237}
2026-04-27 20:48:52.857 | 2026-04-27 23:48:52,857 INFO graph [REC-2026-00173] GRAPH START
2026-04-27 20:48:52.858 | 2026-04-27 23:48:52,858 INFO agent.risk risk usou 4 trechos da política (top-k=4)
2026-04-27 20:48:52.858 | 2026-04-27 23:48:52,858 INFO graph [REC-2026-00171] AGENT=risk OUT in 4301ms level=Médio rag_chunks=4
2026-04-27 20:48:52.860 | 2026-04-27 23:48:52,859 INFO graph [REC-2026-00173] AGENT=guardrail_input IN text_len=109
2026-04-27 20:48:52.862 | 2026-04-27 23:48:52,860 INFO graph [REC-2026-00171] AGENT=report IN
2026-04-27 20:48:52.862 | 2026-04-27 23:48:52,862 INFO graph [REC-2026-00171] AGENT=report OUT in 2ms
2026-04-27 20:48:52.865 | 2026-04-27 23:48:52,865 INFO graph [REC-2026-00171] AGENT=guardrail_output IN
2026-04-27 20:48:53.425 | 2026-04-27 23:48:53,424 INFO agent.guardrail guardrail INPUT action=NONE
2026-04-27 20:48:53.425 | 2026-04-27 23:48:53,424 INFO graph [REC-2026-00173] AGENT=guardrail_input OUT in 565ms blocked=False reason=None
2026-04-27 20:48:53.426 | 2026-04-27 23:48:53,425 INFO graph [REC-2026-00173] AGENT=triage IN text_len=109 product_hint=None
2026-04-27 20:48:53.488 | 2026-04-27 23:48:53,487 WARNING agent.guardrail guardrail OUTPUT bloqueou campo=risk_justification — usando regex como fallback
2026-04-27 20:48:53.488 | 2026-04-27 23:48:53,488 INFO graph [REC-2026-00170] AGENT=guardrail_output OUT in 1171ms
2026-04-27 20:48:53.488 | 2026-04-27 23:48:53,488 INFO graph [REC-2026-00170] GRAPH END timings={'guardrail_input': 610, 'triage': 1404, 'risk': 4193, 'report': 0, 'guardrail_output': 1171}
2026-04-27 20:48:53.488 | 2026-04-27 23:48:53,488 INFO graph [REC-2026-00174] GRAPH START
2026-04-27 20:48:53.489 | 2026-04-27 23:48:53,489 INFO graph [REC-2026-00174] AGENT=guardrail_input IN text_len=112
2026-04-27 20:48:53.547 | 2026-04-27 23:48:53,547 INFO agent.risk risk usou 4 trechos da política (top-k=4)
2026-04-27 20:48:53.547 | 2026-04-27 23:48:53,547 INFO graph [REC-2026-00169] AGENT=risk OUT in 4917ms level=Médio rag_chunks=4
2026-04-27 20:48:53.548 | 2026-04-27 23:48:53,547 INFO graph [REC-2026-00169] AGENT=report IN
2026-04-27 20:48:53.548 | 2026-04-27 23:48:53,547 INFO graph [REC-2026-00169] AGENT=report OUT in 0ms
2026-04-27 20:48:53.548 | 2026-04-27 23:48:53,548 INFO graph [REC-2026-00169] AGENT=guardrail_output IN
2026-04-27 20:48:54.018 | 2026-04-27 23:48:54,018 INFO graph [REC-2026-00171] AGENT=guardrail_output OUT in 1153ms
2026-04-27 20:48:54.019 | 2026-04-27 23:48:54,019 INFO graph [REC-2026-00171] GRAPH END timings={'guardrail_input': 581, 'triage': 1599, 'risk': 4301, 'report': 2, 'guardrail_output': 1153}
2026-04-27 20:48:54.019 | 2026-04-27 23:48:54,019 INFO graph [REC-2026-00175] GRAPH START
2026-04-27 20:48:54.020 | 2026-04-27 23:48:54,020 INFO graph [REC-2026-00175] AGENT=guardrail_input IN text_len=123
2026-04-27 20:48:54.072 | 2026-04-27 23:48:54,071 INFO agent.guardrail guardrail INPUT action=NONE
2026-04-27 20:48:54.072 | 2026-04-27 23:48:54,072 INFO graph [REC-2026-00174] AGENT=guardrail_input OUT in 582ms blocked=False reason=None
2026-04-27 20:48:54.072 | 2026-04-27 23:48:54,072 INFO graph [REC-2026-00174] AGENT=triage IN text_len=112 product_hint=None
2026-04-27 20:48:54.653 | 2026-04-27 23:48:54,652 INFO agent.guardrail guardrail INPUT action=NONE
2026-04-27 20:48:54.653 | 2026-04-27 23:48:54,652 INFO graph [REC-2026-00175] AGENT=guardrail_input OUT in 632ms blocked=False reason=None
2026-04-27 20:48:54.654 | 2026-04-27 23:48:54,653 INFO graph [REC-2026-00175] AGENT=triage IN text_len=123 product_hint=Seguro
2026-04-27 20:48:54.703 | 2026-04-27 23:48:54,702 INFO graph [REC-2026-00169] AGENT=guardrail_output OUT in 1154ms
2026-04-27 20:48:54.704 | 2026-04-27 23:48:54,704 INFO graph [REC-2026-00169] GRAPH END timings={'guardrail_input': 592, 'triage': 1935, 'risk': 4917, 'report': 0, 'guardrail_output': 1154}
2026-04-27 20:48:54.704 | 2026-04-27 23:48:54,704 INFO graph [REC-2026-00176] GRAPH START
2026-04-27 20:48:54.706 | 2026-04-27 23:48:54,705 INFO graph [REC-2026-00176] AGENT=guardrail_input IN text_len=31
2026-04-27 20:48:54.855 | 2026-04-27 23:48:54,855 INFO agent.risk risk usou 4 trechos da política (top-k=4)
2026-04-27 20:48:54.855 | 2026-04-27 23:48:54,855 INFO graph [REC-2026-00172] AGENT=risk OUT in 6225ms level=Médio rag_chunks=4
2026-04-27 20:48:54.856 | 2026-04-27 23:48:54,856 INFO graph [REC-2026-00172] AGENT=report IN
2026-04-27 20:48:54.856 | 2026-04-27 23:48:54,856 INFO graph [REC-2026-00172] AGENT=report OUT in 0ms
2026-04-27 20:48:54.856 | 2026-04-27 23:48:54,856 INFO graph [REC-2026-00172] AGENT=guardrail_output IN
2026-04-27 20:48:55.253 | 2026-04-27 23:48:55,253 INFO agent.guardrail guardrail INPUT action=NONE
2026-04-27 20:48:55.253 | 2026-04-27 23:48:55,253 INFO graph [REC-2026-00176] AGENT=guardrail_input OUT in 548ms blocked=False reason=None
2026-04-27 20:48:55.254 | 2026-04-27 23:48:55,254 INFO graph [REC-2026-00176] AGENT=triage IN text_len=31 product_hint=None
2026-04-27 20:48:55.744 | 2026-04-27 23:48:55,744 INFO graph [REC-2026-00174] AGENT=triage OUT in 1672ms category=Atendimento product=Não Identificado urgency=Alta
2026-04-27 20:48:55.745 | 2026-04-27 23:48:55,745 INFO graph [REC-2026-00174] AGENT=risk IN triage_keys=['category', 'product', 'sentiment', 'urgency', 'summary']
2026-04-27 20:48:56.070 | 2026-04-27 23:48:56,070 INFO graph [REC-2026-00172] AGENT=guardrail_output OUT in 1214ms
2026-04-27 20:48:56.071 | 2026-04-27 23:48:56,071 INFO graph [REC-2026-00172] GRAPH END timings={'guardrail_input': 594, 'triage': 1560, 'risk': 6225, 'report': 0, 'guardrail_output': 1214}
2026-04-27 20:48:56.072 | 2026-04-27 23:48:56,071 INFO graph [REC-2026-00177] GRAPH START
2026-04-27 20:48:56.073 | 2026-04-27 23:48:56,072 INFO graph [REC-2026-00177] AGENT=guardrail_input IN text_len=53
2026-04-27 20:48:56.401 | 2026-04-27 23:48:56,401 INFO graph [REC-2026-00175] AGENT=triage OUT in 1748ms category=Produto/Serviço product=Seguros urgency=Média
2026-04-27 20:48:56.402 | 2026-04-27 23:48:56,402 INFO graph [REC-2026-00175] AGENT=risk IN triage_keys=['category', 'product', 'sentiment', 'urgency', 'summary']
2026-04-27 20:48:56.649 | 2026-04-27 23:48:56,648 INFO agent.guardrail guardrail INPUT action=NONE
2026-04-27 20:48:56.649 | 2026-04-27 23:48:56,649 INFO graph [REC-2026-00177] AGENT=guardrail_input OUT in 577ms blocked=False reason=None
2026-04-27 20:48:56.652 | 2026-04-27 23:48:56,650 INFO graph [REC-2026-00177] AGENT=triage IN text_len=53 product_hint=None
2026-04-27 20:48:59.161 | 2026-04-27 23:48:59,160 INFO graph [REC-2026-00176] AGENT=triage OUT in 3906ms category=Atendimento product=Não Identificado urgency=Alta
2026-04-27 20:48:59.162 | 2026-04-27 23:48:59,161 INFO graph [REC-2026-00176] AGENT=risk IN triage_keys=['category', 'product', 'sentiment', 'urgency', 'summary']
2026-04-27 20:49:00.414 | 2026-04-27 23:49:00,414 INFO agent.risk risk usou 4 trechos da política (top-k=4)
2026-04-27 20:49:00.414 | 2026-04-27 23:49:00,414 INFO graph [REC-2026-00174] AGENT=risk OUT in 4669ms level=Médio rag_chunks=4
2026-04-27 20:49:00.415 | 2026-04-27 23:49:00,415 INFO graph [REC-2026-00174] AGENT=report IN
2026-04-27 20:49:00.415 | 2026-04-27 23:49:00,415 INFO graph [REC-2026-00174] AGENT=report OUT in 0ms
2026-04-27 20:49:00.416 | 2026-04-27 23:49:00,415 INFO graph [REC-2026-00174] AGENT=guardrail_output IN
2026-04-27 20:49:01.138 | 2026-04-27 23:49:01,137 INFO agent.risk risk usou 4 trechos da política (top-k=4)
2026-04-27 20:49:01.138 | 2026-04-27 23:49:01,137 INFO graph [REC-2026-00175] AGENT=risk OUT in 4735ms level=Alto rag_chunks=4
2026-04-27 20:49:01.138 | 2026-04-27 23:49:01,138 INFO graph [REC-2026-00175] AGENT=report IN
2026-04-27 20:49:01.138 | 2026-04-27 23:49:01,138 INFO graph [REC-2026-00175] AGENT=report OUT in 0ms
2026-04-27 20:49:01.138 | 2026-04-27 23:49:01,138 INFO graph [REC-2026-00175] AGENT=guardrail_output IN
2026-04-27 20:49:01.767 | 2026-04-27 23:49:01,767 INFO graph [REC-2026-00174] AGENT=guardrail_output OUT in 1352ms
2026-04-27 20:49:01.768 | 2026-04-27 23:49:01,768 INFO graph [REC-2026-00174] GRAPH END timings={'guardrail_input': 582, 'triage': 1672, 'risk': 4669, 'report': 0, 'guardrail_output': 1352}
2026-04-27 20:49:01.770 | 2026-04-27 23:49:01,768 INFO graph [REC-2026-00178] GRAPH START
2026-04-27 20:49:01.771 | 2026-04-27 23:49:01,770 INFO graph [REC-2026-00178] AGENT=guardrail_input IN text_len=88
2026-04-27 20:49:02.293 | 2026-04-27 23:49:02,292 INFO graph [REC-2026-00175] AGENT=guardrail_output OUT in 1154ms
2026-04-27 20:49:02.293 | 2026-04-27 23:49:02,293 INFO graph [REC-2026-00175] GRAPH END timings={'guardrail_input': 632, 'triage': 1748, 'risk': 4735, 'report': 0, 'guardrail_output': 1154}
2026-04-27 20:49:02.293 | 2026-04-27 23:49:02,293 INFO graph [REC-2026-00179] GRAPH START
2026-04-27 20:49:02.295 | 2026-04-27 23:49:02,295 INFO graph [REC-2026-00179] AGENT=guardrail_input IN text_len=105
2026-04-27 20:49:02.371 | 2026-04-27 23:49:02,370 INFO agent.guardrail guardrail INPUT action=NONE
2026-04-27 20:49:02.371 | 2026-04-27 23:49:02,371 INFO graph [REC-2026-00178] AGENT=guardrail_input OUT in 601ms blocked=False reason=None
2026-04-27 20:49:02.372 | 2026-04-27 23:49:02,371 INFO graph [REC-2026-00178] AGENT=triage IN text_len=88 product_hint=None
2026-04-27 20:49:02.880 | 2026-04-27 23:49:02,880 INFO agent.guardrail guardrail INPUT action=NONE
2026-04-27 20:49:02.880 | 2026-04-27 23:49:02,880 INFO graph [REC-2026-00179] AGENT=guardrail_input OUT in 585ms blocked=False reason=None
2026-04-27 20:49:02.881 | 2026-04-27 23:49:02,881 INFO graph [REC-2026-00179] AGENT=triage IN text_len=105 product_hint=Cartão de Crédito
2026-04-27 20:49:03.315 | 2026-04-27 23:49:03,314 INFO agent.risk risk usou 4 trechos da política (top-k=4)
2026-04-27 20:49:03.315 | 2026-04-27 23:49:03,314 INFO graph [REC-2026-00176] AGENT=risk OUT in 4153ms level=Médio rag_chunks=4
2026-04-27 20:49:03.316 | 2026-04-27 23:49:03,315 INFO graph [REC-2026-00176] AGENT=report IN
2026-04-27 20:49:03.316 | 2026-04-27 23:49:03,316 INFO graph [REC-2026-00176] AGENT=report OUT in 1ms
2026-04-27 20:49:03.317 | 2026-04-27 23:49:03,316 INFO graph [REC-2026-00176] AGENT=guardrail_output IN
2026-04-27 20:49:04.491 | 2026-04-27 23:49:04,490 INFO graph [REC-2026-00176] AGENT=guardrail_output OUT in 1174ms
2026-04-27 20:49:04.491 | 2026-04-27 23:49:04,491 INFO graph [REC-2026-00176] GRAPH END timings={'guardrail_input': 548, 'triage': 3906, 'risk': 4153, 'report': 1, 'guardrail_output': 1174}
2026-04-27 20:49:04.491 | 2026-04-27 23:49:04,491 INFO graph [REC-2026-00180] GRAPH START
2026-04-27 20:49:04.492 | 2026-04-27 23:49:04,492 INFO graph [REC-2026-00180] AGENT=guardrail_input IN text_len=104
2026-04-27 20:49:04.599 | 2026-04-27 23:49:04,599 INFO graph [REC-2026-00179] AGENT=triage OUT in 1718ms category=Fraude/Segurança product=Cartão de Crédito urgency=Crítica
2026-04-27 20:49:04.599 | 2026-04-27 23:49:04,599 INFO graph [REC-2026-00179] AGENT=risk IN triage_keys=['category', 'product', 'sentiment', 'urgency', 'summary']
2026-04-27 20:49:04.921 | 2026-04-27 23:49:04,920 WARNING app [REC-2026-00173] tentativa 1/3 falhou — retry em 1s: An error occurred (ThrottlingException) when calling the InvokeModel operation (reached max retries: 4): Too many requests, please wait before trying again.
2026-04-27 20:49:05.091 | 2026-04-27 23:49:05,090 INFO agent.guardrail guardrail INPUT action=NONE
2026-04-27 20:49:05.091 | 2026-04-27 23:49:05,090 INFO graph [REC-2026-00180] AGENT=guardrail_input OUT in 598ms blocked=False reason=None
2026-04-27 20:49:05.092 | 2026-04-27 23:49:05,091 INFO graph [REC-2026-00180] AGENT=triage IN text_len=104 product_hint=Cartão de Crédito
2026-04-27 20:49:05.216 | 2026-04-27 23:49:05,215 WARNING app [REC-2026-00177] tentativa 1/3 falhou — retry em 1s: An error occurred (ThrottlingException) when calling the InvokeModel operation (reached max retries: 4): Too many requests, please wait before trying again.
2026-04-27 20:49:05.921 | 2026-04-27 23:49:05,921 INFO graph [REC-2026-00173] GRAPH START
2026-04-27 20:49:05.924 | 2026-04-27 23:49:05,923 INFO graph [REC-2026-00173] AGENT=guardrail_input IN text_len=109
2026-04-27 20:49:06.216 | 2026-04-27 23:49:06,216 INFO graph [REC-2026-00177] GRAPH START
2026-04-27 20:49:06.218 | 2026-04-27 23:49:06,218 INFO graph [REC-2026-00177] AGENT=guardrail_input IN text_len=53
2026-04-27 20:49:06.482 | 2026-04-27 23:49:06,481 INFO agent.guardrail guardrail INPUT action=NONE
2026-04-27 20:49:06.482 | 2026-04-27 23:49:06,481 INFO graph [REC-2026-00173] AGENT=guardrail_input OUT in 558ms blocked=False reason=None
2026-04-27 20:49:06.483 | 2026-04-27 23:49:06,482 INFO graph [REC-2026-00173] AGENT=triage IN text_len=109 product_hint=None
2026-04-27 20:49:06.819 | 2026-04-27 23:49:06,818 INFO agent.guardrail guardrail INPUT action=NONE
2026-04-27 20:49:06.819 | 2026-04-27 23:49:06,818 INFO graph [REC-2026-00177] AGENT=guardrail_input OUT in 600ms blocked=False reason=None
2026-04-27 20:49:06.820 | 2026-04-27 23:49:06,820 INFO graph [REC-2026-00177] AGENT=triage IN text_len=53 product_hint=None
2026-04-27 20:49:08.991 | 2026-04-27 23:49:08,990 INFO agent.risk risk usou 4 trechos da política (top-k=4)
2026-04-27 20:49:08.991 | 2026-04-27 23:49:08,991 INFO graph [REC-2026-00179] AGENT=risk OUT in 4392ms level=Crítico rag_chunks=4
2026-04-27 20:49:08.992 | 2026-04-27 23:49:08,992 INFO graph [REC-2026-00179] AGENT=report IN
2026-04-27 20:49:08.992 | 2026-04-27 23:49:08,992 INFO graph [REC-2026-00179] AGENT=report OUT in 0ms
2026-04-27 20:49:08.992 | 2026-04-27 23:49:08,992 INFO graph [REC-2026-00179] AGENT=guardrail_output IN
2026-04-27 20:49:09.641 | 2026-04-27 23:49:09,640 WARNING agent.guardrail guardrail OUTPUT bloqueou campo=summary — usando regex como fallback
2026-04-27 20:49:10.243 | 2026-04-27 23:49:10,243 INFO graph [REC-2026-00179] AGENT=guardrail_output OUT in 1251ms
2026-04-27 20:49:10.245 | 2026-04-27 23:49:10,244 INFO graph [REC-2026-00179] GRAPH END timings={'guardrail_input': 585, 'triage': 1718, 'risk': 4392, 'report': 0, 'guardrail_output': 1251}
2026-04-27 20:49:10.245 | 2026-04-27 23:49:10,244 INFO graph [REC-2026-00181] GRAPH START
2026-04-27 20:49:10.247 | 2026-04-27 23:49:10,247 INFO graph [REC-2026-00181] AGENT=guardrail_input IN text_len=95
2026-04-27 20:49:10.857 | 2026-04-27 23:49:10,856 INFO agent.guardrail guardrail INPUT action=NONE
2026-04-27 20:49:10.857 | 2026-04-27 23:49:10,856 INFO graph [REC-2026-00181] AGENT=guardrail_input OUT in 610ms blocked=False reason=None
2026-04-27 20:49:10.858 | 2026-04-27 23:49:10,858 INFO graph [REC-2026-00181] AGENT=triage IN text_len=95 product_hint=None
2026-04-27 20:49:10.926 | 2026-04-27 23:49:10,925 INFO graph [REC-2026-00173] AGENT=triage OUT in 4443ms category=Atendimento product=Não Identificado urgency=Baixa
2026-04-27 20:49:10.926 | 2026-04-27 23:49:10,926 INFO graph [REC-2026-00173] AGENT=risk IN triage_keys=['category', 'product', 'sentiment', 'urgency', 'summary']
2026-04-27 20:49:13.022 | 2026-04-27 23:49:13,022 WARNING app [REC-2026-00178] tentativa 1/3 falhou — retry em 1s: An error occurred (ThrottlingException) when calling the InvokeModel operation (reached max retries: 4): Too many requests, please wait before trying again.
2026-04-27 20:49:14.020 | 2026-04-27 23:49:14,020 INFO graph [REC-2026-00178] GRAPH START
2026-04-27 20:49:14.021 | 2026-04-27 23:49:14,021 INFO graph [REC-2026-00178] AGENT=guardrail_input IN text_len=88
2026-04-27 20:49:14.633 | 2026-04-27 23:49:14,632 INFO agent.guardrail guardrail INPUT action=NONE
2026-04-27 20:49:14.633 | 2026-04-27 23:49:14,632 INFO graph [REC-2026-00178] AGENT=guardrail_input OUT in 611ms blocked=False reason=None
2026-04-27 20:49:14.634 | 2026-04-27 23:49:14,633 INFO graph [REC-2026-00178] AGENT=triage IN text_len=88 product_hint=None
2026-04-27 20:49:15.756 | 2026-04-27 23:49:15,756 INFO agent.risk risk usou 4 trechos da política (top-k=4)
2026-04-27 20:49:15.757 | 2026-04-27 23:49:15,756 INFO graph [REC-2026-00173] AGENT=risk OUT in 4830ms level=Baixo rag_chunks=4
2026-04-27 20:49:15.758 | 2026-04-27 23:49:15,757 INFO graph [REC-2026-00173] AGENT=report IN
2026-04-27 20:49:15.758 | 2026-04-27 23:49:15,757 INFO graph [REC-2026-00173] AGENT=report OUT in 0ms
2026-04-27 20:49:15.758 | 2026-04-27 23:49:15,758 INFO graph [REC-2026-00173] AGENT=guardrail_output IN
2026-04-27 20:49:16.175 | 2026-04-27 23:49:16,174 WARNING app [REC-2026-00180] tentativa 1/3 falhou — retry em 1s: An error occurred (ThrottlingException) when calling the InvokeModel operation (reached max retries: 4): Too many requests, please wait before trying again.
2026-04-27 20:49:16.719 | 2026-04-27 23:49:16,718 WARNING app [REC-2026-00177] tentativa 2/3 falhou — retry em 2s: An error occurred (ThrottlingException) when calling the InvokeModel operation (reached max retries: 4): Too many requests, please wait before trying again.
2026-04-27 20:49:17.066 | 2026-04-27 23:49:17,066 INFO graph [REC-2026-00181] AGENT=triage OUT in 6208ms category=Outros product=Cartão de Crédito urgency=Baixa
2026-04-27 20:49:17.067 | 2026-04-27 23:49:17,067 INFO graph [REC-2026-00181] AGENT=risk IN triage_keys=['category', 'product', 'sentiment', 'urgency', 'summary']
2026-04-27 20:49:17.175 | 2026-04-27 23:49:17,175 INFO graph [REC-2026-00180] GRAPH START
2026-04-27 20:49:17.177 | 2026-04-27 23:49:17,176 INFO graph [REC-2026-00180] AGENT=guardrail_input IN text_len=104
2026-04-27 20:49:17.209 | 2026-04-27 23:49:17,208 INFO graph [REC-2026-00173] AGENT=guardrail_output OUT in 1450ms
2026-04-27 20:49:17.209 | 2026-04-27 23:49:17,209 INFO graph [REC-2026-00173] GRAPH END timings={'guardrail_input': 558, 'triage': 4443, 'risk': 4830, 'report': 0, 'guardrail_output': 1450}
2026-04-27 20:49:17.209 | 2026-04-27 23:49:17,209 INFO graph [REC-2026-00182] GRAPH START
2026-04-27 20:49:17.210 | 2026-04-27 23:49:17,210 INFO graph [REC-2026-00182] AGENT=guardrail_input IN text_len=20
2026-04-27 20:49:17.748 | 2026-04-27 23:49:17,747 INFO agent.guardrail guardrail INPUT action=NONE
2026-04-27 20:49:17.748 | 2026-04-27 23:49:17,748 INFO graph [REC-2026-00180] AGENT=guardrail_input OUT in 572ms blocked=False reason=None
2026-04-27 20:49:17.749 | 2026-04-27 23:49:17,748 INFO graph [REC-2026-00180] AGENT=triage IN text_len=104 product_hint=Cartão de Crédito
2026-04-27 20:49:17.843 | 2026-04-27 23:49:17,843 INFO agent.guardrail guardrail INPUT action=NONE
2026-04-27 20:49:17.843 | 2026-04-27 23:49:17,843 INFO graph [REC-2026-00182] AGENT=guardrail_input OUT in 633ms blocked=False reason=None
2026-04-27 20:49:17.844 | 2026-04-27 23:49:17,844 INFO graph [REC-2026-00182] AGENT=triage IN text_len=20 product_hint=None
2026-04-27 20:49:18.720 | 2026-04-27 23:49:18,719 INFO graph [REC-2026-00177] GRAPH START
2026-04-27 20:49:18.721 | 2026-04-27 23:49:18,721 INFO graph [REC-2026-00177] AGENT=guardrail_input IN text_len=53
2026-04-27 20:49:19.300 | 2026-04-27 23:49:19,299 INFO agent.guardrail guardrail INPUT action=NONE
2026-04-27 20:49:19.300 | 2026-04-27 23:49:19,299 INFO graph [REC-2026-00177] AGENT=guardrail_input OUT in 578ms blocked=False reason=None
2026-04-27 20:49:19.301 | 2026-04-27 23:49:19,301 INFO graph [REC-2026-00177] AGENT=triage IN text_len=53 product_hint=None
2026-04-27 20:49:20.653 | 2026-04-27 23:49:20,653 INFO agent.risk risk usou 4 trechos da política (top-k=4)
2026-04-27 20:49:20.653 | 2026-04-27 23:49:20,653 INFO graph [REC-2026-00181] AGENT=risk OUT in 3586ms level=Baixo rag_chunks=4
2026-04-27 20:49:20.653 | 2026-04-27 23:49:20,653 INFO graph [REC-2026-00181] AGENT=report IN
2026-04-27 20:49:20.654 | 2026-04-27 23:49:20,653 INFO graph [REC-2026-00181] AGENT=report OUT in 0ms
2026-04-27 20:49:20.654 | 2026-04-27 23:49:20,654 INFO graph [REC-2026-00181] AGENT=guardrail_output IN
2026-04-27 20:49:21.889 | 2026-04-27 23:49:21,888 INFO graph [REC-2026-00181] AGENT=guardrail_output OUT in 1234ms
2026-04-27 20:49:21.890 | 2026-04-27 23:49:21,889 INFO graph [REC-2026-00181] GRAPH END timings={'guardrail_input': 610, 'triage': 6208, 'risk': 3586, 'report': 0, 'guardrail_output': 1234}
2026-04-27 20:49:21.890 | 2026-04-27 23:49:21,890 INFO graph [REC-2026-00183] GRAPH START
2026-04-27 20:49:21.892 | 2026-04-27 23:49:21,892 INFO graph [REC-2026-00183] AGENT=guardrail_input IN text_len=83
2026-04-27 20:49:22.504 | 2026-04-27 23:49:22,502 INFO agent.guardrail guardrail INPUT action=NONE
2026-04-27 20:49:22.504 | 2026-04-27 23:49:22,503 INFO graph [REC-2026-00183] AGENT=guardrail_input OUT in 612ms blocked=False reason=None
2026-04-27 20:49:22.505 | 2026-04-27 23:49:22,505 INFO graph [REC-2026-00183] AGENT=triage IN text_len=83 product_hint=None
2026-04-27 20:49:22.921 | 2026-04-27 23:49:22,921 INFO graph [REC-2026-00178] AGENT=triage OUT in 8288ms category=Produto/Serviço product=Não Identificado urgency=Média
2026-04-27 20:49:22.921 | 2026-04-27 23:49:22,921 INFO graph [REC-2026-00178] AGENT=risk IN triage_keys=['category', 'product', 'sentiment', 'urgency', 'summary']
2026-04-27 20:49:26.844 | 2026-04-27 23:49:26,844 ERROR app [REC-2026-00177] todas 3 tentativas falharam: An error occurred (ThrottlingException) when calling the InvokeModel operation (reached max retries: 4): Too many requests, please wait before trying again.
2026-04-27 20:49:26.844 | 2026-04-27 23:49:26,844 WARNING app [REC-2026-00177] throttling — agendado para próximo passe
2026-04-27 20:49:26.844 | 2026-04-27 23:49:26,844 INFO graph [REC-2026-00184] GRAPH START
2026-04-27 20:49:26.846 | 2026-04-27 23:49:26,846 INFO graph [REC-2026-00184] AGENT=guardrail_input IN text_len=54
2026-04-27 20:49:26.865 | 2026-04-27 23:49:26,865 INFO agent.risk risk usou 4 trechos da política (top-k=4)
2026-04-27 20:49:26.865 | 2026-04-27 23:49:26,865 INFO graph [REC-2026-00178] AGENT=risk OUT in 3944ms level=Baixo rag_chunks=4
2026-04-27 20:49:26.866 | 2026-04-27 23:49:26,866 INFO graph [REC-2026-00178] AGENT=report IN
2026-04-27 20:49:26.866 | 2026-04-27 23:49:26,866 INFO graph [REC-2026-00178] AGENT=report OUT in 0ms
2026-04-27 20:49:26.867 | 2026-04-27 23:49:26,867 INFO graph [REC-2026-00178] AGENT=guardrail_output IN
2026-04-27 20:49:27.594 | 2026-04-27 23:49:27,593 INFO agent.guardrail guardrail INPUT action=NONE
2026-04-27 20:49:27.594 | 2026-04-27 23:49:27,593 INFO graph [REC-2026-00184] AGENT=guardrail_input OUT in 747ms blocked=False reason=None
2026-04-27 20:49:27.595 | 2026-04-27 23:49:27,594 INFO graph [REC-2026-00184] AGENT=triage IN text_len=54 product_hint=None
2026-04-27 20:49:28.536 | 2026-04-27 23:49:28,536 INFO graph [REC-2026-00178] AGENT=guardrail_output OUT in 1669ms
2026-04-27 20:49:28.537 | 2026-04-27 23:49:28,537 INFO graph [REC-2026-00178] GRAPH END timings={'guardrail_input': 611, 'triage': 8288, 'risk': 3944, 'report': 0, 'guardrail_output': 1669}
2026-04-27 20:49:28.537 | 2026-04-27 23:49:28,537 INFO graph [REC-2026-00185] GRAPH START
2026-04-27 20:49:28.538 | 2026-04-27 23:49:28,538 INFO graph [REC-2026-00185] AGENT=guardrail_input IN text_len=85
2026-04-27 20:49:28.931 | 2026-04-27 23:49:28,930 WARNING app [REC-2026-00182] tentativa 1/3 falhou — retry em 1s: An error occurred (ThrottlingException) when calling the InvokeModel operation (reached max retries: 4): Too many requests, please wait before trying again.
2026-04-27 20:49:29.194 | 2026-04-27 23:49:29,194 INFO graph [REC-2026-00184] AGENT=triage OUT in 1600ms category=Outros product=Não Identificado urgency=Baixa
2026-04-27 20:49:29.195 | 2026-04-27 23:49:29,195 INFO graph [REC-2026-00184] AGENT=risk IN triage_keys=['category', 'product', 'sentiment', 'urgency', 'summary']
2026-04-27 20:49:29.239 | 2026-04-27 23:49:29,239 INFO agent.guardrail guardrail INPUT action=NONE
2026-04-27 20:49:29.239 | 2026-04-27 23:49:29,239 INFO graph [REC-2026-00185] AGENT=guardrail_input OUT in 701ms blocked=False reason=None
2026-04-27 20:49:29.240 | 2026-04-27 23:49:29,240 INFO graph [REC-2026-00185] AGENT=triage IN text_len=85 product_hint=None
2026-04-27 20:49:29.931 | 2026-04-27 23:49:29,930 INFO graph [REC-2026-00182] GRAPH START
2026-04-27 20:49:29.932 | 2026-04-27 23:49:29,932 INFO graph [REC-2026-00182] AGENT=guardrail_input IN text_len=20
2026-04-27 20:49:30.535 | 2026-04-27 23:49:30,534 INFO agent.guardrail guardrail INPUT action=NONE
2026-04-27 20:49:30.535 | 2026-04-27 23:49:30,534 INFO graph [REC-2026-00182] AGENT=guardrail_input OUT in 602ms blocked=False reason=None
2026-04-27 20:49:30.535 | 2026-04-27 23:49:30,535 INFO graph [REC-2026-00182] AGENT=triage IN text_len=20 product_hint=None
2026-04-27 20:49:31.232 | 2026-04-27 23:49:31,232 WARNING app [REC-2026-00180] tentativa 2/3 falhou — retry em 2s: An error occurred (ThrottlingException) when calling the InvokeModel operation (reached max retries: 4): Too many requests, please wait before trying again.
2026-04-27 20:49:33.031 | 2026-04-27 23:49:33,031 INFO agent.risk risk usou 4 trechos da política (top-k=4)
2026-04-27 20:49:33.031 | 2026-04-27 23:49:33,031 INFO graph [REC-2026-00184] AGENT=risk OUT in 3836ms level=Baixo rag_chunks=4
2026-04-27 20:49:33.032 | 2026-04-27 23:49:33,031 INFO graph [REC-2026-00184] AGENT=report IN
2026-04-27 20:49:33.032 | 2026-04-27 23:49:33,032 INFO graph [REC-2026-00184] AGENT=report OUT in 1ms
2026-04-27 20:49:33.032 | 2026-04-27 23:49:33,032 INFO graph [REC-2026-00184] AGENT=guardrail_output IN
2026-04-27 20:49:33.233 | 2026-04-27 23:49:33,232 INFO graph [REC-2026-00180] GRAPH START
2026-04-27 20:49:33.235 | 2026-04-27 23:49:33,235 INFO graph [REC-2026-00180] AGENT=guardrail_input IN text_len=104
2026-04-27 20:49:33.824 | 2026-04-27 23:49:33,823 INFO agent.guardrail guardrail INPUT action=NONE
2026-04-27 20:49:33.824 | 2026-04-27 23:49:33,824 INFO graph [REC-2026-00180] AGENT=guardrail_input OUT in 589ms blocked=False reason=None
2026-04-27 20:49:33.825 | 2026-04-27 23:49:33,824 INFO graph [REC-2026-00180] AGENT=triage IN text_len=104 product_hint=Cartão de Crédito
2026-04-27 20:49:34.254 | 2026-04-27 23:49:34,253 INFO graph [REC-2026-00184] AGENT=guardrail_output OUT in 1221ms
2026-04-27 20:49:34.254 | 2026-04-27 23:49:34,254 INFO graph [REC-2026-00184] GRAPH END timings={'guardrail_input': 747, 'triage': 1600, 'risk': 3836, 'report': 1, 'guardrail_output': 1221}
2026-04-27 20:49:34.254 | 2026-04-27 23:49:34,254 INFO graph [REC-2026-00186] GRAPH START
2026-04-27 20:49:34.255 | 2026-04-27 23:49:34,255 INFO graph [REC-2026-00186] AGENT=guardrail_input IN text_len=54
2026-04-27 20:49:34.845 | 2026-04-27 23:49:34,844 INFO agent.guardrail guardrail INPUT action=NONE
2026-04-27 20:49:34.845 | 2026-04-27 23:49:34,844 INFO graph [REC-2026-00186] AGENT=guardrail_input OUT in 589ms blocked=False reason=None
2026-04-27 20:49:34.845 | 2026-04-27 23:49:34,845 INFO graph [REC-2026-00186] AGENT=triage IN text_len=54 product_hint=None
2026-04-27 20:49:35.466 | 2026-04-27 23:49:35,465 INFO graph [REC-2026-00180] AGENT=triage OUT in 1641ms category=Fraude/Segurança product=Cartão de Crédito urgency=Crítica
2026-04-27 20:49:35.466 | 2026-04-27 23:49:35,466 INFO graph [REC-2026-00180] AGENT=risk IN triage_keys=['category', 'product', 'sentiment', 'urgency', 'summary']
2026-04-27 20:49:36.740 | 2026-04-27 23:49:36,740 WARNING app [REC-2026-00183] tentativa 1/3 falhou — retry em 1s: An error occurred (ThrottlingException) when calling the InvokeModel operation (reached max retries: 4): Too many requests, please wait before trying again.
2026-04-27 20:49:37.740 | 2026-04-27 23:49:37,740 INFO graph [REC-2026-00183] GRAPH START
2026-04-27 20:49:37.741 | 2026-04-27 23:49:37,741 INFO graph [REC-2026-00183] AGENT=guardrail_input IN text_len=83
2026-04-27 20:49:38.083 | 2026-04-27 23:49:38,082 WARNING app [REC-2026-00185] tentativa 1/3 falhou — retry em 1s: An error occurred (ThrottlingException) when calling the InvokeModel operation (reached max retries: 4): Too many requests, please wait before trying again.
2026-04-27 20:49:38.311 | 2026-04-27 23:49:38,310 INFO agent.guardrail guardrail INPUT action=NONE
2026-04-27 20:49:38.311 | 2026-04-27 23:49:38,311 INFO graph [REC-2026-00183] AGENT=guardrail_input OUT in 570ms blocked=False reason=None
2026-04-27 20:49:38.311 | 2026-04-27 23:49:38,311 INFO graph [REC-2026-00183] AGENT=triage IN text_len=83 product_hint=None
2026-04-27 20:49:38.704 | 2026-04-27 23:49:38,703 WARNING app [REC-2026-00182] tentativa 2/3 falhou — retry em 2s: An error occurred (ThrottlingException) when calling the InvokeModel operation (reached max retries: 4): Too many requests, please wait before trying again.
2026-04-27 20:49:39.083 | 2026-04-27 23:49:39,083 INFO graph [REC-2026-00185] GRAPH START
2026-04-27 20:49:39.084 | 2026-04-27 23:49:39,084 INFO graph [REC-2026-00185] AGENT=guardrail_input IN text_len=85
2026-04-27 20:49:39.637 | 2026-04-27 23:49:39,637 INFO agent.guardrail guardrail INPUT action=NONE
2026-04-27 20:49:39.637 | 2026-04-27 23:49:39,637 INFO graph [REC-2026-00185] AGENT=guardrail_input OUT in 553ms blocked=False reason=None
2026-04-27 20:49:39.638 | 2026-04-27 23:49:39,637 INFO graph [REC-2026-00185] AGENT=triage IN text_len=85 product_hint=None
2026-04-27 20:49:40.145 | 2026-04-27 23:49:40,145 INFO agent.risk risk usou 4 trechos da política (top-k=4)
2026-04-27 20:49:40.146 | 2026-04-27 23:49:40,145 INFO graph [REC-2026-00180] AGENT=risk OUT in 4679ms level=Crítico rag_chunks=4
2026-04-27 20:49:40.146 | 2026-04-27 23:49:40,146 INFO graph [REC-2026-00180] AGENT=report IN
2026-04-27 20:49:40.146 | 2026-04-27 23:49:40,146 INFO graph [REC-2026-00180] AGENT=report OUT in 0ms
2026-04-27 20:49:40.147 | 2026-04-27 23:49:40,146 INFO graph [REC-2026-00180] AGENT=guardrail_output IN
2026-04-27 20:49:40.696 | 2026-04-27 23:49:40,696 INFO graph [REC-2026-00183] AGENT=triage OUT in 2385ms category=Atendimento product=Não Identificado urgency=Baixa
2026-04-27 20:49:40.697 | 2026-04-27 23:49:40,697 INFO graph [REC-2026-00183] AGENT=risk IN triage_keys=['category', 'product', 'sentiment', 'urgency', 'summary']
2026-04-27 20:49:40.704 | 2026-04-27 23:49:40,704 INFO graph [REC-2026-00182] GRAPH START
2026-04-27 20:49:40.705 | 2026-04-27 23:49:40,705 INFO graph [REC-2026-00182] AGENT=guardrail_input IN text_len=20
2026-04-27 20:49:40.738 | 2026-04-27 23:49:40,738 WARNING agent.guardrail guardrail OUTPUT bloqueou campo=summary — usando regex como fallback
2026-04-27 20:49:41.308 | 2026-04-27 23:49:41,307 INFO agent.guardrail guardrail INPUT action=NONE
2026-04-27 20:49:41.308 | 2026-04-27 23:49:41,307 INFO graph [REC-2026-00182] AGENT=guardrail_input OUT in 602ms blocked=False reason=None
2026-04-27 20:49:41.308 | 2026-04-27 23:49:41,308 INFO graph [REC-2026-00182] AGENT=triage IN text_len=20 product_hint=None
2026-04-27 20:49:41.370 | 2026-04-27 23:49:41,369 INFO graph [REC-2026-00180] AGENT=guardrail_output OUT in 1223ms
2026-04-27 20:49:41.370 | 2026-04-27 23:49:41,370 INFO graph [REC-2026-00180] GRAPH END timings={'guardrail_input': 589, 'triage': 1641, 'risk': 4679, 'report': 0, 'guardrail_output': 1223}
2026-04-27 20:49:41.370 | 2026-04-27 23:49:41,370 INFO graph [REC-2026-00187] GRAPH START
2026-04-27 20:49:41.371 | 2026-04-27 23:49:41,371 INFO graph [REC-2026-00187] AGENT=guardrail_input IN text_len=63
2026-04-27 20:49:41.979 | 2026-04-27 23:49:41,978 INFO agent.guardrail guardrail INPUT action=NONE
2026-04-27 20:49:41.979 | 2026-04-27 23:49:41,979 INFO graph [REC-2026-00187] AGENT=guardrail_input OUT in 608ms blocked=False reason=None
2026-04-27 20:49:41.980 | 2026-04-27 23:49:41,980 INFO graph [REC-2026-00187] AGENT=triage IN text_len=63 product_hint=None
2026-04-27 20:49:42.205 | 2026-04-27 23:49:42,204 WARNING app [REC-2026-00186] tentativa 1/3 falhou — retry em 1s: An error occurred (ThrottlingException) when calling the InvokeModel operation (reached max retries: 4): Too many requests, please wait before trying again.
2026-04-27 20:49:43.205 | 2026-04-27 23:49:43,205 INFO graph [REC-2026-00186] GRAPH START
2026-04-27 20:49:43.206 | 2026-04-27 23:49:43,206 INFO graph [REC-2026-00186] AGENT=guardrail_input IN text_len=54
2026-04-27 20:49:43.794 | 2026-04-27 23:49:43,793 INFO agent.guardrail guardrail INPUT action=NONE
2026-04-27 20:49:43.794 | 2026-04-27 23:49:43,793 INFO graph [REC-2026-00186] AGENT=guardrail_input OUT in 587ms blocked=False reason=None
2026-04-27 20:49:43.794 | 2026-04-27 23:49:43,794 INFO graph [REC-2026-00186] AGENT=triage IN text_len=54 product_hint=None
2026-04-27 20:49:43.823 | 2026-04-27 23:49:43,823 ERROR app [REC-2026-00182] todas 3 tentativas falharam: An error occurred (ThrottlingException) when calling the InvokeModel operation (reached max retries: 4): Too many requests, please wait before trying again.
2026-04-27 20:49:43.823 | 2026-04-27 23:49:43,823 WARNING app [REC-2026-00182] throttling — agendado para próximo passe
2026-04-27 20:49:43.823 | 2026-04-27 23:49:43,823 INFO graph [REC-2026-00188] GRAPH START
2026-04-27 20:49:43.824 | 2026-04-27 23:49:43,824 INFO graph [REC-2026-00188] AGENT=guardrail_input IN text_len=124
2026-04-27 20:49:44.336 | 2026-04-27 23:49:44,335 INFO agent.risk risk usou 4 trechos da política (top-k=4)
2026-04-27 20:49:44.336 | 2026-04-27 23:49:44,336 INFO graph [REC-2026-00183] AGENT=risk OUT in 3639ms level=Baixo rag_chunks=4
2026-04-27 20:49:44.336 | 2026-04-27 23:49:44,336 INFO graph [REC-2026-00183] AGENT=report IN
2026-04-27 20:49:44.336 | 2026-04-27 23:49:44,336 INFO graph [REC-2026-00183] AGENT=report OUT in 0ms
2026-04-27 20:49:44.337 | 2026-04-27 23:49:44,336 INFO graph [REC-2026-00183] AGENT=guardrail_output IN
2026-04-27 20:49:44.437 | 2026-04-27 23:49:44,436 INFO agent.guardrail guardrail INPUT action=NONE
2026-04-27 20:49:44.437 | 2026-04-27 23:49:44,437 INFO graph [REC-2026-00188] AGENT=guardrail_input OUT in 613ms blocked=False reason=None
2026-04-27 20:49:44.438 | 2026-04-27 23:49:44,437 INFO graph [REC-2026-00188] AGENT=triage IN text_len=124 product_hint=Cartão de Crédito
2026-04-27 20:49:45.658 | 2026-04-27 23:49:45,657 INFO graph [REC-2026-00183] AGENT=guardrail_output OUT in 1321ms
2026-04-27 20:49:45.658 | 2026-04-27 23:49:45,658 INFO graph [REC-2026-00183] GRAPH END timings={'guardrail_input': 570, 'triage': 2385, 'risk': 3639, 'report': 0, 'guardrail_output': 1321}
2026-04-27 20:49:45.658 | 2026-04-27 23:49:45,658 INFO graph [REC-2026-00189] GRAPH START
2026-04-27 20:49:45.659 | 2026-04-27 23:49:45,659 INFO graph [REC-2026-00189] AGENT=guardrail_input IN text_len=82
2026-04-27 20:49:46.266 | 2026-04-27 23:49:46,266 INFO agent.guardrail guardrail INPUT action=NONE
2026-04-27 20:49:46.266 | 2026-04-27 23:49:46,266 INFO graph [REC-2026-00189] AGENT=guardrail_input OUT in 607ms blocked=False reason=None
2026-04-27 20:49:46.267 | 2026-04-27 23:49:46,267 INFO graph [REC-2026-00189] AGENT=triage IN text_len=82 product_hint=Poupança
2026-04-27 20:49:46.674 | 2026-04-27 23:49:46,674 INFO graph [REC-2026-00186] AGENT=triage OUT in 2880ms category=Outros product=Não Identificado urgency=Baixa
2026-04-27 20:49:46.674 | 2026-04-27 23:49:46,674 INFO graph [REC-2026-00186] AGENT=risk IN triage_keys=['category', 'product', 'sentiment', 'urgency', 'summary']
2026-04-27 20:49:49.767 | 2026-04-27 23:49:49,766 INFO agent.risk risk usou 4 trechos da política (top-k=4)
2026-04-27 20:49:49.767 | 2026-04-27 23:49:49,767 INFO graph [REC-2026-00186] AGENT=risk OUT in 3093ms level=Baixo rag_chunks=4
2026-04-27 20:49:49.768 | 2026-04-27 23:49:49,768 INFO graph [REC-2026-00186] AGENT=report IN
2026-04-27 20:49:49.768 | 2026-04-27 23:49:49,768 INFO graph [REC-2026-00186] AGENT=report OUT in 0ms
2026-04-27 20:49:49.768 | 2026-04-27 23:49:49,768 INFO graph [REC-2026-00186] AGENT=guardrail_output IN
2026-04-27 20:49:50.357 | 2026-04-27 23:49:50,357 WARNING app [REC-2026-00185] tentativa 2/3 falhou — retry em 2s: An error occurred (ThrottlingException) when calling the InvokeModel operation (reached max retries: 4): Too many requests, please wait before trying again.
2026-04-27 20:49:50.990 | 2026-04-27 23:49:50,990 WARNING agent.guardrail guardrail OUTPUT bloqueou campo=risk_justification — usando regex como fallback
2026-04-27 20:49:50.990 | 2026-04-27 23:49:50,990 INFO graph [REC-2026-00186] AGENT=guardrail_output OUT in 1222ms
2026-04-27 20:49:50.990 | 2026-04-27 23:49:50,990 INFO graph [REC-2026-00186] GRAPH END timings={'guardrail_input': 587, 'triage': 2880, 'risk': 3093, 'report': 0, 'guardrail_output': 1222}
2026-04-27 20:49:50.991 | 2026-04-27 23:49:50,990 INFO graph [REC-2026-00190] GRAPH START
2026-04-27 20:49:50.992 | 2026-04-27 23:49:50,991 INFO graph [REC-2026-00190] AGENT=guardrail_input IN text_len=92
2026-04-27 20:49:51.601 | 2026-04-27 23:49:51,600 INFO agent.guardrail guardrail INPUT action=NONE
2026-04-27 20:49:51.601 | 2026-04-27 23:49:51,601 INFO graph [REC-2026-00190] AGENT=guardrail_input OUT in 610ms blocked=False reason=None
2026-04-27 20:49:51.601 | 2026-04-27 23:49:51,601 INFO graph [REC-2026-00190] AGENT=triage IN text_len=92 product_hint=Conta Corrente
2026-04-27 20:49:52.357 | 2026-04-27 23:49:52,357 INFO graph [REC-2026-00185] GRAPH START
2026-04-27 20:49:52.359 | 2026-04-27 23:49:52,358 INFO graph [REC-2026-00185] AGENT=guardrail_input IN text_len=85
2026-04-27 20:49:52.649 | 2026-04-27 23:49:52,649 INFO graph [REC-2026-00189] AGENT=triage OUT in 6382ms category=Produto/Serviço product=Não Identificado urgency=Baixa
2026-04-27 20:49:52.650 | 2026-04-27 23:49:52,649 INFO graph [REC-2026-00189] AGENT=risk IN triage_keys=['category', 'product', 'sentiment', 'urgency', 'summary']
2026-04-27 20:49:52.923 | 2026-04-27 23:49:52,922 INFO agent.guardrail guardrail INPUT action=NONE
2026-04-27 20:49:52.923 | 2026-04-27 23:49:52,922 INFO graph [REC-2026-00185] AGENT=guardrail_input OUT in 564ms blocked=False reason=None
2026-04-27 20:49:52.923 | 2026-04-27 23:49:52,923 INFO graph [REC-2026-00185] AGENT=triage IN text_len=85 product_hint=None
2026-04-27 20:49:53.249 | 2026-04-27 23:49:53,249 WARNING app [REC-2026-00187] tentativa 1/3 falhou — retry em 1s: An error occurred (ThrottlingException) when calling the InvokeModel operation (reached max retries: 4): Too many requests, please wait before trying again.
2026-04-27 20:49:54.242 | 2026-04-27 23:49:54,241 WARNING app [REC-2026-00188] tentativa 1/3 falhou — retry em 1s: An error occurred (ThrottlingException) when calling the InvokeModel operation (reached max retries: 4): Too many requests, please wait before trying again.
2026-04-27 20:49:54.250 | 2026-04-27 23:49:54,249 INFO graph [REC-2026-00187] GRAPH START
2026-04-27 20:49:54.251 | 2026-04-27 23:49:54,251 INFO graph [REC-2026-00187] AGENT=guardrail_input IN text_len=63
2026-04-27 20:49:54.851 | 2026-04-27 23:49:54,850 INFO agent.guardrail guardrail INPUT action=NONE
2026-04-27 20:49:54.851 | 2026-04-27 23:49:54,850 INFO graph [REC-2026-00187] AGENT=guardrail_input OUT in 599ms blocked=False reason=None
2026-04-27 20:49:54.852 | 2026-04-27 23:49:54,852 INFO graph [REC-2026-00187] AGENT=triage IN text_len=63 product_hint=None
2026-04-27 20:49:55.242 | 2026-04-27 23:49:55,242 INFO graph [REC-2026-00188] GRAPH START
2026-04-27 20:49:55.244 | 2026-04-27 23:49:55,244 INFO graph [REC-2026-00188] AGENT=guardrail_input IN text_len=124
2026-04-27 20:49:55.813 | 2026-04-27 23:49:55,812 INFO agent.guardrail guardrail INPUT action=NONE
2026-04-27 20:49:55.813 | 2026-04-27 23:49:55,812 INFO graph [REC-2026-00188] AGENT=guardrail_input OUT in 568ms blocked=False reason=None
2026-04-27 20:49:55.813 | 2026-04-27 23:49:55,813 INFO graph [REC-2026-00188] AGENT=triage IN text_len=124 product_hint=Cartão de Crédito
2026-04-27 20:49:56.873 | 2026-04-27 23:49:56,872 INFO agent.risk risk usou 4 trechos da política (top-k=4)
2026-04-27 20:49:56.873 | 2026-04-27 23:49:56,872 INFO graph [REC-2026-00189] AGENT=risk OUT in 4223ms level=Baixo rag_chunks=4
2026-04-27 20:49:56.873 | 2026-04-27 23:49:56,873 INFO graph [REC-2026-00189] AGENT=report IN
2026-04-27 20:49:56.873 | 2026-04-27 23:49:56,873 INFO graph [REC-2026-00189] AGENT=report OUT in 0ms
2026-04-27 20:49:56.874 | 2026-04-27 23:49:56,873 INFO graph [REC-2026-00189] AGENT=guardrail_output IN
2026-04-27 20:49:58.013 | 2026-04-27 23:49:58,012 WARNING agent.guardrail guardrail OUTPUT bloqueou campo=risk_justification — usando regex como fallback
2026-04-27 20:49:58.013 | 2026-04-27 23:49:58,013 INFO graph [REC-2026-00189] AGENT=guardrail_output OUT in 1140ms
2026-04-27 20:49:58.014 | 2026-04-27 23:49:58,013 INFO graph [REC-2026-00189] GRAPH END timings={'guardrail_input': 607, 'triage': 6382, 'risk': 4223, 'report': 0, 'guardrail_output': 1140}
2026-04-27 20:49:58.014 | 2026-04-27 23:49:58,014 INFO graph [REC-2026-00191] GRAPH START
2026-04-27 20:49:58.015 | 2026-04-27 23:49:58,014 INFO graph [REC-2026-00191] AGENT=guardrail_input IN text_len=100
2026-04-27 20:49:58.600 | 2026-04-27 23:49:58,600 INFO agent.guardrail guardrail INPUT action=NONE
2026-04-27 20:49:58.600 | 2026-04-27 23:49:58,600 INFO graph [REC-2026-00191] AGENT=guardrail_input OUT in 586ms blocked=False reason=None
2026-04-27 20:49:58.601 | 2026-04-27 23:49:58,600 INFO graph [REC-2026-00191] AGENT=triage IN text_len=100 product_hint=Cartão de Crédito
2026-04-27 20:49:58.944 | 2026-04-27 23:49:58,943 INFO graph [REC-2026-00190] AGENT=triage OUT in 7342ms category=Cobrança Indevida product=Conta Corrente urgency=Alta
2026-04-27 20:49:58.944 | 2026-04-27 23:49:58,944 INFO graph [REC-2026-00190] AGENT=risk IN triage_keys=['category', 'product', 'sentiment', 'urgency', 'summary']
2026-04-27 20:50:02.002 | 2026-04-27 23:50:02,002 WARNING app [REC-2026-00191] tentativa 1/3 falhou — retry em 1s: An error occurred (ThrottlingException) when calling the InvokeModel operation (reached max retries: 4): Too many requests, please wait before trying again.
2026-04-27 20:50:02.606 | 2026-04-27 23:50:02,606 WARNING app [REC-2026-00188] tentativa 2/3 falhou — retry em 2s: An error occurred (ThrottlingException) when calling the InvokeModel operation (reached max retries: 4): Too many requests, please wait before trying again.
2026-04-27 20:50:03.002 | 2026-04-27 23:50:03,002 INFO graph [REC-2026-00191] GRAPH START
2026-04-27 20:50:03.003 | 2026-04-27 23:50:03,003 INFO graph [REC-2026-00191] AGENT=guardrail_input IN text_len=100
2026-04-27 20:50:03.620 | 2026-04-27 23:50:03,619 INFO agent.guardrail guardrail INPUT action=NONE
2026-04-27 20:50:03.620 | 2026-04-27 23:50:03,619 INFO graph [REC-2026-00191] AGENT=guardrail_input OUT in 616ms blocked=False reason=None
2026-04-27 20:50:03.620 | 2026-04-27 23:50:03,620 INFO graph [REC-2026-00191] AGENT=triage IN text_len=100 product_hint=Cartão de Crédito
2026-04-27 20:50:03.992 | 2026-04-27 23:50:03,992 INFO agent.risk risk usou 4 trechos da política (top-k=4)
2026-04-27 20:50:03.992 | 2026-04-27 23:50:03,992 INFO graph [REC-2026-00190] AGENT=risk OUT in 5048ms level=Médio rag_chunks=4
2026-04-27 20:50:03.993 | 2026-04-27 23:50:03,992 INFO graph [REC-2026-00190] AGENT=report IN
2026-04-27 20:50:03.993 | 2026-04-27 23:50:03,992 INFO graph [REC-2026-00190] AGENT=report OUT in 0ms
2026-04-27 20:50:03.993 | 2026-04-27 23:50:03,993 INFO graph [REC-2026-00190] AGENT=guardrail_output IN
2026-04-27 20:50:04.607 | 2026-04-27 23:50:04,606 INFO graph [REC-2026-00188] GRAPH START
2026-04-27 20:50:04.607 | 2026-04-27 23:50:04,607 INFO graph [REC-2026-00188] AGENT=guardrail_input IN text_len=124
2026-04-27 20:50:04.951 | 2026-04-27 23:50:04,951 ERROR app [REC-2026-00185] todas 3 tentativas falharam: An error occurred (ThrottlingException) when calling the InvokeModel operation (reached max retries: 4): Too many requests, please wait before trying again.
2026-04-27 20:50:04.951 | 2026-04-27 23:50:04,951 WARNING app [REC-2026-00185] throttling — agendado para próximo passe
2026-04-27 20:50:04.951 | 2026-04-27 23:50:04,951 INFO graph [REC-2026-00192] GRAPH START
2026-04-27 20:50:04.952 | 2026-04-27 23:50:04,952 INFO graph [REC-2026-00192] AGENT=guardrail_input IN text_len=21
2026-04-27 20:50:05.123 | 2026-04-27 23:50:05,122 INFO graph [REC-2026-00191] AGENT=triage OUT in 1502ms category=Cobrança Indevida product=Cartão de Crédito urgency=Alta
2026-04-27 20:50:05.123 | 2026-04-27 23:50:05,123 INFO graph [REC-2026-00191] AGENT=risk IN triage_keys=['category', 'product', 'sentiment', 'urgency', 'summary']
2026-04-27 20:50:05.150 | 2026-04-27 23:50:05,150 INFO agent.guardrail guardrail INPUT action=NONE
2026-04-27 20:50:05.150 | 2026-04-27 23:50:05,150 INFO graph [REC-2026-00188] AGENT=guardrail_input OUT in 543ms blocked=False reason=None
2026-04-27 20:50:05.151 | 2026-04-27 23:50:05,151 INFO graph [REC-2026-00188] AGENT=triage IN text_len=124 product_hint=Cartão de Crédito
2026-04-27 20:50:05.195 | 2026-04-27 23:50:05,195 INFO graph [REC-2026-00190] AGENT=guardrail_output OUT in 1202ms
2026-04-27 20:50:05.195 | 2026-04-27 23:50:05,195 INFO graph [REC-2026-00190] GRAPH END timings={'guardrail_input': 610, 'triage': 7342, 'risk': 5048, 'report': 0, 'guardrail_output': 1202}
2026-04-27 20:50:05.195 | 2026-04-27 23:50:05,195 INFO graph [REC-2026-00193] GRAPH START
2026-04-27 20:50:05.196 | 2026-04-27 23:50:05,196 INFO graph [REC-2026-00193] AGENT=guardrail_input IN text_len=92
2026-04-27 20:50:05.539 | 2026-04-27 23:50:05,539 INFO agent.guardrail guardrail INPUT action=NONE
2026-04-27 20:50:05.539 | 2026-04-27 23:50:05,539 INFO graph [REC-2026-00192] AGENT=guardrail_input OUT in 587ms blocked=False reason=None
2026-04-27 20:50:05.540 | 2026-04-27 23:50:05,540 INFO graph [REC-2026-00192] AGENT=triage IN text_len=21 product_hint=PIX
2026-04-27 20:50:05.774 | 2026-04-27 23:50:05,773 INFO agent.guardrail guardrail INPUT action=NONE
2026-04-27 20:50:05.774 | 2026-04-27 23:50:05,773 INFO graph [REC-2026-00193] AGENT=guardrail_input OUT in 577ms blocked=False reason=None
2026-04-27 20:50:05.774 | 2026-04-27 23:50:05,774 INFO graph [REC-2026-00193] AGENT=triage IN text_len=92 product_hint=None
2026-04-27 20:50:06.838 | 2026-04-27 23:50:06,837 WARNING app [REC-2026-00187] tentativa 2/3 falhou — retry em 2s: An error occurred (ThrottlingException) when calling the InvokeModel operation (reached max retries: 4): Too many requests, please wait before trying again.
2026-04-27 20:50:08.838 | 2026-04-27 23:50:08,838 INFO graph [REC-2026-00187] GRAPH START
2026-04-27 20:50:08.839 | 2026-04-27 23:50:08,839 INFO graph [REC-2026-00187] AGENT=guardrail_input IN text_len=63
2026-04-27 20:50:09.429 | 2026-04-27 23:50:09,429 INFO agent.guardrail guardrail INPUT action=NONE
2026-04-27 20:50:09.429 | 2026-04-27 23:50:09,429 INFO graph [REC-2026-00187] AGENT=guardrail_input OUT in 590ms blocked=False reason=None
2026-04-27 20:50:09.430 | 2026-04-27 23:50:09,429 INFO graph [REC-2026-00187] AGENT=triage IN text_len=63 product_hint=None
2026-04-27 20:50:09.909 | 2026-04-27 23:50:09,909 INFO agent.risk risk usou 4 trechos da política (top-k=4)
2026-04-27 20:50:09.909 | 2026-04-27 23:50:09,909 INFO graph [REC-2026-00191] AGENT=risk OUT in 4786ms level=Médio rag_chunks=4
2026-04-27 20:50:09.910 | 2026-04-27 23:50:09,910 INFO graph [REC-2026-00191] AGENT=report IN
2026-04-27 20:50:09.910 | 2026-04-27 23:50:09,910 INFO graph [REC-2026-00191] AGENT=report OUT in 0ms
2026-04-27 20:50:09.910 | 2026-04-27 23:50:09,910 INFO graph [REC-2026-00191] AGENT=guardrail_output IN
2026-04-27 20:50:10.485 | 2026-04-27 23:50:10,485 INFO graph [REC-2026-00188] AGENT=triage OUT in 5334ms category=Atendimento product=Cartão de Crédito urgency=Alta
2026-04-27 20:50:10.485 | 2026-04-27 23:50:10,485 INFO graph [REC-2026-00188] AGENT=risk IN triage_keys=['category', 'product', 'sentiment', 'urgency', 'summary']
2026-04-27 20:50:11.080 | 2026-04-27 23:50:11,079 INFO graph [REC-2026-00191] AGENT=guardrail_output OUT in 1169ms
2026-04-27 20:50:11.080 | 2026-04-27 23:50:11,080 INFO graph [REC-2026-00191] GRAPH END timings={'guardrail_input': 616, 'triage': 1502, 'risk': 4786, 'report': 0, 'guardrail_output': 1169}
2026-04-27 20:50:11.080 | 2026-04-27 23:50:11,080 INFO graph [REC-2026-00194] GRAPH START
2026-04-27 20:50:11.081 | 2026-04-27 23:50:11,081 INFO graph [REC-2026-00194] AGENT=guardrail_input IN text_len=94
2026-04-27 20:50:11.652 | 2026-04-27 23:50:11,651 INFO agent.guardrail guardrail INPUT action=NONE
2026-04-27 20:50:11.652 | 2026-04-27 23:50:11,652 INFO graph [REC-2026-00194] AGENT=guardrail_input OUT in 571ms blocked=False reason=None
2026-04-27 20:50:11.653 | 2026-04-27 23:50:11,653 INFO graph [REC-2026-00194] AGENT=triage IN text_len=94 product_hint=PIX
2026-04-27 20:50:12.223 | 2026-04-27 23:50:12,223 WARNING app [REC-2026-00192] tentativa 1/3 falhou — retry em 1s: An error occurred (ThrottlingException) when calling the InvokeModel operation (reached max retries: 4): Too many requests, please wait before trying again.
2026-04-27 20:50:13.224 | 2026-04-27 23:50:13,223 INFO graph [REC-2026-00192] GRAPH START
2026-04-27 20:50:13.225 | 2026-04-27 23:50:13,225 INFO graph [REC-2026-00192] AGENT=guardrail_input IN text_len=21
2026-04-27 20:50:13.398 | 2026-04-27 23:50:13,397 ERROR app [REC-2026-00187] todas 3 tentativas falharam: An error occurred (ThrottlingException) when calling the InvokeModel operation (reached max retries: 4): Too many requests, please wait before trying again.
2026-04-27 20:50:13.398 | 2026-04-27 23:50:13,398 WARNING app [REC-2026-00187] throttling — agendado para próximo passe
2026-04-27 20:50:13.398 | 2026-04-27 23:50:13,398 INFO graph [REC-2026-00195] GRAPH START
2026-04-27 20:50:13.399 | 2026-04-27 23:50:13,399 INFO graph [REC-2026-00195] AGENT=guardrail_input IN text_len=93
2026-04-27 20:50:13.811 | 2026-04-27 23:50:13,810 INFO agent.guardrail guardrail INPUT action=NONE
2026-04-27 20:50:13.811 | 2026-04-27 23:50:13,810 INFO graph [REC-2026-00192] AGENT=guardrail_input OUT in 585ms blocked=False reason=None
2026-04-27 20:50:13.812 | 2026-04-27 23:50:13,811 INFO graph [REC-2026-00192] AGENT=triage IN text_len=21 product_hint=PIX
2026-04-27 20:50:13.989 | 2026-04-27 23:50:13,988 INFO agent.guardrail guardrail INPUT action=NONE
2026-04-27 20:50:13.989 | 2026-04-27 23:50:13,988 INFO graph [REC-2026-00195] AGENT=guardrail_input OUT in 589ms blocked=False reason=None
2026-04-27 20:50:13.989 | 2026-04-27 23:50:13,989 INFO graph [REC-2026-00195] AGENT=triage IN text_len=93 product_hint=None
2026-04-27 20:50:15.182 | 2026-04-27 23:50:15,181 INFO agent.risk risk usou 4 trechos da política (top-k=4)
2026-04-27 20:50:15.182 | 2026-04-27 23:50:15,181 INFO graph [REC-2026-00188] AGENT=risk OUT in 4696ms level=Alto rag_chunks=4
2026-04-27 20:50:15.182 | 2026-04-27 23:50:15,182 INFO graph [REC-2026-00188] AGENT=report IN
2026-04-27 20:50:15.182 | 2026-04-27 23:50:15,182 INFO graph [REC-2026-00188] AGENT=report OUT in 0ms
2026-04-27 20:50:15.183 | 2026-04-27 23:50:15,183 INFO graph [REC-2026-00188] AGENT=guardrail_output IN
2026-04-27 20:50:16.446 | 2026-04-27 23:50:16,446 WARNING agent.guardrail guardrail OUTPUT bloqueou campo=risk_justification — usando regex como fallback
2026-04-27 20:50:16.446 | 2026-04-27 23:50:16,446 INFO graph [REC-2026-00188] AGENT=guardrail_output OUT in 1263ms
2026-04-27 20:50:16.446 | 2026-04-27 23:50:16,446 INFO graph [REC-2026-00188] GRAPH END timings={'guardrail_input': 543, 'triage': 5334, 'risk': 4696, 'report': 0, 'guardrail_output': 1263}
2026-04-27 20:50:16.447 | 2026-04-27 23:50:16,446 INFO graph [REC-2026-00196] GRAPH START
2026-04-27 20:50:16.447 | 2026-04-27 23:50:16,447 INFO graph [REC-2026-00196] AGENT=guardrail_input IN text_len=31
2026-04-27 20:50:17.025 | 2026-04-27 23:50:17,024 INFO agent.guardrail guardrail INPUT action=NONE
2026-04-27 20:50:17.025 | 2026-04-27 23:50:17,024 INFO graph [REC-2026-00196] AGENT=guardrail_input OUT in 577ms blocked=False reason=None
2026-04-27 20:50:17.025 | 2026-04-27 23:50:17,025 INFO graph [REC-2026-00196] AGENT=triage IN text_len=31 product_hint=None
2026-04-27 20:50:17.698 | 2026-04-27 23:50:17,698 WARNING app [REC-2026-00193] tentativa 1/3 falhou — retry em 1s: An error occurred (ThrottlingException) when calling the InvokeModel operation (reached max retries: 4): Too many requests, please wait before trying again.
2026-04-27 20:50:17.959 | 2026-04-27 23:50:17,958 INFO graph [REC-2026-00192] AGENT=triage OUT in 4147ms category=Produto/Serviço product=Conta Corrente urgency=Alta
2026-04-27 20:50:17.960 | 2026-04-27 23:50:17,959 INFO graph [REC-2026-00192] AGENT=risk IN triage_keys=['category', 'product', 'sentiment', 'urgency', 'summary']
2026-04-27 20:50:18.699 | 2026-04-27 23:50:18,698 INFO graph [REC-2026-00193] GRAPH START
2026-04-27 20:50:18.700 | 2026-04-27 23:50:18,700 INFO graph [REC-2026-00193] AGENT=guardrail_input IN text_len=92
2026-04-27 20:50:19.248 | 2026-04-27 23:50:19,247 INFO agent.guardrail guardrail INPUT action=NONE
2026-04-27 20:50:19.248 | 2026-04-27 23:50:19,248 INFO graph [REC-2026-00193] AGENT=guardrail_input OUT in 548ms blocked=False reason=None
2026-04-27 20:50:19.249 | 2026-04-27 23:50:19,248 INFO graph [REC-2026-00193] AGENT=triage IN text_len=92 product_hint=None
2026-04-27 20:50:22.314 | 2026-04-27 23:50:22,314 INFO agent.risk risk usou 4 trechos da política (top-k=4)
2026-04-27 20:50:22.314 | 2026-04-27 23:50:22,314 INFO graph [REC-2026-00192] AGENT=risk OUT in 4355ms level=Médio rag_chunks=4
2026-04-27 20:50:22.315 | 2026-04-27 23:50:22,315 INFO graph [REC-2026-00192] AGENT=report IN
2026-04-27 20:50:22.315 | 2026-04-27 23:50:22,315 INFO graph [REC-2026-00192] AGENT=report OUT in 0ms
2026-04-27 20:50:22.315 | 2026-04-27 23:50:22,315 INFO graph [REC-2026-00192] AGENT=guardrail_output IN
2026-04-27 20:50:22.539 | 2026-04-27 23:50:22,539 INFO graph [REC-2026-00193] AGENT=triage OUT in 3291ms category=Produto/Serviço product=Não Identificado urgency=Baixa
2026-04-27 20:50:22.540 | 2026-04-27 23:50:22,540 INFO graph [REC-2026-00193] AGENT=risk IN triage_keys=['category', 'product', 'sentiment', 'urgency', 'summary']
2026-04-27 20:50:23.553 | 2026-04-27 23:50:23,553 INFO graph [REC-2026-00192] AGENT=guardrail_output OUT in 1238ms
2026-04-27 20:50:23.554 | 2026-04-27 23:50:23,553 INFO graph [REC-2026-00192] GRAPH END timings={'guardrail_input': 585, 'triage': 4147, 'risk': 4355, 'report': 0, 'guardrail_output': 1238}
2026-04-27 20:50:23.554 | 2026-04-27 23:50:23,554 INFO graph [REC-2026-00197] GRAPH START
2026-04-27 20:50:23.555 | 2026-04-27 23:50:23,554 INFO graph [REC-2026-00197] AGENT=guardrail_input IN text_len=108
2026-04-27 20:50:23.866 | 2026-04-27 23:50:23,866 WARNING app [REC-2026-00194] tentativa 1/3 falhou — retry em 1s: An error occurred (ThrottlingException) when calling the InvokeModel operation (reached max retries: 4): Too many requests, please wait before trying again.
2026-04-27 20:50:24.137 | 2026-04-27 23:50:24,137 INFO agent.guardrail guardrail INPUT action=NONE
2026-04-27 20:50:24.137 | 2026-04-27 23:50:24,137 INFO graph [REC-2026-00197] AGENT=guardrail_input OUT in 583ms blocked=False reason=None
2026-04-27 20:50:24.139 | 2026-04-27 23:50:24,138 INFO graph [REC-2026-00197] AGENT=triage IN text_len=108 product_hint=None
2026-04-27 20:50:24.867 | 2026-04-27 23:50:24,866 INFO graph [REC-2026-00194] GRAPH START
2026-04-27 20:50:24.868 | 2026-04-27 23:50:24,867 INFO graph [REC-2026-00194] AGENT=guardrail_input IN text_len=94
2026-04-27 20:50:25.441 | 2026-04-27 23:50:25,441 INFO agent.guardrail guardrail INPUT action=NONE
2026-04-27 20:50:25.441 | 2026-04-27 23:50:25,441 INFO graph [REC-2026-00194] AGENT=guardrail_input OUT in 574ms blocked=False reason=None
2026-04-27 20:50:25.442 | 2026-04-27 23:50:25,442 INFO graph [REC-2026-00194] AGENT=triage IN text_len=94 product_hint=PIX
2026-04-27 20:50:25.974 | 2026-04-27 23:50:25,973 WARNING app [REC-2026-00195] tentativa 1/3 falhou — retry em 1s: An error occurred (ThrottlingException) when calling the InvokeModel operation (reached max retries: 4): Too many requests, please wait before trying again.
2026-04-27 20:50:26.122 | 2026-04-27 23:50:26,121 INFO agent.risk risk usou 4 trechos da política (top-k=4)
2026-04-27 20:50:26.122 | 2026-04-27 23:50:26,121 INFO graph [REC-2026-00193] AGENT=risk OUT in 3581ms level=Baixo rag_chunks=4
2026-04-27 20:50:26.122 | 2026-04-27 23:50:26,122 INFO graph [REC-2026-00193] AGENT=report IN
2026-04-27 20:50:26.122 | 2026-04-27 23:50:26,122 INFO graph [REC-2026-00193] AGENT=report OUT in 0ms
2026-04-27 20:50:26.123 | 2026-04-27 23:50:26,123 INFO graph [REC-2026-00193] AGENT=guardrail_output IN
2026-04-27 20:50:26.974 | 2026-04-27 23:50:26,973 INFO graph [REC-2026-00195] GRAPH START
2026-04-27 20:50:26.975 | 2026-04-27 23:50:26,974 INFO graph [REC-2026-00195] AGENT=guardrail_input IN text_len=93
2026-04-27 20:50:27.256 | 2026-04-27 23:50:27,255 INFO graph [REC-2026-00193] AGENT=guardrail_output OUT in 1132ms
2026-04-27 20:50:27.256 | 2026-04-27 23:50:27,256 INFO graph [REC-2026-00193] GRAPH END timings={'guardrail_input': 548, 'triage': 3291, 'risk': 3581, 'report': 0, 'guardrail_output': 1132}
2026-04-27 20:50:27.256 | 2026-04-27 23:50:27,256 INFO graph [REC-2026-00198] GRAPH START
2026-04-27 20:50:27.257 | 2026-04-27 23:50:27,257 INFO graph [REC-2026-00198] AGENT=guardrail_input IN text_len=136
2026-04-27 20:50:27.551 | 2026-04-27 23:50:27,551 INFO agent.guardrail guardrail INPUT action=NONE
2026-04-27 20:50:27.551 | 2026-04-27 23:50:27,551 INFO graph [REC-2026-00195] AGENT=guardrail_input OUT in 577ms blocked=False reason=None
2026-04-27 20:50:27.552 | 2026-04-27 23:50:27,552 INFO graph [REC-2026-00195] AGENT=triage IN text_len=93 product_hint=None
2026-04-27 20:50:27.850 | 2026-04-27 23:50:27,848 INFO agent.guardrail guardrail INPUT action=NONE
2026-04-27 20:50:27.850 | 2026-04-27 23:50:27,849 INFO graph [REC-2026-00198] AGENT=guardrail_input OUT in 592ms blocked=False reason=None
2026-04-27 20:50:27.852 | 2026-04-27 23:50:27,851 INFO graph [REC-2026-00198] AGENT=triage IN text_len=136 product_hint=Cartão de Crédito
2026-04-27 20:50:28.744 | 2026-04-27 23:50:28,744 INFO graph [REC-2026-00196] AGENT=triage OUT in 11719ms category=Cobrança Indevida product=Não Identificado urgency=Alta
2026-04-27 20:50:28.744 | 2026-04-27 23:50:28,744 INFO graph [REC-2026-00196] AGENT=risk IN triage_keys=['category', 'product', 'sentiment', 'urgency', 'summary']
2026-04-27 20:50:33.230 | 2026-04-27 23:50:33,229 INFO agent.risk risk usou 4 trechos da política (top-k=4)
2026-04-27 20:50:33.230 | 2026-04-27 23:50:33,229 INFO graph [REC-2026-00196] AGENT=risk OUT in 4485ms level=Médio rag_chunks=4
2026-04-27 20:50:33.230 | 2026-04-27 23:50:33,230 INFO graph [REC-2026-00196] AGENT=report IN
2026-04-27 20:50:33.230 | 2026-04-27 23:50:33,230 INFO graph [REC-2026-00196] AGENT=report OUT in 0ms
2026-04-27 20:50:33.231 | 2026-04-27 23:50:33,230 INFO graph [REC-2026-00196] AGENT=guardrail_output IN
2026-04-27 20:50:34.411 | 2026-04-27 23:50:34,410 WARNING agent.guardrail guardrail OUTPUT bloqueou campo=risk_justification — usando regex como fallback
2026-04-27 20:50:34.411 | 2026-04-27 23:50:34,410 INFO graph [REC-2026-00196] AGENT=guardrail_output OUT in 1180ms
2026-04-27 20:50:34.411 | 2026-04-27 23:50:34,411 INFO graph [REC-2026-00196] GRAPH END timings={'guardrail_input': 577, 'triage': 11719, 'risk': 4485, 'report': 0, 'guardrail_output': 1180}
2026-04-27 20:50:34.411 | 2026-04-27 23:50:34,411 INFO graph [REC-2026-00199] GRAPH START
2026-04-27 20:50:34.412 | 2026-04-27 23:50:34,412 INFO graph [REC-2026-00199] AGENT=guardrail_input IN text_len=93
2026-04-27 20:50:34.786 | 2026-04-27 23:50:34,786 INFO graph [REC-2026-00195] AGENT=triage OUT in 7234ms category=Cobrança Indevida product=Não Identificado urgency=Crítica
2026-04-27 20:50:34.787 | 2026-04-27 23:50:34,787 INFO graph [REC-2026-00195] AGENT=risk IN triage_keys=['category', 'product', 'sentiment', 'urgency', 'summary']
2026-04-27 20:50:34.987 | 2026-04-27 23:50:34,987 INFO agent.guardrail guardrail INPUT action=NONE
2026-04-27 20:50:34.987 | 2026-04-27 23:50:34,987 INFO graph [REC-2026-00199] AGENT=guardrail_input OUT in 575ms blocked=False reason=None
2026-04-27 20:50:34.988 | 2026-04-27 23:50:34,987 INFO graph [REC-2026-00199] AGENT=triage IN text_len=93 product_hint=None
2026-04-27 20:50:36.124 | 2026-04-27 23:50:36,123 WARNING app [REC-2026-00194] tentativa 2/3 falhou — retry em 2s: An error occurred (ThrottlingException) when calling the InvokeModel operation (reached max retries: 4): Too many requests, please wait before trying again.
2026-04-27 20:50:37.170 | 2026-04-27 23:50:37,170 WARNING app [REC-2026-00197] tentativa 1/3 falhou — retry em 1s: An error occurred (ThrottlingException) when calling the InvokeModel operation (reached max retries: 4): Too many requests, please wait before trying again.
2026-04-27 20:50:38.124 | 2026-04-27 23:50:38,124 INFO graph [REC-2026-00194] GRAPH START
2026-04-27 20:50:38.125 | 2026-04-27 23:50:38,125 INFO graph [REC-2026-00194] AGENT=guardrail_input IN text_len=94
2026-04-27 20:50:38.170 | 2026-04-27 23:50:38,170 INFO graph [REC-2026-00197] GRAPH START
2026-04-27 20:50:38.171 | 2026-04-27 23:50:38,171 INFO graph [REC-2026-00197] AGENT=guardrail_input IN text_len=108
2026-04-27 20:50:38.699 | 2026-04-27 23:50:38,699 INFO agent.guardrail guardrail INPUT action=NONE
2026-04-27 20:50:38.699 | 2026-04-27 23:50:38,699 INFO graph [REC-2026-00194] AGENT=guardrail_input OUT in 574ms blocked=False reason=None
2026-04-27 20:50:38.700 | 2026-04-27 23:50:38,700 INFO graph [REC-2026-00194] AGENT=triage IN text_len=94 product_hint=PIX
2026-04-27 20:50:38.740 | 2026-04-27 23:50:38,739 INFO agent.guardrail guardrail INPUT action=NONE
2026-04-27 20:50:38.740 | 2026-04-27 23:50:38,740 INFO graph [REC-2026-00197] AGENT=guardrail_input OUT in 569ms blocked=False reason=None
2026-04-27 20:50:38.740 | 2026-04-27 23:50:38,740 INFO graph [REC-2026-00197] AGENT=triage IN text_len=108 product_hint=None
2026-04-27 20:50:39.793 | 2026-04-27 23:50:39,793 WARNING app [REC-2026-00198] tentativa 1/3 falhou — retry em 1s: An error occurred (ThrottlingException) when calling the InvokeModel operation (reached max retries: 4): Too many requests, please wait before trying again.
2026-04-27 20:50:40.352 | 2026-04-27 23:50:40,352 INFO agent.risk risk usou 4 trechos da política (top-k=4)
2026-04-27 20:50:40.352 | 2026-04-27 23:50:40,352 INFO graph [REC-2026-00195] AGENT=risk OUT in 5565ms level=Crítico rag_chunks=4
2026-04-27 20:50:40.353 | 2026-04-27 23:50:40,353 INFO graph [REC-2026-00195] AGENT=report IN
2026-04-27 20:50:40.353 | 2026-04-27 23:50:40,353 INFO graph [REC-2026-00195] AGENT=report OUT in 0ms
2026-04-27 20:50:40.353 | 2026-04-27 23:50:40,353 INFO graph [REC-2026-00195] AGENT=guardrail_output IN
2026-04-27 20:50:40.435 | 2026-04-27 23:50:40,435 INFO graph [REC-2026-00197] AGENT=triage OUT in 1695ms category=Atendimento product=Não Identificado urgency=Baixa
2026-04-27 20:50:40.436 | 2026-04-27 23:50:40,436 INFO graph [REC-2026-00197] AGENT=risk IN triage_keys=['category', 'product', 'sentiment', 'urgency', 'summary']
2026-04-27 20:50:40.794 | 2026-04-27 23:50:40,793 INFO graph [REC-2026-00198] GRAPH START
2026-04-27 20:50:40.795 | 2026-04-27 23:50:40,794 INFO graph [REC-2026-00198] AGENT=guardrail_input IN text_len=136
2026-04-27 20:50:40.918 | 2026-04-27 23:50:40,918 WARNING agent.guardrail guardrail OUTPUT bloqueou campo=summary — usando regex como fallback
2026-04-27 20:50:41.363 | 2026-04-27 23:50:41,363 INFO agent.guardrail guardrail INPUT action=NONE
2026-04-27 20:50:41.363 | 2026-04-27 23:50:41,363 INFO graph [REC-2026-00198] AGENT=guardrail_input OUT in 569ms blocked=False reason=None
2026-04-27 20:50:41.364 | 2026-04-27 23:50:41,363 INFO graph [REC-2026-00198] AGENT=triage IN text_len=136 product_hint=Cartão de Crédito
2026-04-27 20:50:41.487 | 2026-04-27 23:50:41,487 WARNING agent.guardrail guardrail OUTPUT bloqueou campo=risk_justification — usando regex como fallback
2026-04-27 20:50:41.487 | 2026-04-27 23:50:41,487 INFO graph [REC-2026-00195] AGENT=guardrail_output OUT in 1134ms
2026-04-27 20:50:41.488 | 2026-04-27 23:50:41,488 INFO graph [REC-2026-00195] GRAPH END timings={'guardrail_input': 577, 'triage': 7234, 'risk': 5565, 'report': 0, 'guardrail_output': 1134}
2026-04-27 20:50:41.488 | 2026-04-27 23:50:41,488 INFO graph [REC-2026-00200] GRAPH START
2026-04-27 20:50:41.489 | 2026-04-27 23:50:41,489 INFO graph [REC-2026-00200] AGENT=guardrail_input IN text_len=87
2026-04-27 20:50:42.108 | 2026-04-27 23:50:42,108 INFO agent.guardrail guardrail INPUT action=NONE
2026-04-27 20:50:42.108 | 2026-04-27 23:50:42,108 INFO graph [REC-2026-00200] AGENT=guardrail_input OUT in 619ms blocked=False reason=None
2026-04-27 20:50:42.109 | 2026-04-27 23:50:42,108 INFO graph [REC-2026-00200] AGENT=triage IN text_len=87 product_hint=None
2026-04-27 20:50:44.135 | 2026-04-27 23:50:44,135 INFO agent.risk risk usou 4 trechos da política (top-k=4)
2026-04-27 20:50:44.135 | 2026-04-27 23:50:44,135 INFO graph [REC-2026-00197] AGENT=risk OUT in 3699ms level=Baixo rag_chunks=4
2026-04-27 20:50:44.136 | 2026-04-27 23:50:44,136 INFO graph [REC-2026-00197] AGENT=report IN
2026-04-27 20:50:44.136 | 2026-04-27 23:50:44,136 INFO graph [REC-2026-00197] AGENT=report OUT in 0ms
2026-04-27 20:50:44.136 | 2026-04-27 23:50:44,136 INFO graph [REC-2026-00197] AGENT=guardrail_output IN
2026-04-27 20:50:45.422 | 2026-04-27 23:50:45,422 INFO graph [REC-2026-00197] AGENT=guardrail_output OUT in 1286ms
2026-04-27 20:50:45.423 | 2026-04-27 23:50:45,423 INFO graph [REC-2026-00197] GRAPH END timings={'guardrail_input': 569, 'triage': 1695, 'risk': 3699, 'report': 0, 'guardrail_output': 1286}
2026-04-27 20:50:45.423 | 2026-04-27 23:50:45,423 INFO graph [REC-2026-00201] GRAPH START
2026-04-27 20:50:45.424 | 2026-04-27 23:50:45,424 INFO graph [REC-2026-00201] AGENT=guardrail_input IN text_len=140
2026-04-27 20:50:46.064 | 2026-04-27 23:50:46,063 INFO agent.guardrail guardrail INPUT action=NONE
2026-04-27 20:50:46.064 | 2026-04-27 23:50:46,064 INFO graph [REC-2026-00201] AGENT=guardrail_input OUT in 640ms blocked=False reason=None
2026-04-27 20:50:46.064 | 2026-04-27 23:50:46,064 INFO graph [REC-2026-00201] AGENT=triage IN text_len=140 product_hint=Cartão de Crédito
2026-04-27 20:50:46.504 | 2026-04-27 23:50:46,504 WARNING app [REC-2026-00199] tentativa 1/3 falhou — retry em 1s: An error occurred (ThrottlingException) when calling the InvokeModel operation (reached max retries: 4): Too many requests, please wait before trying again.
2026-04-27 20:50:46.589 | 2026-04-27 23:50:46,588 INFO graph [REC-2026-00200] AGENT=triage OUT in 4480ms category=Produto/Serviço product=Empréstimo urgency=Baixa
2026-04-27 20:50:46.589 | 2026-04-27 23:50:46,589 INFO graph [REC-2026-00200] AGENT=risk IN triage_keys=['category', 'product', 'sentiment', 'urgency', 'summary']
2026-04-27 20:50:47.505 | 2026-04-27 23:50:47,504 INFO graph [REC-2026-00199] GRAPH START
2026-04-27 20:50:47.507 | 2026-04-27 23:50:47,506 INFO graph [REC-2026-00199] AGENT=guardrail_input IN text_len=93
2026-04-27 20:50:48.099 | 2026-04-27 23:50:48,098 INFO agent.guardrail guardrail INPUT action=NONE
2026-04-27 20:50:48.099 | 2026-04-27 23:50:48,098 INFO graph [REC-2026-00199] AGENT=guardrail_input OUT in 592ms blocked=False reason=None
2026-04-27 20:50:48.099 | 2026-04-27 23:50:48,099 INFO graph [REC-2026-00199] AGENT=triage IN text_len=93 product_hint=None
2026-04-27 20:50:50.248 | 2026-04-27 23:50:50,248 ERROR app [REC-2026-00194] todas 3 tentativas falharam: An error occurred (ThrottlingException) when calling the InvokeModel operation (reached max retries: 4): Too many requests, please wait before trying again.
2026-04-27 20:50:50.248 | 2026-04-27 23:50:50,248 WARNING app [REC-2026-00194] throttling — agendado para próximo passe
2026-04-27 20:50:50.248 | 2026-04-27 23:50:50,248 INFO graph [REC-2026-00202] GRAPH START
2026-04-27 20:50:50.249 | 2026-04-27 23:50:50,249 INFO graph [REC-2026-00202] AGENT=guardrail_input IN text_len=25
2026-04-27 20:50:50.406 | 2026-04-27 23:50:50,406 INFO agent.risk risk usou 4 trechos da política (top-k=4)
2026-04-27 20:50:50.406 | 2026-04-27 23:50:50,406 INFO graph [REC-2026-00200] AGENT=risk OUT in 3817ms level=Baixo rag_chunks=4
2026-04-27 20:50:50.407 | 2026-04-27 23:50:50,407 INFO graph [REC-2026-00200] AGENT=report IN
2026-04-27 20:50:50.407 | 2026-04-27 23:50:50,407 INFO graph [REC-2026-00200] AGENT=report OUT in 0ms
2026-04-27 20:50:50.408 | 2026-04-27 23:50:50,408 INFO graph [REC-2026-00200] AGENT=guardrail_output IN
2026-04-27 20:50:50.898 | 2026-04-27 23:50:50,897 INFO agent.guardrail guardrail INPUT action=NONE
2026-04-27 20:50:50.898 | 2026-04-27 23:50:50,898 INFO graph [REC-2026-00202] AGENT=guardrail_input OUT in 649ms blocked=False reason=None
2026-04-27 20:50:50.899 | 2026-04-27 23:50:50,899 INFO graph [REC-2026-00202] AGENT=triage IN text_len=25 product_hint=None
2026-04-27 20:50:51.536 | 2026-04-27 23:50:51,536 INFO graph [REC-2026-00200] AGENT=guardrail_output OUT in 1128ms
2026-04-27 20:50:51.537 | 2026-04-27 23:50:51,536 INFO graph [REC-2026-00200] GRAPH END timings={'guardrail_input': 619, 'triage': 4480, 'risk': 3817, 'report': 0, 'guardrail_output': 1128}
2026-04-27 20:50:51.537 | 2026-04-27 23:50:51,537 INFO graph [REC-2026-00203] GRAPH START
2026-04-27 20:50:51.538 | 2026-04-27 23:50:51,538 INFO graph [REC-2026-00203] AGENT=guardrail_input IN text_len=114
2026-04-27 20:50:52.112 | 2026-04-27 23:50:52,112 INFO agent.guardrail guardrail INPUT action=NONE
2026-04-27 20:50:52.112 | 2026-04-27 23:50:52,112 INFO graph [REC-2026-00203] AGENT=guardrail_input OUT in 574ms blocked=False reason=None
2026-04-27 20:50:52.113 | 2026-04-27 23:50:52,112 INFO graph [REC-2026-00203] AGENT=triage IN text_len=114 product_hint=None
2026-04-27 20:50:52.550 | 2026-04-27 23:50:52,549 INFO graph [REC-2026-00202] AGENT=triage OUT in 1650ms category=Outros product=Não Identificado urgency=Baixa
2026-04-27 20:50:52.550 | 2026-04-27 23:50:52,550 INFO graph [REC-2026-00202] AGENT=risk IN triage_keys=['category', 'product', 'sentiment', 'urgency', 'summary']
2026-04-27 20:50:54.382 | 2026-04-27 23:50:54,381 WARNING app [REC-2026-00201] tentativa 1/3 falhou — retry em 1s: An error occurred (ThrottlingException) when calling the InvokeModel operation (reached max retries: 4): Too many requests, please wait before trying again.
2026-04-27 20:50:55.382 | 2026-04-27 23:50:55,381 INFO graph [REC-2026-00201] GRAPH START
2026-04-27 20:50:55.383 | 2026-04-27 23:50:55,382 INFO graph [REC-2026-00201] AGENT=guardrail_input IN text_len=140
2026-04-27 20:50:55.886 | 2026-04-27 23:50:55,886 WARNING app [REC-2026-00199] tentativa 2/3 falhou — retry em 2s: An error occurred (ThrottlingException) when calling the InvokeModel operation (reached max retries: 4): Too many requests, please wait before trying again.
2026-04-27 20:50:56.015 | 2026-04-27 23:50:56,015 INFO agent.guardrail guardrail INPUT action=NONE
2026-04-27 20:50:56.015 | 2026-04-27 23:50:56,015 INFO graph [REC-2026-00201] AGENT=guardrail_input OUT in 633ms blocked=False reason=None
2026-04-27 20:50:56.016 | 2026-04-27 23:50:56,016 INFO graph [REC-2026-00201] AGENT=triage IN text_len=140 product_hint=Cartão de Crédito
2026-04-27 20:50:56.146 | 2026-04-27 23:50:56,146 INFO agent.risk risk usou 4 trechos da política (top-k=4)
2026-04-27 20:50:56.146 | 2026-04-27 23:50:56,146 INFO graph [REC-2026-00202] AGENT=risk OUT in 3596ms level=Baixo rag_chunks=4
2026-04-27 20:50:56.147 | 2026-04-27 23:50:56,147 INFO graph [REC-2026-00202] AGENT=report IN
2026-04-27 20:50:56.147 | 2026-04-27 23:50:56,147 INFO graph [REC-2026-00202] AGENT=report OUT in 0ms
2026-04-27 20:50:56.147 | 2026-04-27 23:50:56,147 INFO graph [REC-2026-00202] AGENT=guardrail_output IN
2026-04-27 20:50:56.804 | 2026-04-27 23:50:56,804 WARNING app [REC-2026-00198] tentativa 2/3 falhou — retry em 2s: An error occurred (ThrottlingException) when calling the InvokeModel operation (reached max retries: 4): Too many requests, please wait before trying again.
2026-04-27 20:50:57.450 | 2026-04-27 23:50:57,450 WARNING agent.guardrail guardrail OUTPUT bloqueou campo=risk_justification — usando regex como fallback
2026-04-27 20:50:57.450 | 2026-04-27 23:50:57,450 INFO graph [REC-2026-00202] AGENT=guardrail_output OUT in 1303ms
2026-04-27 20:50:57.450 | 2026-04-27 23:50:57,450 INFO graph [REC-2026-00202] GRAPH END timings={'guardrail_input': 649, 'triage': 1650, 'risk': 3596, 'report': 0, 'guardrail_output': 1303}
2026-04-27 20:50:57.451 | 2026-04-27 23:50:57,450 INFO graph [REC-2026-00204] GRAPH START
2026-04-27 20:50:57.451 | 2026-04-27 23:50:57,451 INFO graph [REC-2026-00204] AGENT=guardrail_input IN text_len=121
2026-04-27 20:50:57.886 | 2026-04-27 23:50:57,886 INFO graph [REC-2026-00199] GRAPH START
2026-04-27 20:50:57.887 | 2026-04-27 23:50:57,887 INFO graph [REC-2026-00199] AGENT=guardrail_input IN text_len=93
2026-04-27 20:50:58.026 | 2026-04-27 23:50:58,025 INFO agent.guardrail guardrail INPUT action=NONE
2026-04-27 20:50:58.026 | 2026-04-27 23:50:58,026 INFO graph [REC-2026-00204] AGENT=guardrail_input OUT in 575ms blocked=False reason=None
2026-04-27 20:50:58.026 | 2026-04-27 23:50:58,026 INFO graph [REC-2026-00204] AGENT=triage IN text_len=121 product_hint=Empréstimo
2026-04-27 20:50:58.520 | 2026-04-27 23:50:58,520 INFO agent.guardrail guardrail INPUT action=NONE
2026-04-27 20:50:58.520 | 2026-04-27 23:50:58,520 INFO graph [REC-2026-00199] AGENT=guardrail_input OUT in 633ms blocked=False reason=None
2026-04-27 20:50:58.521 | 2026-04-27 23:50:58,521 INFO graph [REC-2026-00199] AGENT=triage IN text_len=93 product_hint=None
2026-04-27 20:50:58.805 | 2026-04-27 23:50:58,804 INFO graph [REC-2026-00198] GRAPH START
2026-04-27 20:50:58.806 | 2026-04-27 23:50:58,806 INFO graph [REC-2026-00198] AGENT=guardrail_input IN text_len=136
2026-04-27 20:50:58.979 | 2026-04-27 23:50:58,979 INFO graph [REC-2026-00203] AGENT=triage OUT in 6867ms category=Cobrança Indevida product=Não Identificado urgency=Alta
2026-04-27 20:50:58.980 | 2026-04-27 23:50:58,980 INFO graph [REC-2026-00203] AGENT=risk IN triage_keys=['category', 'product', 'sentiment', 'urgency', 'summary']
2026-04-27 20:50:59.380 | 2026-04-27 23:50:59,379 INFO agent.guardrail guardrail INPUT action=NONE
2026-04-27 20:50:59.380 | 2026-04-27 23:50:59,379 INFO graph [REC-2026-00198] AGENT=guardrail_input OUT in 573ms blocked=False reason=None
2026-04-27 20:50:59.380 | 2026-04-27 23:50:59,380 INFO graph [REC-2026-00198] AGENT=triage IN text_len=136 product_hint=Cartão de Crédito
2026-04-27 20:51:00.441 | 2026-04-27 23:51:00,441 WARNING app [REC-2026-00204] tentativa 1/3 falhou — retry em 1s: An error occurred (ThrottlingException) when calling the InvokeModel operation (reached max retries: 4): Too many requests, please wait before trying again.
2026-04-27 20:51:01.442 | 2026-04-27 23:51:01,441 INFO graph [REC-2026-00204] GRAPH START
2026-04-27 20:51:01.443 | 2026-04-27 23:51:01,442 INFO graph [REC-2026-00204] AGENT=guardrail_input IN text_len=121
2026-04-27 20:51:02.087 | 2026-04-27 23:51:02,086 INFO agent.guardrail guardrail INPUT action=NONE
2026-04-27 20:51:02.087 | 2026-04-27 23:51:02,087 INFO graph [REC-2026-00204] AGENT=guardrail_input OUT in 645ms blocked=False reason=None
2026-04-27 20:51:02.088 | 2026-04-27 23:51:02,087 INFO graph [REC-2026-00204] AGENT=triage IN text_len=121 product_hint=Empréstimo
2026-04-27 20:51:02.947 | 2026-04-27 23:51:02,947 INFO agent.risk risk usou 4 trechos da política (top-k=4)
2026-04-27 20:51:02.947 | 2026-04-27 23:51:02,947 INFO graph [REC-2026-00203] AGENT=risk OUT in 3967ms level=Alto rag_chunks=4
2026-04-27 20:51:02.948 | 2026-04-27 23:51:02,947 INFO graph [REC-2026-00203] AGENT=report IN
2026-04-27 20:51:02.948 | 2026-04-27 23:51:02,948 INFO graph [REC-2026-00203] AGENT=report OUT in 1ms
2026-04-27 20:51:02.948 | 2026-04-27 23:51:02,948 INFO graph [REC-2026-00203] AGENT=guardrail_output IN
2026-04-27 20:51:03.092 | 2026-04-27 23:51:03,091 ERROR app [REC-2026-00198] todas 3 tentativas falharam: An error occurred (ThrottlingException) when calling the InvokeModel operation (reached max retries: 4): Too many requests, please wait before trying again.
2026-04-27 20:51:03.092 | 2026-04-27 23:51:03,091 WARNING app [REC-2026-00198] throttling — agendado para próximo passe
2026-04-27 20:51:03.092 | 2026-04-27 23:51:03,091 INFO graph [REC-2026-00205] GRAPH START
2026-04-27 20:51:03.093 | 2026-04-27 23:51:03,092 INFO graph [REC-2026-00205] AGENT=guardrail_input IN text_len=93
2026-04-27 20:51:03.709 | 2026-04-27 23:51:03,709 INFO agent.guardrail guardrail INPUT action=NONE
2026-04-27 20:51:03.709 | 2026-04-27 23:51:03,709 INFO graph [REC-2026-00205] AGENT=guardrail_input OUT in 617ms blocked=False reason=None
2026-04-27 20:51:03.710 | 2026-04-27 23:51:03,710 INFO graph [REC-2026-00205] AGENT=triage IN text_len=93 product_hint=PIX
2026-04-27 20:51:04.058 | 2026-04-27 23:51:04,058 WARNING agent.guardrail guardrail OUTPUT bloqueou campo=risk_justification — usando regex como fallback
2026-04-27 20:51:04.058 | 2026-04-27 23:51:04,058 INFO graph [REC-2026-00203] AGENT=guardrail_output OUT in 1110ms
2026-04-27 20:51:04.059 | 2026-04-27 23:51:04,059 INFO graph [REC-2026-00203] GRAPH END timings={'guardrail_input': 574, 'triage': 6867, 'risk': 3967, 'report': 1, 'guardrail_output': 1110}
2026-04-27 20:51:04.059 | 2026-04-27 23:51:04,059 INFO graph [REC-2026-00206] GRAPH START
2026-04-27 20:51:04.060 | 2026-04-27 23:51:04,060 INFO graph [REC-2026-00206] AGENT=guardrail_input IN text_len=112
2026-04-27 20:51:04.624 | 2026-04-27 23:51:04,623 INFO agent.guardrail guardrail INPUT action=NONE
2026-04-27 20:51:04.624 | 2026-04-27 23:51:04,624 INFO graph [REC-2026-00206] AGENT=guardrail_input OUT in 564ms blocked=False reason=None
2026-04-27 20:51:04.624 | 2026-04-27 23:51:04,624 INFO graph [REC-2026-00206] AGENT=triage IN text_len=112 product_hint=None
2026-04-27 20:51:05.283 | 2026-04-27 23:51:05,282 INFO graph [REC-2026-00205] AGENT=triage OUT in 1572ms category=Cobrança Indevida product=Conta Corrente urgency=Média
2026-04-27 20:51:05.283 | 2026-04-27 23:51:05,283 INFO graph [REC-2026-00205] AGENT=risk IN triage_keys=['category', 'product', 'sentiment', 'urgency', 'summary']
2026-04-27 20:51:05.668 | 2026-04-27 23:51:05,667 WARNING app [REC-2026-00201] tentativa 2/3 falhou — retry em 2s: An error occurred (ThrottlingException) when calling the InvokeModel operation (reached max retries: 4): Too many requests, please wait before trying again.
2026-04-27 20:51:06.110 | 2026-04-27 23:51:06,109 ERROR app [REC-2026-00199] todas 3 tentativas falharam: An error occurred (ThrottlingException) when calling the InvokeModel operation (reached max retries: 4): Too many requests, please wait before trying again.
2026-04-27 20:51:06.110 | 2026-04-27 23:51:06,109 WARNING app [REC-2026-00199] throttling — agendado para próximo passe
2026-04-27 20:51:06.110 | 2026-04-27 23:51:06,109 INFO graph [REC-2026-00207] GRAPH START
2026-04-27 20:51:06.112 | 2026-04-27 23:51:06,111 INFO graph [REC-2026-00207] AGENT=guardrail_input IN text_len=92
2026-04-27 20:51:06.680 | 2026-04-27 23:51:06,679 INFO agent.guardrail guardrail INPUT action=NONE
2026-04-27 20:51:06.680 | 2026-04-27 23:51:06,680 INFO graph [REC-2026-00207] AGENT=guardrail_input OUT in 569ms blocked=False reason=None
2026-04-27 20:51:06.680 | 2026-04-27 23:51:06,680 INFO graph [REC-2026-00207] AGENT=triage IN text_len=92 product_hint=None
2026-04-27 20:51:06.693 | 2026-04-27 23:51:06,693 WARNING app [REC-2026-00204] tentativa 2/3 falhou — retry em 2s: An error occurred (ThrottlingException) when calling the InvokeModel operation (reached max retries: 4): Too many requests, please wait before trying again.
2026-04-27 20:51:07.668 | 2026-04-27 23:51:07,668 INFO graph [REC-2026-00201] GRAPH START
2026-04-27 20:51:07.669 | 2026-04-27 23:51:07,669 INFO graph [REC-2026-00201] AGENT=guardrail_input IN text_len=140
2026-04-27 20:51:08.211 | 2026-04-27 23:51:08,210 INFO agent.guardrail guardrail INPUT action=NONE
2026-04-27 20:51:08.211 | 2026-04-27 23:51:08,210 INFO graph [REC-2026-00201] AGENT=guardrail_input OUT in 541ms blocked=False reason=None
2026-04-27 20:51:08.211 | 2026-04-27 23:51:08,211 INFO graph [REC-2026-00201] AGENT=triage IN text_len=140 product_hint=Cartão de Crédito
2026-04-27 20:51:08.694 | 2026-04-27 23:51:08,693 INFO graph [REC-2026-00204] GRAPH START
2026-04-27 20:51:08.695 | 2026-04-27 23:51:08,694 INFO graph [REC-2026-00204] AGENT=guardrail_input IN text_len=121
2026-04-27 20:51:09.271 | 2026-04-27 23:51:09,271 INFO agent.guardrail guardrail INPUT action=NONE
2026-04-27 20:51:09.271 | 2026-04-27 23:51:09,271 INFO graph [REC-2026-00204] AGENT=guardrail_input OUT in 577ms blocked=False reason=None
2026-04-27 20:51:09.272 | 2026-04-27 23:51:09,272 INFO graph [REC-2026-00204] AGENT=triage IN text_len=121 product_hint=Empréstimo
2026-04-27 20:51:10.025 | 2026-04-27 23:51:10,024 INFO agent.risk risk usou 4 trechos da política (top-k=4)
2026-04-27 20:51:10.025 | 2026-04-27 23:51:10,024 INFO graph [REC-2026-00205] AGENT=risk OUT in 4741ms level=Médio rag_chunks=4
2026-04-27 20:51:10.025 | 2026-04-27 23:51:10,025 INFO graph [REC-2026-00205] AGENT=report IN
2026-04-27 20:51:10.025 | 2026-04-27 23:51:10,025 INFO graph [REC-2026-00205] AGENT=report OUT in 0ms
2026-04-27 20:51:10.026 | 2026-04-27 23:51:10,025 INFO graph [REC-2026-00205] AGENT=guardrail_output IN
2026-04-27 20:51:10.687 | 2026-04-27 23:51:10,687 INFO graph [REC-2026-00204] AGENT=triage OUT in 1415ms category=Cancelamento product=Empréstimo urgency=Alta
2026-04-27 20:51:10.688 | 2026-04-27 23:51:10,688 INFO graph [REC-2026-00204] AGENT=risk IN triage_keys=['category', 'product', 'sentiment', 'urgency', 'summary']
2026-04-27 20:51:11.179 | 2026-04-27 23:51:11,179 INFO graph [REC-2026-00205] AGENT=guardrail_output OUT in 1154ms
2026-04-27 20:51:11.180 | 2026-04-27 23:51:11,180 INFO graph [REC-2026-00205] GRAPH END timings={'guardrail_input': 617, 'triage': 1572, 'risk': 4741, 'report': 0, 'guardrail_output': 1154}
2026-04-27 20:51:11.180 | 2026-04-27 23:51:11,180 INFO graph [REC-2026-00208] GRAPH START
2026-04-27 20:51:11.181 | 2026-04-27 23:51:11,181 INFO graph [REC-2026-00208] AGENT=guardrail_input IN text_len=98
2026-04-27 20:51:11.763 | 2026-04-27 23:51:11,763 INFO agent.guardrail guardrail INPUT action=NONE
2026-04-27 20:51:11.763 | 2026-04-27 23:51:11,763 INFO graph [REC-2026-00208] AGENT=guardrail_input OUT in 582ms blocked=False reason=None
2026-04-27 20:51:11.764 | 2026-04-27 23:51:11,764 INFO graph [REC-2026-00208] AGENT=triage IN text_len=98 product_hint=Transferência
2026-04-27 20:51:13.727 | 2026-04-27 23:51:13,726 WARNING app [REC-2026-00207] tentativa 1/3 falhou — retry em 1s: An error occurred (ThrottlingException) when calling the InvokeModel operation (reached max retries: 4): Too many requests, please wait before trying again.
2026-04-27 20:51:14.727 | 2026-04-27 23:51:14,727 INFO graph [REC-2026-00207] GRAPH START
2026-04-27 20:51:14.728 | 2026-04-27 23:51:14,728 INFO graph [REC-2026-00207] AGENT=guardrail_input IN text_len=92
2026-04-27 20:51:15.310 | 2026-04-27 23:51:15,309 INFO agent.guardrail guardrail INPUT action=NONE
2026-04-27 20:51:15.310 | 2026-04-27 23:51:15,309 INFO graph [REC-2026-00207] AGENT=guardrail_input OUT in 581ms blocked=False reason=None
2026-04-27 20:51:15.311 | 2026-04-27 23:51:15,311 INFO graph [REC-2026-00207] AGENT=triage IN text_len=92 product_hint=None
2026-04-27 20:51:15.518 | 2026-04-27 23:51:15,517 INFO agent.risk risk usou 4 trechos da política (top-k=4)
2026-04-27 20:51:15.518 | 2026-04-27 23:51:15,517 INFO graph [REC-2026-00204] AGENT=risk OUT in 4829ms level=Alto rag_chunks=4
2026-04-27 20:51:15.519 | 2026-04-27 23:51:15,518 INFO graph [REC-2026-00204] AGENT=report IN
2026-04-27 20:51:15.519 | 2026-04-27 23:51:15,518 INFO graph [REC-2026-00204] AGENT=report OUT in 0ms
2026-04-27 20:51:15.519 | 2026-04-27 23:51:15,519 INFO graph [REC-2026-00204] AGENT=guardrail_output IN
2026-04-27 20:51:16.685 | 2026-04-27 23:51:16,685 INFO graph [REC-2026-00204] AGENT=guardrail_output OUT in 1165ms
2026-04-27 20:51:16.685 | 2026-04-27 23:51:16,685 INFO graph [REC-2026-00204] GRAPH END timings={'guardrail_input': 577, 'triage': 1415, 'risk': 4829, 'report': 0, 'guardrail_output': 1165}
2026-04-27 20:51:16.685 | 2026-04-27 23:51:16,685 INFO graph [REC-2026-00209] GRAPH START
2026-04-27 20:51:16.686 | 2026-04-27 23:51:16,686 INFO graph [REC-2026-00209] AGENT=guardrail_input IN text_len=110
2026-04-27 20:51:16.738 | 2026-04-27 23:51:16,737 WARNING app [REC-2026-00206] tentativa 1/3 falhou — retry em 1s: An error occurred (ThrottlingException) when calling the InvokeModel operation (reached max retries: 4): Too many requests, please wait before trying again.
2026-04-27 20:51:16.905 | 2026-04-27 23:51:16,905 INFO graph [REC-2026-00201] AGENT=triage OUT in 8694ms category=Cobrança Indevida product=Cartão de Crédito urgency=Alta
2026-04-27 20:51:16.906 | 2026-04-27 23:51:16,906 INFO graph [REC-2026-00201] AGENT=risk IN triage_keys=['category', 'product', 'sentiment', 'urgency', 'summary']
2026-04-27 20:51:17.300 | 2026-04-27 23:51:17,300 INFO agent.guardrail guardrail INPUT action=NONE
2026-04-27 20:51:17.300 | 2026-04-27 23:51:17,300 INFO graph [REC-2026-00209] AGENT=guardrail_input OUT in 614ms blocked=False reason=None
2026-04-27 20:51:17.301 | 2026-04-27 23:51:17,300 INFO graph [REC-2026-00209] AGENT=triage IN text_len=110 product_hint=None
2026-04-27 20:51:17.738 | 2026-04-27 23:51:17,738 INFO graph [REC-2026-00206] GRAPH START
2026-04-27 20:51:17.739 | 2026-04-27 23:51:17,739 INFO graph [REC-2026-00206] AGENT=guardrail_input IN text_len=112
2026-04-27 20:51:18.317 | 2026-04-27 23:51:18,317 INFO agent.guardrail guardrail INPUT action=NONE
2026-04-27 20:51:18.317 | 2026-04-27 23:51:18,317 INFO graph [REC-2026-00206] AGENT=guardrail_input OUT in 578ms blocked=False reason=None
2026-04-27 20:51:18.318 | 2026-04-27 23:51:18,318 INFO graph [REC-2026-00206] AGENT=triage IN text_len=112 product_hint=None
2026-04-27 20:51:20.493 | 2026-04-27 23:51:20,492 WARNING app [REC-2026-00208] tentativa 1/3 falhou — retry em 1s: An error occurred (ThrottlingException) when calling the InvokeModel operation (reached max retries: 4): Too many requests, please wait before trying again.
2026-04-27 20:51:21.493 | 2026-04-27 23:51:21,493 INFO graph [REC-2026-00208] GRAPH START
2026-04-27 20:51:21.494 | 2026-04-27 23:51:21,493 INFO graph [REC-2026-00208] AGENT=guardrail_input IN text_len=98
2026-04-27 20:51:21.807 | 2026-04-27 23:51:21,806 INFO agent.risk risk usou 4 trechos da política (top-k=4)
2026-04-27 20:51:21.807 | 2026-04-27 23:51:21,806 INFO graph [REC-2026-00201] AGENT=risk OUT in 4900ms level=Médio rag_chunks=4
2026-04-27 20:51:21.807 | 2026-04-27 23:51:21,807 INFO graph [REC-2026-00201] AGENT=report IN
2026-04-27 20:51:21.807 | 2026-04-27 23:51:21,807 INFO graph [REC-2026-00201] AGENT=report OUT in 0ms
2026-04-27 20:51:21.808 | 2026-04-27 23:51:21,807 INFO graph [REC-2026-00201] AGENT=guardrail_output IN
2026-04-27 20:51:22.104 | 2026-04-27 23:51:22,103 INFO agent.guardrail guardrail INPUT action=NONE
2026-04-27 20:51:22.104 | 2026-04-27 23:51:22,104 INFO graph [REC-2026-00208] AGENT=guardrail_input OUT in 611ms blocked=False reason=None
2026-04-27 20:51:22.104 | 2026-04-27 23:51:22,104 INFO graph [REC-2026-00208] AGENT=triage IN text_len=98 product_hint=Transferência
2026-04-27 20:51:22.995 | 2026-04-27 23:51:22,995 WARNING agent.guardrail guardrail OUTPUT bloqueou campo=risk_justification — usando regex como fallback
2026-04-27 20:51:22.995 | 2026-04-27 23:51:22,995 INFO graph [REC-2026-00201] AGENT=guardrail_output OUT in 1188ms
2026-04-27 20:51:22.996 | 2026-04-27 23:51:22,996 INFO graph [REC-2026-00201] GRAPH END timings={'guardrail_input': 541, 'triage': 8694, 'risk': 4900, 'report': 0, 'guardrail_output': 1188}
2026-04-27 20:51:22.996 | 2026-04-27 23:51:22,996 INFO graph [REC-2026-00210] GRAPH START
2026-04-27 20:51:22.997 | 2026-04-27 23:51:22,997 INFO graph [REC-2026-00210] AGENT=guardrail_input IN text_len=125
2026-04-27 20:51:23.627 | 2026-04-27 23:51:23,626 INFO agent.guardrail guardrail INPUT action=NONE
2026-04-27 20:51:23.627 | 2026-04-27 23:51:23,626 INFO graph [REC-2026-00210] AGENT=guardrail_input OUT in 629ms blocked=False reason=None
2026-04-27 20:51:23.627 | 2026-04-27 23:51:23,627 INFO graph [REC-2026-00210] AGENT=triage IN text_len=125 product_hint=Seguro
2026-04-27 20:51:23.697 | 2026-04-27 23:51:23,697 INFO graph [REC-2026-00206] AGENT=triage OUT in 5379ms category=Cobrança Indevida product=Conta Corrente urgency=Alta
2026-04-27 20:51:23.698 | 2026-04-27 23:51:23,697 INFO graph [REC-2026-00206] AGENT=risk IN triage_keys=['category', 'product', 'sentiment', 'urgency', 'summary']
2026-04-27 20:51:24.355 | 2026-04-27 23:51:24,355 WARNING app [REC-2026-00207] tentativa 2/3 falhou — retry em 2s: An error occurred (ThrottlingException) when calling the InvokeModel operation (reached max retries: 4): Too many requests, please wait before trying again.
2026-04-27 20:51:26.356 | 2026-04-27 23:51:26,356 INFO graph [REC-2026-00207] GRAPH START
2026-04-27 20:51:26.357 | 2026-04-27 23:51:26,357 INFO graph [REC-2026-00207] AGENT=guardrail_input IN text_len=92
2026-04-27 20:51:26.927 | 2026-04-27 23:51:26,926 INFO agent.guardrail guardrail INPUT action=NONE
2026-04-27 20:51:26.927 | 2026-04-27 23:51:26,926 INFO graph [REC-2026-00207] AGENT=guardrail_input OUT in 569ms blocked=False reason=None
2026-04-27 20:51:26.927 | 2026-04-27 23:51:26,927 INFO graph [REC-2026-00207] AGENT=triage IN text_len=92 product_hint=None
2026-04-27 20:51:28.170 | 2026-04-27 23:51:28,169 WARNING app [REC-2026-00209] tentativa 1/3 falhou — retry em 1s: An error occurred (ThrottlingException) when calling the InvokeModel operation (reached max retries: 4): Too many requests, please wait before trying again.
2026-04-27 20:51:28.488 | 2026-04-27 23:51:28,488 INFO graph [REC-2026-00207] AGENT=triage OUT in 1561ms category=Atendimento product=Conta Corrente urgency=Média
2026-04-27 20:51:28.488 | 2026-04-27 23:51:28,488 INFO graph [REC-2026-00207] AGENT=risk IN triage_keys=['category', 'product', 'sentiment', 'urgency', 'summary']
2026-04-27 20:51:28.761 | 2026-04-27 23:51:28,761 INFO agent.risk risk usou 4 trechos da política (top-k=4)
2026-04-27 20:51:28.761 | 2026-04-27 23:51:28,761 INFO graph [REC-2026-00206] AGENT=risk OUT in 5064ms level=Alto rag_chunks=4
2026-04-27 20:51:28.762 | 2026-04-27 23:51:28,761 INFO graph [REC-2026-00206] AGENT=report IN
2026-04-27 20:51:28.762 | 2026-04-27 23:51:28,761 INFO graph [REC-2026-00206] AGENT=report OUT in 0ms
2026-04-27 20:51:28.762 | 2026-04-27 23:51:28,762 INFO graph [REC-2026-00206] AGENT=guardrail_output IN
2026-04-27 20:51:29.171 | 2026-04-27 23:51:29,170 INFO graph [REC-2026-00209] GRAPH START
2026-04-27 20:51:29.172 | 2026-04-27 23:51:29,172 INFO graph [REC-2026-00209] AGENT=guardrail_input IN text_len=110
2026-04-27 20:51:29.832 | 2026-04-27 23:51:29,832 INFO agent.guardrail guardrail INPUT action=NONE
2026-04-27 20:51:29.833 | 2026-04-27 23:51:29,832 INFO graph [REC-2026-00209] AGENT=guardrail_input OUT in 660ms blocked=False reason=None
2026-04-27 20:51:29.833 | 2026-04-27 23:51:29,833 INFO graph [REC-2026-00209] AGENT=triage IN text_len=110 product_hint=None
2026-04-27 20:51:30.002 | 2026-04-27 23:51:30,002 INFO graph [REC-2026-00206] AGENT=guardrail_output OUT in 1240ms
2026-04-27 20:51:30.003 | 2026-04-27 23:51:30,003 INFO graph [REC-2026-00206] GRAPH END timings={'guardrail_input': 578, 'triage': 5379, 'risk': 5064, 'report': 0, 'guardrail_output': 1240}
2026-04-27 20:51:30.003 | 2026-04-27 23:51:30,003 INFO graph [REC-2026-00211] GRAPH START
2026-04-27 20:51:30.004 | 2026-04-27 23:51:30,004 INFO graph [REC-2026-00211] AGENT=guardrail_input IN text_len=80
2026-04-27 20:51:30.190 | 2026-04-27 23:51:30,189 WARNING app [REC-2026-00208] tentativa 2/3 falhou — retry em 2s: An error occurred (ThrottlingException) when calling the InvokeModel operation (reached max retries: 4): Too many requests, please wait before trying again.
2026-04-27 20:51:30.649 | 2026-04-27 23:51:30,649 INFO agent.guardrail guardrail INPUT action=NONE
2026-04-27 20:51:30.649 | 2026-04-27 23:51:30,649 INFO graph [REC-2026-00211] AGENT=guardrail_input OUT in 645ms blocked=False reason=None
2026-04-27 20:51:30.650 | 2026-04-27 23:51:30,650 INFO graph [REC-2026-00211] AGENT=triage IN text_len=80 product_hint=None
2026-04-27 20:51:32.190 | 2026-04-27 23:51:32,190 INFO graph [REC-2026-00208] GRAPH START
2026-04-27 20:51:32.191 | 2026-04-27 23:51:32,191 INFO graph [REC-2026-00208] AGENT=guardrail_input IN text_len=98
2026-04-27 20:51:32.830 | 2026-04-27 23:51:32,829 INFO agent.guardrail guardrail INPUT action=NONE
2026-04-27 20:51:32.831 | 2026-04-27 23:51:32,830 INFO graph [REC-2026-00208] AGENT=guardrail_input OUT in 640ms blocked=False reason=None
2026-04-27 20:51:32.832 | 2026-04-27 23:51:32,831 INFO graph [REC-2026-00208] AGENT=triage IN text_len=98 product_hint=Transferência
2026-04-27 20:51:33.432 | 2026-04-27 23:51:33,432 INFO agent.risk risk usou 4 trechos da política (top-k=4)
2026-04-27 20:51:33.432 | 2026-04-27 23:51:33,432 INFO graph [REC-2026-00207] AGENT=risk OUT in 4944ms level=Médio rag_chunks=4
2026-04-27 20:51:33.433 | 2026-04-27 23:51:33,433 INFO graph [REC-2026-00207] AGENT=report IN
2026-04-27 20:51:33.433 | 2026-04-27 23:51:33,433 INFO graph [REC-2026-00207] AGENT=report OUT in 0ms
2026-04-27 20:51:33.433 | 2026-04-27 23:51:33,433 INFO graph [REC-2026-00207] AGENT=guardrail_output IN
2026-04-27 20:51:33.729 | 2026-04-27 23:51:33,728 WARNING app [REC-2026-00210] tentativa 1/3 falhou — retry em 1s: An error occurred (ThrottlingException) when calling the InvokeModel operation (reached max retries: 4): Too many requests, please wait before trying again.
2026-04-27 20:51:34.608 | 2026-04-27 23:51:34,608 INFO graph [REC-2026-00208] AGENT=triage OUT in 1777ms category=Cobrança Indevida product=Conta Corrente urgency=Média
2026-04-27 20:51:34.609 | 2026-04-27 23:51:34,609 INFO graph [REC-2026-00208] AGENT=risk IN triage_keys=['category', 'product', 'sentiment', 'urgency', 'summary']
2026-04-27 20:51:34.729 | 2026-04-27 23:51:34,728 INFO graph [REC-2026-00210] GRAPH START
2026-04-27 20:51:34.730 | 2026-04-27 23:51:34,729 INFO graph [REC-2026-00210] AGENT=guardrail_input IN text_len=125
2026-04-27 20:51:34.741 | 2026-04-27 23:51:34,741 INFO graph [REC-2026-00207] AGENT=guardrail_output OUT in 1308ms
2026-04-27 20:51:34.742 | 2026-04-27 23:51:34,742 INFO graph [REC-2026-00207] GRAPH END timings={'guardrail_input': 569, 'triage': 1561, 'risk': 4944, 'report': 0, 'guardrail_output': 1308}
2026-04-27 20:51:34.742 | 2026-04-27 23:51:34,742 INFO graph [REC-2026-00212] GRAPH START
2026-04-27 20:51:34.743 | 2026-04-27 23:51:34,743 INFO graph [REC-2026-00212] AGENT=guardrail_input IN text_len=110
2026-04-27 20:51:35.423 | 2026-04-27 23:51:35,423 INFO agent.guardrail guardrail INPUT action=NONE
2026-04-27 20:51:35.423 | 2026-04-27 23:51:35,423 INFO graph [REC-2026-00212] AGENT=guardrail_input OUT in 680ms blocked=False reason=None
2026-04-27 20:51:35.424 | 2026-04-27 23:51:35,424 INFO graph [REC-2026-00212] AGENT=triage IN text_len=110 product_hint=PIX
2026-04-27 20:51:35.436 | 2026-04-27 23:51:35,436 INFO agent.guardrail guardrail INPUT action=NONE
2026-04-27 20:51:35.436 | 2026-04-27 23:51:35,436 INFO graph [REC-2026-00210] AGENT=guardrail_input OUT in 707ms blocked=False reason=None
2026-04-27 20:51:35.437 | 2026-04-27 23:51:35,437 INFO graph [REC-2026-00210] AGENT=triage IN text_len=125 product_hint=Seguro
2026-04-27 20:51:36.543 | 2026-04-27 23:51:36,542 WARNING app [REC-2026-00211] tentativa 1/3 falhou — retry em 1s: An error occurred (ThrottlingException) when calling the InvokeModel operation (reached max retries: 4): Too many requests, please wait before trying again.
2026-04-27 20:51:37.543 | 2026-04-27 23:51:37,543 INFO graph [REC-2026-00211] GRAPH START
2026-04-27 20:51:37.545 | 2026-04-27 23:51:37,545 INFO graph [REC-2026-00211] AGENT=guardrail_input IN text_len=80
2026-04-27 20:51:38.227 | 2026-04-27 23:51:38,226 INFO agent.guardrail guardrail INPUT action=NONE
2026-04-27 20:51:38.227 | 2026-04-27 23:51:38,226 INFO graph [REC-2026-00211] AGENT=guardrail_input OUT in 681ms blocked=False reason=None
2026-04-27 20:51:38.227 | 2026-04-27 23:51:38,227 INFO graph [REC-2026-00211] AGENT=triage IN text_len=80 product_hint=None
2026-04-27 20:51:39.438 | 2026-04-27 23:51:39,437 INFO agent.risk risk usou 4 trechos da política (top-k=4)
2026-04-27 20:51:39.438 | 2026-04-27 23:51:39,437 INFO graph [REC-2026-00208] AGENT=risk OUT in 4828ms level=Médio rag_chunks=4
2026-04-27 20:51:39.438 | 2026-04-27 23:51:39,438 INFO graph [REC-2026-00208] AGENT=report IN
2026-04-27 20:51:39.438 | 2026-04-27 23:51:39,438 INFO graph [REC-2026-00208] AGENT=report OUT in 0ms
2026-04-27 20:51:39.438 | 2026-04-27 23:51:39,438 INFO graph [REC-2026-00208] AGENT=guardrail_output IN
2026-04-27 20:51:40.157 | 2026-04-27 23:51:40,157 WARNING app [REC-2026-00209] tentativa 2/3 falhou — retry em 2s: An error occurred (ThrottlingException) when calling the InvokeModel operation (reached max retries: 4): Too many requests, please wait before trying again.
2026-04-27 20:51:40.177 | 2026-04-27 23:51:40,176 WARNING app [REC-2026-00210] tentativa 2/3 falhou — retry em 2s: An error occurred (ThrottlingException) when calling the InvokeModel operation (reached max retries: 4): Too many requests, please wait before trying again.
2026-04-27 20:51:40.824 | 2026-04-27 23:51:40,823 WARNING agent.guardrail guardrail OUTPUT bloqueou campo=risk_justification — usando regex como fallback
2026-04-27 20:51:40.824 | 2026-04-27 23:51:40,824 INFO graph [REC-2026-00208] AGENT=guardrail_output OUT in 1386ms
2026-04-27 20:51:40.824 | 2026-04-27 23:51:40,824 INFO graph [REC-2026-00208] GRAPH END timings={'guardrail_input': 640, 'triage': 1777, 'risk': 4828, 'report': 0, 'guardrail_output': 1386}
2026-04-27 20:51:40.825 | 2026-04-27 23:51:40,824 INFO graph [REC-2026-00213] GRAPH START
2026-04-27 20:51:40.826 | 2026-04-27 23:51:40,826 INFO graph [REC-2026-00213] AGENT=guardrail_input IN text_len=111
2026-04-27 20:51:41.436 | 2026-04-27 23:51:41,436 INFO graph [REC-2026-00212] AGENT=triage OUT in 6012ms category=Produto/Serviço product=Conta Corrente urgency=Alta
2026-04-27 20:51:41.436 | 2026-04-27 23:51:41,436 INFO graph [REC-2026-00212] AGENT=risk IN triage_keys=['category', 'product', 'sentiment', 'urgency', 'summary']
2026-04-27 20:51:41.459 | 2026-04-27 23:51:41,459 INFO agent.guardrail guardrail INPUT action=NONE
2026-04-27 20:51:41.459 | 2026-04-27 23:51:41,459 INFO graph [REC-2026-00213] AGENT=guardrail_input OUT in 633ms blocked=False reason=None
2026-04-27 20:51:41.460 | 2026-04-27 23:51:41,460 INFO graph [REC-2026-00213] AGENT=triage IN text_len=111 product_hint=Cartão de Crédito
2026-04-27 20:51:42.157 | 2026-04-27 23:51:42,157 INFO graph [REC-2026-00209] GRAPH START
2026-04-27 20:51:42.159 | 2026-04-27 23:51:42,159 INFO graph [REC-2026-00209] AGENT=guardrail_input IN text_len=110
2026-04-27 20:51:42.177 | 2026-04-27 23:51:42,177 INFO graph [REC-2026-00210] GRAPH START
2026-04-27 20:51:42.178 | 2026-04-27 23:51:42,178 INFO graph [REC-2026-00210] AGENT=guardrail_input IN text_len=125
2026-04-27 20:51:42.790 | 2026-04-27 23:51:42,790 INFO agent.guardrail guardrail INPUT action=NONE
2026-04-27 20:51:42.790 | 2026-04-27 23:51:42,790 INFO graph [REC-2026-00209] AGENT=guardrail_input OUT in 631ms blocked=False reason=None
2026-04-27 20:51:42.791 | 2026-04-27 23:51:42,791 INFO graph [REC-2026-00209] AGENT=triage IN text_len=110 product_hint=None
2026-04-27 20:51:42.804 | 2026-04-27 23:51:42,804 INFO agent.guardrail guardrail INPUT action=NONE
2026-04-27 20:51:42.804 | 2026-04-27 23:51:42,804 INFO graph [REC-2026-00210] AGENT=guardrail_input OUT in 626ms blocked=False reason=None
2026-04-27 20:51:42.805 | 2026-04-27 23:51:42,805 INFO graph [REC-2026-00210] AGENT=triage IN text_len=125 product_hint=Seguro
2026-04-27 20:51:46.272 | 2026-04-27 23:51:46,271 INFO agent.risk risk usou 4 trechos da política (top-k=4)
2026-04-27 20:51:46.272 | 2026-04-27 23:51:46,271 INFO graph [REC-2026-00212] AGENT=risk OUT in 4835ms level=Médio rag_chunks=4
2026-04-27 20:51:46.272 | 2026-04-27 23:51:46,272 INFO graph [REC-2026-00212] AGENT=report IN
2026-04-27 20:51:46.272 | 2026-04-27 23:51:46,272 INFO graph [REC-2026-00212] AGENT=report OUT in 0ms
2026-04-27 20:51:46.273 | 2026-04-27 23:51:46,272 INFO graph [REC-2026-00212] AGENT=guardrail_output IN
2026-04-27 20:51:46.630 | 2026-04-27 23:51:46,630 INFO graph [REC-2026-00209] AGENT=triage OUT in 3839ms category=Atendimento product=Não Identificado urgency=Média
2026-04-27 20:51:46.631 | 2026-04-27 23:51:46,630 INFO graph [REC-2026-00209] AGENT=risk IN triage_keys=['category', 'product', 'sentiment', 'urgency', 'summary']
2026-04-27 20:51:47.714 | 2026-04-27 23:51:47,713 INFO graph [REC-2026-00212] AGENT=guardrail_output OUT in 1441ms
2026-04-27 20:51:47.714 | 2026-04-27 23:51:47,714 INFO graph [REC-2026-00212] GRAPH END timings={'guardrail_input': 680, 'triage': 6012, 'risk': 4835, 'report': 0, 'guardrail_output': 1441}
2026-04-27 20:51:47.715 | 2026-04-27 23:51:47,715 INFO graph [REC-2026-00214] GRAPH START
2026-04-27 20:51:47.716 | 2026-04-27 23:51:47,716 INFO graph [REC-2026-00214] AGENT=guardrail_input IN text_len=106
2026-04-27 20:51:47.736 | 2026-04-27 23:51:47,736 WARNING app [REC-2026-00211] tentativa 2/3 falhou — retry em 2s: An error occurred (ThrottlingException) when calling the InvokeModel operation (reached max retries: 4): Too many requests, please wait before trying again.
2026-04-27 20:51:48.354 | 2026-04-27 23:51:48,353 INFO agent.guardrail guardrail INPUT action=NONE
2026-04-27 20:51:48.354 | 2026-04-27 23:51:48,354 INFO graph [REC-2026-00214] AGENT=guardrail_input OUT in 638ms blocked=False reason=None
2026-04-27 20:51:48.355 | 2026-04-27 23:51:48,354 INFO graph [REC-2026-00214] AGENT=triage IN text_len=106 product_hint=None
2026-04-27 20:51:49.737 | 2026-04-27 23:51:49,736 INFO graph [REC-2026-00211] GRAPH START
2026-04-27 20:51:49.738 | 2026-04-27 23:51:49,738 INFO graph [REC-2026-00211] AGENT=guardrail_input IN text_len=80
2026-04-27 20:51:50.361 | 2026-04-27 23:51:50,360 INFO agent.guardrail guardrail INPUT action=NONE
2026-04-27 20:51:50.361 | 2026-04-27 23:51:50,361 INFO graph [REC-2026-00211] AGENT=guardrail_input OUT in 624ms blocked=False reason=None
2026-04-27 20:51:50.361 | 2026-04-27 23:51:50,361 INFO graph [REC-2026-00211] AGENT=triage IN text_len=80 product_hint=None
2026-04-27 20:51:50.816 | 2026-04-27 23:51:50,816 INFO agent.risk risk usou 4 trechos da política (top-k=4)
2026-04-27 20:51:50.816 | 2026-04-27 23:51:50,816 INFO graph [REC-2026-00209] AGENT=risk OUT in 4186ms level=Baixo rag_chunks=4
2026-04-27 20:51:50.816 | 2026-04-27 23:51:50,816 INFO graph [REC-2026-00209] AGENT=report IN
2026-04-27 20:51:50.816 | 2026-04-27 23:51:50,816 INFO graph [REC-2026-00209] AGENT=report OUT in 0ms
2026-04-27 20:51:50.817 | 2026-04-27 23:51:50,817 INFO graph [REC-2026-00209] AGENT=guardrail_output IN
2026-04-27 20:51:52.080 | 2026-04-27 23:51:52,079 INFO graph [REC-2026-00209] AGENT=guardrail_output OUT in 1262ms
2026-04-27 20:51:52.081 | 2026-04-27 23:51:52,080 INFO graph [REC-2026-00209] GRAPH END timings={'guardrail_input': 631, 'triage': 3839, 'risk': 4186, 'report': 0, 'guardrail_output': 1262}
2026-04-27 20:51:52.081 | 2026-04-27 23:51:52,081 INFO graph [REC-2026-00215] GRAPH START
2026-04-27 20:51:52.082 | 2026-04-27 23:51:52,082 INFO graph [REC-2026-00215] AGENT=guardrail_input IN text_len=93
2026-04-27 20:51:52.193 | 2026-04-27 23:51:52,193 WARNING app [REC-2026-00213] tentativa 1/3 falhou — retry em 1s: An error occurred (ThrottlingException) when calling the InvokeModel operation (reached max retries: 4): Too many requests, please wait before trying again.
2026-04-27 20:51:52.306 | 2026-04-27 23:51:52,305 INFO graph [REC-2026-00211] AGENT=triage OUT in 1944ms category=Atendimento product=Não Identificado urgency=Baixa
2026-04-27 20:51:52.306 | 2026-04-27 23:51:52,306 INFO graph [REC-2026-00211] AGENT=risk IN triage_keys=['category', 'product', 'sentiment', 'urgency', 'summary']
2026-04-27 20:51:52.731 | 2026-04-27 23:51:52,730 INFO agent.guardrail guardrail INPUT action=NONE
2026-04-27 20:51:52.731 | 2026-04-27 23:51:52,730 INFO graph [REC-2026-00215] AGENT=guardrail_input OUT in 648ms blocked=False reason=None
2026-04-27 20:51:52.731 | 2026-04-27 23:51:52,731 INFO graph [REC-2026-00215] AGENT=triage IN text_len=93 product_hint=None
2026-04-27 20:51:52.949 | 2026-04-27 23:51:52,948 ERROR app [REC-2026-00210] todas 3 tentativas falharam: An error occurred (ThrottlingException) when calling the InvokeModel operation (reached max retries: 4): Too many requests, please wait before trying again.
2026-04-27 20:51:52.949 | 2026-04-27 23:51:52,949 WARNING app [REC-2026-00210] throttling — agendado para próximo passe
2026-04-27 20:51:52.949 | 2026-04-27 23:51:52,949 INFO graph [REC-2026-00216] GRAPH START
2026-04-27 20:51:52.950 | 2026-04-27 23:51:52,950 INFO graph [REC-2026-00216] AGENT=guardrail_input IN text_len=94
2026-04-27 20:51:53.194 | 2026-04-27 23:51:53,193 INFO graph [REC-2026-00213] GRAPH START
2026-04-27 20:51:53.196 | 2026-04-27 23:51:53,195 INFO graph [REC-2026-00213] AGENT=guardrail_input IN text_len=111
2026-04-27 20:51:53.584 | 2026-04-27 23:51:53,582 INFO agent.guardrail guardrail INPUT action=NONE
2026-04-27 20:51:53.584 | 2026-04-27 23:51:53,583 INFO graph [REC-2026-00216] AGENT=guardrail_input OUT in 633ms blocked=False reason=None
2026-04-27 20:51:53.585 | 2026-04-27 23:51:53,585 INFO graph [REC-2026-00216] AGENT=triage IN text_len=94 product_hint=PIX
2026-04-27 20:51:53.791 | 2026-04-27 23:51:53,791 INFO agent.guardrail guardrail INPUT action=NONE
2026-04-27 20:51:53.791 | 2026-04-27 23:51:53,791 INFO graph [REC-2026-00213] AGENT=guardrail_input OUT in 596ms blocked=False reason=None
2026-04-27 20:51:53.792 | 2026-04-27 23:51:53,791 INFO graph [REC-2026-00213] AGENT=triage IN text_len=111 product_hint=Cartão de Crédito
2026-04-27 20:51:56.574 | 2026-04-27 23:51:56,573 INFO agent.risk risk usou 4 trechos da política (top-k=4)
2026-04-27 20:51:56.574 | 2026-04-27 23:51:56,574 INFO graph [REC-2026-00211] AGENT=risk OUT in 4268ms level=Baixo rag_chunks=4
2026-04-27 20:51:56.574 | 2026-04-27 23:51:56,574 INFO graph [REC-2026-00211] AGENT=report IN
2026-04-27 20:51:56.574 | 2026-04-27 23:51:56,574 INFO graph [REC-2026-00211] AGENT=report OUT in 0ms
2026-04-27 20:51:56.575 | 2026-04-27 23:51:56,574 INFO graph [REC-2026-00211] AGENT=guardrail_output IN
2026-04-27 20:51:58.079 | 2026-04-27 23:51:58,078 INFO graph [REC-2026-00211] AGENT=guardrail_output OUT in 1504ms
2026-04-27 20:51:58.079 | 2026-04-27 23:51:58,079 INFO graph [REC-2026-00211] GRAPH END timings={'guardrail_input': 624, 'triage': 1944, 'risk': 4268, 'report': 0, 'guardrail_output': 1504}
2026-04-27 20:51:58.080 | 2026-04-27 23:51:58,079 INFO graph [REC-2026-00217] GRAPH START
2026-04-27 20:51:58.081 | 2026-04-27 23:51:58,081 INFO graph [REC-2026-00217] AGENT=guardrail_input IN text_len=142
2026-04-27 20:51:58.797 | 2026-04-27 23:51:58,796 INFO agent.guardrail guardrail INPUT action=NONE
2026-04-27 20:51:58.797 | 2026-04-27 23:51:58,796 INFO graph [REC-2026-00217] AGENT=guardrail_input OUT in 715ms blocked=False reason=None
2026-04-27 20:51:58.798 | 2026-04-27 23:51:58,797 INFO graph [REC-2026-00217] AGENT=triage IN text_len=142 product_hint=Transferência
2026-04-27 20:51:59.538 | 2026-04-27 23:51:59,537 INFO graph [REC-2026-00215] AGENT=triage OUT in 6806ms category=Outros product=Não Identificado urgency=Crítica
2026-04-27 20:51:59.538 | 2026-04-27 23:51:59,538 INFO graph [REC-2026-00215] AGENT=risk IN triage_keys=['category', 'product', 'sentiment', 'urgency', 'summary']
2026-04-27 20:52:01.403 | 2026-04-27 23:52:01,402 WARNING app [REC-2026-00214] tentativa 1/3 falhou — retry em 1s: An error occurred (ThrottlingException) when calling the InvokeModel operation (reached max retries: 4): Too many requests, please wait before trying again.
2026-04-27 20:52:01.753 | 2026-04-27 23:52:01,753 WARNING app [REC-2026-00213] tentativa 2/3 falhou — retry em 2s: An error occurred (ThrottlingException) when calling the InvokeModel operation (reached max retries: 4): Too many requests, please wait before trying again.
2026-04-27 20:52:02.403 | 2026-04-27 23:52:02,402 INFO graph [REC-2026-00214] GRAPH START
2026-04-27 20:52:02.405 | 2026-04-27 23:52:02,404 INFO graph [REC-2026-00214] AGENT=guardrail_input IN text_len=106
2026-04-27 20:52:03.152 | 2026-04-27 23:52:03,151 INFO agent.guardrail guardrail INPUT action=NONE
2026-04-27 20:52:03.152 | 2026-04-27 23:52:03,152 INFO graph [REC-2026-00214] AGENT=guardrail_input OUT in 748ms blocked=False reason=None
2026-04-27 20:52:03.153 | 2026-04-27 23:52:03,153 INFO graph [REC-2026-00214] AGENT=triage IN text_len=106 product_hint=None
2026-04-27 20:52:03.154 | 2026-04-27 23:52:03,154 WARNING app [REC-2026-00216] tentativa 1/3 falhou — retry em 1s: An error occurred (ThrottlingException) when calling the InvokeModel operation (reached max retries: 4): Too many requests, please wait before trying again.
2026-04-27 20:52:03.754 | 2026-04-27 23:52:03,753 INFO graph [REC-2026-00213] GRAPH START
2026-04-27 20:52:03.756 | 2026-04-27 23:52:03,756 INFO graph [REC-2026-00213] AGENT=guardrail_input IN text_len=111
2026-04-27 20:52:04.157 | 2026-04-27 23:52:04,156 INFO graph [REC-2026-00216] GRAPH START
2026-04-27 20:52:04.157 | 2026-04-27 23:52:04,157 INFO graph [REC-2026-00216] AGENT=guardrail_input IN text_len=94
2026-04-27 20:52:04.381 | 2026-04-27 23:52:04,380 INFO agent.guardrail guardrail INPUT action=NONE
2026-04-27 20:52:04.381 | 2026-04-27 23:52:04,380 INFO graph [REC-2026-00213] AGENT=guardrail_input OUT in 625ms blocked=False reason=None
2026-04-27 20:52:04.382 | 2026-04-27 23:52:04,382 INFO graph [REC-2026-00213] AGENT=triage IN text_len=111 product_hint=Cartão de Crédito
2026-04-27 20:52:04.753 | 2026-04-27 23:52:04,752 INFO agent.guardrail guardrail INPUT action=NONE
2026-04-27 20:52:04.753 | 2026-04-27 23:52:04,752 INFO graph [REC-2026-00216] AGENT=guardrail_input OUT in 595ms blocked=False reason=None
2026-04-27 20:52:04.753 | 2026-04-27 23:52:04,753 INFO graph [REC-2026-00216] AGENT=triage IN text_len=94 product_hint=PIX
2026-04-27 20:52:04.935 | 2026-04-27 23:52:04,935 INFO graph [REC-2026-00214] AGENT=triage OUT in 1783ms category=Produto/Serviço product=Conta Corrente urgency=Baixa
2026-04-27 20:52:04.936 | 2026-04-27 23:52:04,936 INFO graph [REC-2026-00214] AGENT=risk IN triage_keys=['category', 'product', 'sentiment', 'urgency', 'summary']
2026-04-27 20:52:05.265 | 2026-04-27 23:52:05,265 INFO agent.risk risk usou 4 trechos da política (top-k=4)
2026-04-27 20:52:05.265 | 2026-04-27 23:52:05,265 INFO graph [REC-2026-00215] AGENT=risk OUT in 5727ms level=Crítico rag_chunks=4
2026-04-27 20:52:05.266 | 2026-04-27 23:52:05,266 INFO graph [REC-2026-00215] AGENT=report IN
2026-04-27 20:52:05.266 | 2026-04-27 23:52:05,266 INFO graph [REC-2026-00215] AGENT=report OUT in 0ms
2026-04-27 20:52:05.267 | 2026-04-27 23:52:05,267 INFO graph [REC-2026-00215] AGENT=guardrail_output IN
2026-04-27 20:52:05.491 | 2026-04-27 23:52:05,490 WARNING app [REC-2026-00217] tentativa 1/3 falhou — retry em 1s: An error occurred (ThrottlingException) when calling the InvokeModel operation (reached max retries: 4): Too many requests, please wait before trying again.
2026-04-27 20:52:05.864 | 2026-04-27 23:52:05,863 WARNING agent.guardrail guardrail OUTPUT bloqueou campo=summary — usando regex como fallback
2026-04-27 20:52:06.491 | 2026-04-27 23:52:06,490 INFO graph [REC-2026-00217] GRAPH START
2026-04-27 20:52:06.492 | 2026-04-27 23:52:06,492 INFO graph [REC-2026-00217] AGENT=guardrail_input IN text_len=142
2026-04-27 20:52:06.501 | 2026-04-27 23:52:06,501 WARNING agent.guardrail guardrail OUTPUT bloqueou campo=risk_justification — usando regex como fallback
2026-04-27 20:52:06.501 | 2026-04-27 23:52:06,501 INFO graph [REC-2026-00215] AGENT=guardrail_output OUT in 1234ms
2026-04-27 20:52:06.502 | 2026-04-27 23:52:06,502 INFO graph [REC-2026-00215] GRAPH END timings={'guardrail_input': 648, 'triage': 6806, 'risk': 5727, 'report': 0, 'guardrail_output': 1234}
2026-04-27 20:52:06.502 | 2026-04-27 23:52:06,502 INFO graph [REC-2026-00218] GRAPH START
2026-04-27 20:52:06.503 | 2026-04-27 23:52:06,503 INFO graph [REC-2026-00218] AGENT=guardrail_input IN text_len=90
2026-04-27 20:52:07.139 | 2026-04-27 23:52:07,139 INFO agent.guardrail guardrail INPUT action=NONE
2026-04-27 20:52:07.139 | 2026-04-27 23:52:07,139 INFO graph [REC-2026-00218] AGENT=guardrail_input OUT in 636ms blocked=False reason=None
2026-04-27 20:52:07.140 | 2026-04-27 23:52:07,140 INFO graph [REC-2026-00218] AGENT=triage IN text_len=90 product_hint=None
2026-04-27 20:52:07.148 | 2026-04-27 23:52:07,148 INFO agent.guardrail guardrail INPUT action=NONE
2026-04-27 20:52:07.148 | 2026-04-27 23:52:07,148 INFO graph [REC-2026-00217] AGENT=guardrail_input OUT in 656ms blocked=False reason=None
2026-04-27 20:52:07.149 | 2026-04-27 23:52:07,148 INFO graph [REC-2026-00217] AGENT=triage IN text_len=142 product_hint=Transferência
2026-04-27 20:52:09.012 | 2026-04-27 23:52:09,012 INFO agent.risk risk usou 4 trechos da política (top-k=4)
2026-04-27 20:52:09.012 | 2026-04-27 23:52:09,012 INFO graph [REC-2026-00214] AGENT=risk OUT in 4076ms level=Baixo rag_chunks=4
2026-04-27 20:52:09.013 | 2026-04-27 23:52:09,013 INFO graph [REC-2026-00214] AGENT=report IN
2026-04-27 20:52:09.013 | 2026-04-27 23:52:09,013 INFO graph [REC-2026-00214] AGENT=report OUT in 0ms
2026-04-27 20:52:09.014 | 2026-04-27 23:52:09,013 INFO graph [REC-2026-00214] AGENT=guardrail_output IN
2026-04-27 20:52:10.338 | 2026-04-27 23:52:10,337 INFO graph [REC-2026-00214] AGENT=guardrail_output OUT in 1324ms
2026-04-27 20:52:10.338 | 2026-04-27 23:52:10,338 INFO graph [REC-2026-00214] GRAPH END timings={'guardrail_input': 748, 'triage': 1783, 'risk': 4076, 'report': 0, 'guardrail_output': 1324}
2026-04-27 20:52:10.338 | 2026-04-27 23:52:10,338 INFO graph [REC-2026-00219] GRAPH START
2026-04-27 20:52:10.339 | 2026-04-27 23:52:10,339 INFO graph [REC-2026-00219] AGENT=guardrail_input IN text_len=38
2026-04-27 20:52:10.677 | 2026-04-27 23:52:10,677 INFO graph [REC-2026-00213] AGENT=triage OUT in 6295ms category=Cobrança Indevida product=Cartão de Crédito urgency=Alta
2026-04-27 20:52:10.678 | 2026-04-27 23:52:10,677 INFO graph [REC-2026-00213] AGENT=risk IN triage_keys=['category', 'product', 'sentiment', 'urgency', 'summary']
2026-04-27 20:52:10.974 | 2026-04-27 23:52:10,973 INFO agent.guardrail guardrail INPUT action=NONE
2026-04-27 20:52:10.974 | 2026-04-27 23:52:10,974 INFO graph [REC-2026-00219] AGENT=guardrail_input OUT in 635ms blocked=False reason=None
2026-04-27 20:52:10.975 | 2026-04-27 23:52:10,975 INFO graph [REC-2026-00219] AGENT=triage IN text_len=38 product_hint=None
2026-04-27 20:52:11.135 | 2026-04-27 23:52:11,135 WARNING app [REC-2026-00216] tentativa 2/3 falhou — retry em 2s: An error occurred (ThrottlingException) when calling the InvokeModel operation (reached max retries: 4): Too many requests, please wait before trying again.
2026-04-27 20:52:13.135 | 2026-04-27 23:52:13,135 INFO graph [REC-2026-00216] GRAPH START
2026-04-27 20:52:13.136 | 2026-04-27 23:52:13,136 INFO graph [REC-2026-00216] AGENT=guardrail_input IN text_len=94
2026-04-27 20:52:13.816 | 2026-04-27 23:52:13,815 INFO agent.guardrail guardrail INPUT action=NONE
2026-04-27 20:52:13.816 | 2026-04-27 23:52:13,816 INFO graph [REC-2026-00216] AGENT=guardrail_input OUT in 680ms blocked=False reason=None
2026-04-27 20:52:13.816 | 2026-04-27 23:52:13,816 INFO graph [REC-2026-00216] AGENT=triage IN text_len=94 product_hint=PIX
2026-04-27 20:52:16.002 | 2026-04-27 23:52:16,002 INFO agent.risk risk usou 4 trechos da política (top-k=4)
2026-04-27 20:52:16.002 | 2026-04-27 23:52:16,002 INFO graph [REC-2026-00213] AGENT=risk OUT in 5325ms level=Médio rag_chunks=4
2026-04-27 20:52:16.002 | 2026-04-27 23:52:16,002 INFO graph [REC-2026-00213] AGENT=report IN
2026-04-27 20:52:16.002 | 2026-04-27 23:52:16,002 INFO graph [REC-2026-00213] AGENT=report OUT in 0ms
2026-04-27 20:52:16.003 | 2026-04-27 23:52:16,003 INFO graph [REC-2026-00213] AGENT=guardrail_output IN
2026-04-27 20:52:16.519 | 2026-04-27 23:52:16,519 INFO graph [REC-2026-00216] AGENT=triage OUT in 2703ms category=Produto/Serviço product=Conta Corrente urgency=Alta
2026-04-27 20:52:16.519 | 2026-04-27 23:52:16,519 INFO graph [REC-2026-00216] AGENT=risk IN triage_keys=['category', 'product', 'sentiment', 'urgency', 'summary']
2026-04-27 20:52:17.321 | 2026-04-27 23:52:17,320 WARNING agent.guardrail guardrail OUTPUT bloqueou campo=risk_justification — usando regex como fallback
2026-04-27 20:52:17.323 | 2026-04-27 23:52:17,322 INFO graph [REC-2026-00213] AGENT=guardrail_output OUT in 1319ms
2026-04-27 20:52:17.325 | 2026-04-27 23:52:17,325 INFO graph [REC-2026-00213] GRAPH END timings={'guardrail_input': 625, 'triage': 6295, 'risk': 5325, 'report': 0, 'guardrail_output': 1319}
2026-04-27 20:52:17.326 | 2026-04-27 23:52:17,325 INFO graph [REC-2026-00220] GRAPH START
2026-04-27 20:52:17.327 | 2026-04-27 23:52:17,326 INFO graph [REC-2026-00220] AGENT=guardrail_input IN text_len=82
2026-04-27 20:52:17.965 | 2026-04-27 23:52:17,964 INFO agent.guardrail guardrail INPUT action=NONE
2026-04-27 20:52:17.965 | 2026-04-27 23:52:17,964 INFO graph [REC-2026-00220] AGENT=guardrail_input OUT in 638ms blocked=False reason=None
2026-04-27 20:52:17.965 | 2026-04-27 23:52:17,965 INFO graph [REC-2026-00220] AGENT=triage IN text_len=82 product_hint=Poupança
2026-04-27 20:52:20.326 | 2026-04-27 23:52:20,325 WARNING app [REC-2026-00218] tentativa 1/3 falhou — retry em 1s: An error occurred (ThrottlingException) when calling the InvokeModel operation (reached max retries: 4): Too many requests, please wait before trying again.
2026-04-27 20:52:21.125 | 2026-04-27 23:52:21,125 INFO agent.risk risk usou 4 trechos da política (top-k=4)
2026-04-27 20:52:21.125 | 2026-04-27 23:52:21,125 INFO graph [REC-2026-00216] AGENT=risk OUT in 4606ms level=Alto rag_chunks=4
2026-04-27 20:52:21.126 | 2026-04-27 23:52:21,126 INFO graph [REC-2026-00216] AGENT=report IN
2026-04-27 20:52:21.128 | 2026-04-27 23:52:21,126 INFO graph [REC-2026-00216] AGENT=report OUT in 0ms
2026-04-27 20:52:21.128 | 2026-04-27 23:52:21,126 INFO graph [REC-2026-00216] AGENT=guardrail_output IN
2026-04-27 20:52:21.326 | 2026-04-27 23:52:21,326 INFO graph [REC-2026-00218] GRAPH START
2026-04-27 20:52:21.327 | 2026-04-27 23:52:21,327 INFO graph [REC-2026-00218] AGENT=guardrail_input IN text_len=90
2026-04-27 20:52:22.005 | 2026-04-27 23:52:22,004 INFO agent.guardrail guardrail INPUT action=NONE
2026-04-27 20:52:22.005 | 2026-04-27 23:52:22,005 INFO graph [REC-2026-00218] AGENT=guardrail_input OUT in 678ms blocked=False reason=None
2026-04-27 20:52:22.006 | 2026-04-27 23:52:22,006 INFO graph [REC-2026-00218] AGENT=triage IN text_len=90 product_hint=None
2026-04-27 20:52:22.140 | 2026-04-27 23:52:22,140 WARNING app [REC-2026-00219] tentativa 1/3 falhou — retry em 1s: An error occurred (ThrottlingException) when calling the InvokeModel operation (reached max retries: 4): Too many requests, please wait before trying again.
2026-04-27 20:52:22.437 | 2026-04-27 23:52:22,436 WARNING agent.guardrail guardrail OUTPUT bloqueou campo=risk_justification — usando regex como fallback
2026-04-27 20:52:22.437 | 2026-04-27 23:52:22,437 INFO graph [REC-2026-00216] AGENT=guardrail_output OUT in 1311ms
2026-04-27 20:52:22.438 | 2026-04-27 23:52:22,438 INFO graph [REC-2026-00216] GRAPH END timings={'guardrail_input': 680, 'triage': 2703, 'risk': 4606, 'report': 0, 'guardrail_output': 1311}
2026-04-27 20:52:22.438 | 2026-04-27 23:52:22,438 INFO graph [REC-2026-00221] GRAPH START
2026-04-27 20:52:22.440 | 2026-04-27 23:52:22,440 INFO graph [REC-2026-00221] AGENT=guardrail_input IN text_len=62
2026-04-27 20:52:23.061 | 2026-04-27 23:52:23,061 INFO agent.guardrail guardrail INPUT action=NONE
2026-04-27 20:52:23.061 | 2026-04-27 23:52:23,061 INFO graph [REC-2026-00221] AGENT=guardrail_input OUT in 621ms blocked=False reason=None
2026-04-27 20:52:23.063 | 2026-04-27 23:52:23,062 INFO graph [REC-2026-00221] AGENT=triage IN text_len=62 product_hint=None
2026-04-27 20:52:23.085 | 2026-04-27 23:52:23,084 INFO graph [REC-2026-00217] AGENT=triage OUT in 15936ms category=Cobrança Indevida product=Conta Corrente urgency=Alta
2026-04-27 20:52:23.086 | 2026-04-27 23:52:23,085 INFO graph [REC-2026-00217] AGENT=risk IN triage_keys=['category', 'product', 'sentiment', 'urgency', 'summary']
2026-04-27 20:52:23.140 | 2026-04-27 23:52:23,140 INFO graph [REC-2026-00219] GRAPH START
2026-04-27 20:52:23.141 | 2026-04-27 23:52:23,141 INFO graph [REC-2026-00219] AGENT=guardrail_input IN text_len=38
2026-04-27 20:52:23.745 | 2026-04-27 23:52:23,745 INFO agent.guardrail guardrail INPUT action=NONE
2026-04-27 20:52:23.745 | 2026-04-27 23:52:23,745 INFO graph [REC-2026-00219] AGENT=guardrail_input OUT in 604ms blocked=False reason=None
2026-04-27 20:52:23.746 | 2026-04-27 23:52:23,746 INFO graph [REC-2026-00219] AGENT=triage IN text_len=38 product_hint=None
2026-04-27 20:52:24.926 | 2026-04-27 23:52:24,926 WARNING app [REC-2026-00218] tentativa 2/3 falhou — retry em 2s: An error occurred (ThrottlingException) when calling the InvokeModel operation (reached max retries: 4): Too many requests, please wait before trying again.
2026-04-27 20:52:25.069 | 2026-04-27 23:52:25,068 WARNING app [REC-2026-00220] tentativa 1/3 falhou — retry em 1s: An error occurred (ThrottlingException) when calling the InvokeModel operation (reached max retries: 4): Too many requests, please wait before trying again.
2026-04-27 20:52:26.070 | 2026-04-27 23:52:26,069 INFO graph [REC-2026-00220] GRAPH START
2026-04-27 20:52:26.071 | 2026-04-27 23:52:26,071 INFO graph [REC-2026-00220] AGENT=guardrail_input IN text_len=82
2026-04-27 20:52:26.698 | 2026-04-27 23:52:26,697 INFO agent.guardrail guardrail INPUT action=NONE
2026-04-27 20:52:26.698 | 2026-04-27 23:52:26,698 INFO graph [REC-2026-00220] AGENT=guardrail_input OUT in 627ms blocked=False reason=None
2026-04-27 20:52:26.698 | 2026-04-27 23:52:26,698 INFO graph [REC-2026-00220] AGENT=triage IN text_len=82 product_hint=Poupança
2026-04-27 20:52:26.926 | 2026-04-27 23:52:26,926 INFO graph [REC-2026-00218] GRAPH START
2026-04-27 20:52:26.927 | 2026-04-27 23:52:26,927 INFO graph [REC-2026-00218] AGENT=guardrail_input IN text_len=90
2026-04-27 20:52:27.549 | 2026-04-27 23:52:27,548 INFO agent.guardrail guardrail INPUT action=NONE
2026-04-27 20:52:27.550 | 2026-04-27 23:52:27,549 INFO graph [REC-2026-00218] AGENT=guardrail_input OUT in 622ms blocked=False reason=None
2026-04-27 20:52:27.551 | 2026-04-27 23:52:27,551 INFO graph [REC-2026-00218] AGENT=triage IN text_len=90 product_hint=None
2026-04-27 20:52:28.206 | 2026-04-27 23:52:28,205 INFO agent.risk risk usou 4 trechos da política (top-k=4)
2026-04-27 20:52:28.206 | 2026-04-27 23:52:28,206 INFO graph [REC-2026-00217] AGENT=risk OUT in 5121ms level=Alto rag_chunks=4
2026-04-27 20:52:28.207 | 2026-04-27 23:52:28,207 INFO graph [REC-2026-00217] AGENT=report IN
2026-04-27 20:52:28.207 | 2026-04-27 23:52:28,207 INFO graph [REC-2026-00217] AGENT=report OUT in 0ms
2026-04-27 20:52:28.207 | 2026-04-27 23:52:28,207 INFO graph [REC-2026-00217] AGENT=guardrail_output IN
2026-04-27 20:52:28.452 | 2026-04-27 23:52:28,451 INFO graph [REC-2026-00220] AGENT=triage OUT in 1753ms category=Produto/Serviço product=Não Identificado urgency=Baixa
2026-04-27 20:52:28.453 | 2026-04-27 23:52:28,452 INFO graph [REC-2026-00220] AGENT=risk IN triage_keys=['category', 'product', 'sentiment', 'urgency', 'summary']
2026-04-27 20:52:29.533 | 2026-04-27 23:52:29,532 INFO graph [REC-2026-00217] AGENT=guardrail_output OUT in 1325ms
2026-04-27 20:52:29.534 | 2026-04-27 23:52:29,534 INFO graph [REC-2026-00217] GRAPH END timings={'guardrail_input': 656, 'triage': 15936, 'risk': 5121, 'report': 0, 'guardrail_output': 1325}
2026-04-27 20:52:29.534 | 2026-04-27 23:52:29,534 INFO graph [REC-2026-00222] GRAPH START
2026-04-27 20:52:29.536 | 2026-04-27 23:52:29,536 INFO graph [REC-2026-00222] AGENT=guardrail_input IN text_len=103
2026-04-27 20:52:30.127 | 2026-04-27 23:52:30,126 INFO agent.guardrail guardrail INPUT action=NONE
2026-04-27 20:52:30.127 | 2026-04-27 23:52:30,127 INFO graph [REC-2026-00222] AGENT=guardrail_input OUT in 591ms blocked=False reason=None
2026-04-27 20:52:30.128 | 2026-04-27 23:52:30,128 INFO graph [REC-2026-00222] AGENT=triage IN text_len=103 product_hint=Transferência
2026-04-27 20:52:32.604 | 2026-04-27 23:52:32,604 INFO agent.risk risk usou 4 trechos da política (top-k=4)
2026-04-27 20:52:32.604 | 2026-04-27 23:52:32,604 INFO graph [REC-2026-00220] AGENT=risk OUT in 4152ms level=Baixo rag_chunks=4
2026-04-27 20:52:32.605 | 2026-04-27 23:52:32,605 INFO graph [REC-2026-00220] AGENT=report IN
2026-04-27 20:52:32.605 | 2026-04-27 23:52:32,605 INFO graph [REC-2026-00220] AGENT=report OUT in 0ms
2026-04-27 20:52:32.606 | 2026-04-27 23:52:32,606 INFO graph [REC-2026-00220] AGENT=guardrail_output IN
2026-04-27 20:52:33.928 | 2026-04-27 23:52:33,928 WARNING agent.guardrail guardrail OUTPUT bloqueou campo=risk_justification — usando regex como fallback
2026-04-27 20:52:33.928 | 2026-04-27 23:52:33,928 INFO graph [REC-2026-00220] AGENT=guardrail_output OUT in 1322ms
2026-04-27 20:52:33.929 | 2026-04-27 23:52:33,929 INFO graph [REC-2026-00220] GRAPH END timings={'guardrail_input': 627, 'triage': 1753, 'risk': 4152, 'report': 0, 'guardrail_output': 1322}
2026-04-27 20:52:33.929 | 2026-04-27 23:52:33,929 INFO graph [REC-2026-00223] GRAPH START
2026-04-27 20:52:33.930 | 2026-04-27 23:52:33,930 INFO graph [REC-2026-00223] AGENT=guardrail_input IN text_len=91
2026-04-27 20:52:34.316 | 2026-04-27 23:52:34,316 INFO graph [REC-2026-00221] AGENT=triage OUT in 11254ms category=Outros product=Não Identificado urgency=Baixa
2026-04-27 20:52:34.317 | 2026-04-27 23:52:34,317 INFO graph [REC-2026-00221] AGENT=risk IN triage_keys=['category', 'product', 'sentiment', 'urgency', 'summary']
2026-04-27 20:52:34.545 | 2026-04-27 23:52:34,545 INFO agent.guardrail guardrail INPUT action=NONE
2026-04-27 20:52:34.545 | 2026-04-27 23:52:34,545 INFO graph [REC-2026-00223] AGENT=guardrail_input OUT in 616ms blocked=False reason=None
2026-04-27 20:52:34.546 | 2026-04-27 23:52:34,545 INFO graph [REC-2026-00223] AGENT=triage IN text_len=91 product_hint=Empréstimo
2026-04-27 20:52:35.034 | 2026-04-27 23:52:35,033 WARNING app [REC-2026-00219] tentativa 2/3 falhou — retry em 2s: An error occurred (ThrottlingException) when calling the InvokeModel operation (reached max retries: 4): Too many requests, please wait before trying again.
2026-04-27 20:52:35.984 | 2026-04-27 23:52:35,983 ERROR app [REC-2026-00218] todas 3 tentativas falharam: An error occurred (ThrottlingException) when calling the InvokeModel operation (reached max retries: 4): Too many requests, please wait before trying again.
2026-04-27 20:52:35.984 | 2026-04-27 23:52:35,983 WARNING app [REC-2026-00218] throttling — agendado para próximo passe
2026-04-27 20:52:35.984 | 2026-04-27 23:52:35,983 INFO graph [REC-2026-00224] GRAPH START
2026-04-27 20:52:35.985 | 2026-04-27 23:52:35,985 INFO graph [REC-2026-00224] AGENT=guardrail_input IN text_len=110
2026-04-27 20:52:36.611 | 2026-04-27 23:52:36,611 INFO agent.guardrail guardrail INPUT action=NONE
2026-04-27 20:52:36.611 | 2026-04-27 23:52:36,611 INFO graph [REC-2026-00224] AGENT=guardrail_input OUT in 626ms blocked=False reason=None
2026-04-27 20:52:36.612 | 2026-04-27 23:52:36,612 INFO graph [REC-2026-00224] AGENT=triage IN text_len=110 product_hint=Empréstimo
2026-04-27 20:52:37.035 | 2026-04-27 23:52:37,034 INFO graph [REC-2026-00219] GRAPH START
2026-04-27 20:52:37.036 | 2026-04-27 23:52:37,035 INFO graph [REC-2026-00219] AGENT=guardrail_input IN text_len=38
2026-04-27 20:52:37.663 | 2026-04-27 23:52:37,662 INFO agent.guardrail guardrail INPUT action=NONE
2026-04-27 20:52:37.663 | 2026-04-27 23:52:37,663 INFO graph [REC-2026-00219] AGENT=guardrail_input OUT in 628ms blocked=False reason=None
2026-04-27 20:52:37.665 | 2026-04-27 23:52:37,663 INFO graph [REC-2026-00219] AGENT=triage IN text_len=38 product_hint=None
2026-04-27 20:52:38.108 | 2026-04-27 23:52:38,108 INFO agent.risk risk usou 4 trechos da política (top-k=4)
2026-04-27 20:52:38.108 | 2026-04-27 23:52:38,108 INFO graph [REC-2026-00221] AGENT=risk OUT in 3791ms level=Baixo rag_chunks=4
2026-04-27 20:52:38.109 | 2026-04-27 23:52:38,109 INFO graph [REC-2026-00221] AGENT=report IN
2026-04-27 20:52:38.109 | 2026-04-27 23:52:38,109 INFO graph [REC-2026-00221] AGENT=report OUT in 0ms
2026-04-27 20:52:38.110 | 2026-04-27 23:52:38,109 INFO graph [REC-2026-00221] AGENT=guardrail_output IN
2026-04-27 20:52:38.297 | 2026-04-27 23:52:38,296 WARNING app [REC-2026-00223] tentativa 1/3 falhou — retry em 1s: An error occurred (ThrottlingException) when calling the InvokeModel operation (reached max retries: 4): Too many requests, please wait before trying again.
2026-04-27 20:52:38.856 | 2026-04-27 23:52:38,856 WARNING app [REC-2026-00222] tentativa 1/3 falhou — retry em 1s: An error occurred (ThrottlingException) when calling the InvokeModel operation (reached max retries: 4): Too many requests, please wait before trying again.
2026-04-27 20:52:39.297 | 2026-04-27 23:52:39,296 INFO graph [REC-2026-00223] GRAPH START
2026-04-27 20:52:39.299 | 2026-04-27 23:52:39,299 INFO graph [REC-2026-00223] AGENT=guardrail_input IN text_len=91
2026-04-27 20:52:39.379 | 2026-04-27 23:52:39,378 WARNING agent.guardrail guardrail OUTPUT bloqueou campo=risk_justification — usando regex como fallback
2026-04-27 20:52:39.379 | 2026-04-27 23:52:39,379 INFO graph [REC-2026-00221] AGENT=guardrail_output OUT in 1270ms
2026-04-27 20:52:39.381 | 2026-04-27 23:52:39,380 INFO graph [REC-2026-00221] GRAPH END timings={'guardrail_input': 621, 'triage': 11254, 'risk': 3791, 'report': 0, 'guardrail_output': 1270}
2026-04-27 20:52:39.381 | 2026-04-27 23:52:39,380 INFO graph [REC-2026-00225] GRAPH START
2026-04-27 20:52:39.382 | 2026-04-27 23:52:39,382 INFO graph [REC-2026-00225] AGENT=guardrail_input IN text_len=114
2026-04-27 20:52:39.857 | 2026-04-27 23:52:39,856 INFO graph [REC-2026-00222] GRAPH START
2026-04-27 20:52:39.859 | 2026-04-27 23:52:39,859 INFO graph [REC-2026-00222] AGENT=guardrail_input IN text_len=103
2026-04-27 20:52:39.993 | 2026-04-27 23:52:39,992 INFO agent.guardrail guardrail INPUT action=NONE
2026-04-27 20:52:39.993 | 2026-04-27 23:52:39,993 INFO graph [REC-2026-00225] AGENT=guardrail_input OUT in 611ms blocked=False reason=None
2026-04-27 20:52:39.994 | 2026-04-27 23:52:39,994 INFO graph [REC-2026-00225] AGENT=triage IN text_len=114 product_hint=Transferência
2026-04-27 20:52:40.104 | 2026-04-27 23:52:40,104 INFO agent.guardrail guardrail INPUT action=NONE
2026-04-27 20:52:40.104 | 2026-04-27 23:52:40,104 INFO graph [REC-2026-00223] AGENT=guardrail_input OUT in 806ms blocked=False reason=None
2026-04-27 20:52:40.105 | 2026-04-27 23:52:40,104 INFO graph [REC-2026-00223] AGENT=triage IN text_len=91 product_hint=Empréstimo
2026-04-27 20:52:40.500 | 2026-04-27 23:52:40,499 INFO agent.guardrail guardrail INPUT action=NONE
2026-04-27 20:52:40.500 | 2026-04-27 23:52:40,500 INFO graph [REC-2026-00222] AGENT=guardrail_input OUT in 641ms blocked=False reason=None
2026-04-27 20:52:40.502 | 2026-04-27 23:52:40,501 INFO graph [REC-2026-00222] AGENT=triage IN text_len=103 product_hint=Transferência
2026-04-27 20:52:40.672 | 2026-04-27 23:52:40,672 INFO graph [REC-2026-00219] AGENT=triage OUT in 3009ms category=Outros product=Não Identificado urgency=Baixa
2026-04-27 20:52:40.673 | 2026-04-27 23:52:40,673 INFO graph [REC-2026-00219] AGENT=risk IN triage_keys=['category', 'product', 'sentiment', 'urgency', 'summary']
2026-04-27 20:52:44.451 | 2026-04-27 23:52:44,450 INFO agent.risk risk usou 4 trechos da política (top-k=4)
2026-04-27 20:52:44.451 | 2026-04-27 23:52:44,450 INFO graph [REC-2026-00219] AGENT=risk OUT in 3777ms level=Baixo rag_chunks=4
2026-04-27 20:52:44.452 | 2026-04-27 23:52:44,451 INFO graph [REC-2026-00219] AGENT=report IN
2026-04-27 20:52:44.452 | 2026-04-27 23:52:44,451 INFO graph [REC-2026-00219] AGENT=report OUT in 0ms
2026-04-27 20:52:44.452 | 2026-04-27 23:52:44,452 INFO graph [REC-2026-00219] AGENT=guardrail_output IN
2026-04-27 20:52:45.169 | 2026-04-27 23:52:45,169 WARNING agent.guardrail guardrail OUTPUT bloqueou campo=summary — usando regex como fallback
2026-04-27 20:52:45.830 | 2026-04-27 23:52:45,830 WARNING agent.guardrail guardrail OUTPUT bloqueou campo=risk_justification — usando regex como fallback
2026-04-27 20:52:45.830 | 2026-04-27 23:52:45,830 INFO graph [REC-2026-00219] AGENT=guardrail_output OUT in 1378ms
2026-04-27 20:52:45.831 | 2026-04-27 23:52:45,831 INFO graph [REC-2026-00219] GRAPH END timings={'guardrail_input': 628, 'triage': 3009, 'risk': 3777, 'report': 0, 'guardrail_output': 1378}
2026-04-27 20:52:45.831 | 2026-04-27 23:52:45,831 INFO graph [REC-2026-00226] GRAPH START
2026-04-27 20:52:45.832 | 2026-04-27 23:52:45,832 INFO graph [REC-2026-00226] AGENT=guardrail_input IN text_len=104
2026-04-27 20:52:46.534 | 2026-04-27 23:52:46,534 INFO graph [REC-2026-00223] AGENT=triage OUT in 6429ms category=Produto/Serviço product=Empréstimo urgency=Alta
2026-04-27 20:52:46.535 | 2026-04-27 23:52:46,535 INFO graph [REC-2026-00223] AGENT=risk IN triage_keys=['category', 'product', 'sentiment', 'urgency', 'summary']
2026-04-27 20:52:46.549 | 2026-04-27 23:52:46,548 INFO agent.guardrail guardrail INPUT action=NONE
2026-04-27 20:52:46.549 | 2026-04-27 23:52:46,549 INFO graph [REC-2026-00226] AGENT=guardrail_input OUT in 717ms blocked=False reason=None
2026-04-27 20:52:46.550 | 2026-04-27 23:52:46,549 INFO graph [REC-2026-00226] AGENT=triage IN text_len=104 product_hint=Cartão de Crédito
2026-04-27 20:52:49.211 | 2026-04-27 23:52:49,211 WARNING app [REC-2026-00222] tentativa 2/3 falhou — retry em 2s: An error occurred (ThrottlingException) when calling the InvokeModel operation (reached max retries: 4): Too many requests, please wait before trying again.
2026-04-27 20:52:49.904 | 2026-04-27 23:52:49,903 WARNING app [REC-2026-00224] tentativa 1/3 falhou — retry em 1s: An error occurred (ThrottlingException) when calling the InvokeModel operation (reached max retries: 4): Too many requests, please wait before trying again.
2026-04-27 20:52:50.322 | 2026-04-27 23:52:50,322 WARNING app [REC-2026-00225] tentativa 1/3 falhou — retry em 1s: An error occurred (ThrottlingException) when calling the InvokeModel operation (reached max retries: 4): Too many requests, please wait before trying again.
2026-04-27 20:52:50.904 | 2026-04-27 23:52:50,904 INFO graph [REC-2026-00224] GRAPH START
2026-04-27 20:52:50.906 | 2026-04-27 23:52:50,906 INFO graph [REC-2026-00224] AGENT=guardrail_input IN text_len=110
2026-04-27 20:52:51.139 | 2026-04-27 23:52:51,139 INFO agent.risk risk usou 4 trechos da política (top-k=4)
2026-04-27 20:52:51.139 | 2026-04-27 23:52:51,139 INFO graph [REC-2026-00223] AGENT=risk OUT in 4604ms level=Alto rag_chunks=4
2026-04-27 20:52:51.140 | 2026-04-27 23:52:51,139 INFO graph [REC-2026-00223] AGENT=report IN
2026-04-27 20:52:51.140 | 2026-04-27 23:52:51,139 INFO graph [REC-2026-00223] AGENT=report OUT in 0ms
2026-04-27 20:52:51.140 | 2026-04-27 23:52:51,140 INFO graph [REC-2026-00223] AGENT=guardrail_output IN
2026-04-27 20:52:51.212 | 2026-04-27 23:52:51,211 INFO graph [REC-2026-00222] GRAPH START
2026-04-27 20:52:51.212 | 2026-04-27 23:52:51,212 INFO graph [REC-2026-00222] AGENT=guardrail_input IN text_len=103
2026-04-27 20:52:51.323 | 2026-04-27 23:52:51,322 INFO graph [REC-2026-00225] GRAPH START
2026-04-27 20:52:51.324 | 2026-04-27 23:52:51,324 INFO graph [REC-2026-00225] AGENT=guardrail_input IN text_len=114
2026-04-27 20:52:51.568 | 2026-04-27 23:52:51,567 INFO agent.guardrail guardrail INPUT action=NONE
2026-04-27 20:52:51.569 | 2026-04-27 23:52:51,568 INFO graph [REC-2026-00224] AGENT=guardrail_input OUT in 662ms blocked=False reason=None
2026-04-27 20:52:51.570 | 2026-04-27 23:52:51,569 INFO graph [REC-2026-00224] AGENT=triage IN text_len=110 product_hint=Empréstimo
2026-04-27 20:52:51.819 | 2026-04-27 23:52:51,818 INFO agent.guardrail guardrail INPUT action=NONE
2026-04-27 20:52:51.819 | 2026-04-27 23:52:51,819 INFO graph [REC-2026-00222] AGENT=guardrail_input OUT in 607ms blocked=False reason=None
2026-04-27 20:52:51.821 | 2026-04-27 23:52:51,820 INFO graph [REC-2026-00222] AGENT=triage IN text_len=103 product_hint=Transferência
2026-04-27 20:52:51.963 | 2026-04-27 23:52:51,963 INFO agent.guardrail guardrail INPUT action=NONE
2026-04-27 20:52:51.963 | 2026-04-27 23:52:51,963 INFO graph [REC-2026-00225] AGENT=guardrail_input OUT in 639ms blocked=False reason=None
2026-04-27 20:52:51.964 | 2026-04-27 23:52:51,964 INFO graph [REC-2026-00225] AGENT=triage IN text_len=114 product_hint=Transferência
2026-04-27 20:52:52.457 | 2026-04-27 23:52:52,456 INFO graph [REC-2026-00223] AGENT=guardrail_output OUT in 1316ms
2026-04-27 20:52:52.457 | 2026-04-27 23:52:52,457 INFO graph [REC-2026-00223] GRAPH END timings={'guardrail_input': 806, 'triage': 6429, 'risk': 4604, 'report': 0, 'guardrail_output': 1316}
2026-04-27 20:52:52.458 | 2026-04-27 23:52:52,457 INFO graph [REC-2026-00227] GRAPH START
2026-04-27 20:52:52.459 | 2026-04-27 23:52:52,459 INFO graph [REC-2026-00227] AGENT=guardrail_input IN text_len=126
2026-04-27 20:52:53.058 | 2026-04-27 23:52:53,057 INFO graph [REC-2026-00224] AGENT=triage OUT in 1488ms category=Cobrança Indevida product=Empréstimo urgency=Alta
2026-04-27 20:52:53.059 | 2026-04-27 23:52:53,058 INFO graph [REC-2026-00224] AGENT=risk IN triage_keys=['category', 'product', 'sentiment', 'urgency', 'summary']
2026-04-27 20:52:53.081 | 2026-04-27 23:52:53,080 INFO agent.guardrail guardrail INPUT action=NONE
2026-04-27 20:52:53.081 | 2026-04-27 23:52:53,081 INFO graph [REC-2026-00227] AGENT=guardrail_input OUT in 622ms blocked=False reason=None
2026-04-27 20:52:53.083 | 2026-04-27 23:52:53,082 INFO graph [REC-2026-00227] AGENT=triage IN text_len=126 product_hint=Cartão de Crédito
2026-04-27 20:52:55.937 | 2026-04-27 23:52:55,936 WARNING app [REC-2026-00225] tentativa 2/3 falhou — retry em 2s: An error occurred (ThrottlingException) when calling the InvokeModel operation (reached max retries: 4): Too many requests, please wait before trying again.
2026-04-27 20:52:56.021 | 2026-04-27 23:52:56,020 WARNING app [REC-2026-00226] tentativa 1/3 falhou — retry em 1s: An error occurred (ThrottlingException) when calling the InvokeModel operation (reached max retries: 4): Too many requests, please wait before trying again.
2026-04-27 20:52:57.021 | 2026-04-27 23:52:57,020 INFO graph [REC-2026-00226] GRAPH START
2026-04-27 20:52:57.022 | 2026-04-27 23:52:57,022 INFO graph [REC-2026-00226] AGENT=guardrail_input IN text_len=104
2026-04-27 20:52:57.749 | 2026-04-27 23:52:57,749 INFO agent.guardrail guardrail INPUT action=NONE
2026-04-27 20:52:57.750 | 2026-04-27 23:52:57,749 INFO graph [REC-2026-00226] AGENT=guardrail_input OUT in 727ms blocked=False reason=None
2026-04-27 20:52:57.751 | 2026-04-27 23:52:57,751 INFO graph [REC-2026-00226] AGENT=triage IN text_len=104 product_hint=Cartão de Crédito
2026-04-27 20:52:57.937 | 2026-04-27 23:52:57,937 INFO graph [REC-2026-00225] GRAPH START
2026-04-27 20:52:57.938 | 2026-04-27 23:52:57,938 INFO graph [REC-2026-00225] AGENT=guardrail_input IN text_len=114
2026-04-27 20:52:58.579 | 2026-04-27 23:52:58,578 INFO agent.guardrail guardrail INPUT action=NONE
2026-04-27 20:52:58.580 | 2026-04-27 23:52:58,579 INFO graph [REC-2026-00225] AGENT=guardrail_input OUT in 641ms blocked=False reason=None
2026-04-27 20:52:58.581 | 2026-04-27 23:52:58,580 INFO graph [REC-2026-00225] AGENT=triage IN text_len=114 product_hint=Transferência
2026-04-27 20:52:58.688 | 2026-04-27 23:52:58,688 INFO agent.risk risk usou 4 trechos da política (top-k=4)
2026-04-27 20:52:58.688 | 2026-04-27 23:52:58,688 INFO graph [REC-2026-00224] AGENT=risk OUT in 5630ms level=Médio rag_chunks=4
2026-04-27 20:52:58.689 | 2026-04-27 23:52:58,689 INFO graph [REC-2026-00224] AGENT=report IN
2026-04-27 20:52:58.689 | 2026-04-27 23:52:58,689 INFO graph [REC-2026-00224] AGENT=report OUT in 0ms
2026-04-27 20:52:58.689 | 2026-04-27 23:52:58,689 INFO graph [REC-2026-00224] AGENT=guardrail_output IN
2026-04-27 20:52:59.304 | 2026-04-27 23:52:59,304 WARNING app [REC-2026-00227] tentativa 1/3 falhou — retry em 1s: An error occurred (ThrottlingException) when calling the InvokeModel operation (reached max retries: 4): Too many requests, please wait before trying again.
2026-04-27 20:53:00.006 | 2026-04-27 23:53:00,005 INFO graph [REC-2026-00224] AGENT=guardrail_output OUT in 1316ms
2026-04-27 20:53:00.007 | 2026-04-27 23:53:00,006 INFO graph [REC-2026-00224] GRAPH END timings={'guardrail_input': 662, 'triage': 1488, 'risk': 5630, 'report': 0, 'guardrail_output': 1316}
2026-04-27 20:53:00.007 | 2026-04-27 23:53:00,007 INFO graph [REC-2026-00228] GRAPH START
2026-04-27 20:53:00.008 | 2026-04-27 23:53:00,008 INFO graph [REC-2026-00228] AGENT=guardrail_input IN text_len=70
2026-04-27 20:53:00.019 | 2026-04-27 23:53:00,018 INFO graph [REC-2026-00226] AGENT=triage OUT in 2267ms category=Fraude/Segurança product=Cartão de Crédito urgency=Crítica
2026-04-27 20:53:00.020 | 2026-04-27 23:53:00,020 INFO graph [REC-2026-00226] AGENT=risk IN triage_keys=['category', 'product', 'sentiment', 'urgency', 'summary']
2026-04-27 20:53:00.305 | 2026-04-27 23:53:00,304 INFO graph [REC-2026-00227] GRAPH START
2026-04-27 20:53:00.307 | 2026-04-27 23:53:00,306 INFO graph [REC-2026-00227] AGENT=guardrail_input IN text_len=126
2026-04-27 20:53:00.651 | 2026-04-27 23:53:00,650 INFO agent.guardrail guardrail INPUT action=NONE
2026-04-27 20:53:00.651 | 2026-04-27 23:53:00,651 INFO graph [REC-2026-00228] AGENT=guardrail_input OUT in 643ms blocked=False reason=None
2026-04-27 20:53:00.652 | 2026-04-27 23:53:00,652 INFO graph [REC-2026-00228] AGENT=triage IN text_len=70 product_hint=None
2026-04-27 20:53:00.951 | 2026-04-27 23:53:00,950 INFO agent.guardrail guardrail INPUT action=NONE
2026-04-27 20:53:00.951 | 2026-04-27 23:53:00,951 INFO graph [REC-2026-00227] AGENT=guardrail_input OUT in 645ms blocked=False reason=None
2026-04-27 20:53:00.954 | 2026-04-27 23:53:00,952 INFO graph [REC-2026-00227] AGENT=triage IN text_len=126 product_hint=Cartão de Crédito
2026-04-27 20:53:04.356 | 2026-04-27 23:53:04,356 ERROR app [REC-2026-00222] todas 3 tentativas falharam: An error occurred (ThrottlingException) when calling the InvokeModel operation (reached max retries: 4): Too many requests, please wait before trying again.
2026-04-27 20:53:04.356 | 2026-04-27 23:53:04,356 WARNING app [REC-2026-00222] throttling — agendado para próximo passe
2026-04-27 20:53:04.357 | 2026-04-27 23:53:04,356 INFO graph [REC-2026-00229] GRAPH START
2026-04-27 20:53:04.358 | 2026-04-27 23:53:04,358 INFO graph [REC-2026-00229] AGENT=guardrail_input IN text_len=126
2026-04-27 20:53:04.580 | 2026-04-27 23:53:04,579 INFO agent.risk risk usou 4 trechos da política (top-k=4)
2026-04-27 20:53:04.580 | 2026-04-27 23:53:04,580 INFO graph [REC-2026-00226] AGENT=risk OUT in 4560ms level=Crítico rag_chunks=4
2026-04-27 20:53:04.581 | 2026-04-27 23:53:04,581 INFO graph [REC-2026-00226] AGENT=report IN
2026-04-27 20:53:04.581 | 2026-04-27 23:53:04,581 INFO graph [REC-2026-00226] AGENT=report OUT in 0ms
2026-04-27 20:53:04.582 | 2026-04-27 23:53:04,581 INFO graph [REC-2026-00226] AGENT=guardrail_output IN
2026-04-27 20:53:04.984 | 2026-04-27 23:53:04,984 INFO agent.guardrail guardrail INPUT action=NONE
2026-04-27 20:53:04.985 | 2026-04-27 23:53:04,984 INFO graph [REC-2026-00229] AGENT=guardrail_input OUT in 626ms blocked=False reason=None
2026-04-27 20:53:04.985 | 2026-04-27 23:53:04,985 INFO graph [REC-2026-00229] AGENT=triage IN text_len=126 product_hint=Cartão de Crédito
2026-04-27 20:53:05.039 | 2026-04-27 23:53:05,039 INFO graph [REC-2026-00228] AGENT=triage OUT in 4387ms category=Atendimento product=Não Identificado urgency=Baixa
2026-04-27 20:53:05.040 | 2026-04-27 23:53:05,039 INFO graph [REC-2026-00228] AGENT=risk IN triage_keys=['category', 'product', 'sentiment', 'urgency', 'summary']
2026-04-27 20:53:05.216 | 2026-04-27 23:53:05,215 WARNING agent.guardrail guardrail OUTPUT bloqueou campo=summary — usando regex como fallback
2026-04-27 20:53:05.863 | 2026-04-27 23:53:05,863 INFO graph [REC-2026-00226] AGENT=guardrail_output OUT in 1282ms
2026-04-27 20:53:05.864 | 2026-04-27 23:53:05,863 INFO graph [REC-2026-00226] GRAPH END timings={'guardrail_input': 727, 'triage': 2267, 'risk': 4560, 'report': 0, 'guardrail_output': 1282}
2026-04-27 20:53:05.864 | 2026-04-27 23:53:05,864 INFO graph [REC-2026-00230] GRAPH START
2026-04-27 20:53:05.865 | 2026-04-27 23:53:05,865 INFO graph [REC-2026-00230] AGENT=guardrail_input IN text_len=151
2026-04-27 20:53:06.495 | 2026-04-27 23:53:06,494 INFO agent.guardrail guardrail INPUT action=NONE
2026-04-27 20:53:06.495 | 2026-04-27 23:53:06,495 INFO graph [REC-2026-00230] AGENT=guardrail_input OUT in 630ms blocked=False reason=None
2026-04-27 20:53:06.498 | 2026-04-27 23:53:06,496 INFO graph [REC-2026-00230] AGENT=triage IN text_len=151 product_hint=Consórcio
2026-04-27 20:53:07.986 | 2026-04-27 23:53:07,986 ERROR app [REC-2026-00225] todas 3 tentativas falharam: An error occurred (ThrottlingException) when calling the InvokeModel operation (reached max retries: 4): Too many requests, please wait before trying again.
2026-04-27 20:53:07.987 | 2026-04-27 23:53:07,986 WARNING app [REC-2026-00225] throttling — agendado para próximo passe
2026-04-27 20:53:07.987 | 2026-04-27 23:53:07,986 INFO graph [REC-2026-00231] GRAPH START
2026-04-27 20:53:07.988 | 2026-04-27 23:53:07,987 INFO graph [REC-2026-00231] AGENT=guardrail_input IN text_len=111
2026-04-27 20:53:08.682 | 2026-04-27 23:53:08,681 INFO agent.guardrail guardrail INPUT action=NONE
2026-04-27 20:53:08.682 | 2026-04-27 23:53:08,682 INFO graph [REC-2026-00231] AGENT=guardrail_input OUT in 695ms blocked=False reason=None
2026-04-27 20:53:08.683 | 2026-04-27 23:53:08,683 INFO graph [REC-2026-00231] AGENT=triage IN text_len=111 product_hint=Empréstimo
2026-04-27 20:53:09.017 | 2026-04-27 23:53:09,017 INFO agent.risk risk usou 4 trechos da política (top-k=4)
2026-04-27 20:53:09.017 | 2026-04-27 23:53:09,017 INFO graph [REC-2026-00228] AGENT=risk OUT in 3978ms level=Baixo rag_chunks=4
2026-04-27 20:53:09.018 | 2026-04-27 23:53:09,018 INFO graph [REC-2026-00228] AGENT=report IN
2026-04-27 20:53:09.018 | 2026-04-27 23:53:09,018 INFO graph [REC-2026-00228] AGENT=report OUT in 0ms
2026-04-27 20:53:09.019 | 2026-04-27 23:53:09,019 INFO graph [REC-2026-00228] AGENT=guardrail_output IN
2026-04-27 20:53:09.796 | 2026-04-27 23:53:09,795 WARNING app [REC-2026-00227] tentativa 2/3 falhou — retry em 2s: An error occurred (ThrottlingException) when calling the InvokeModel operation (reached max retries: 4): Too many requests, please wait before trying again.
2026-04-27 20:53:10.200 | 2026-04-27 23:53:10,200 WARNING app [REC-2026-00229] tentativa 1/3 falhou — retry em 1s: An error occurred (ThrottlingException) when calling the InvokeModel operation (reached max retries: 4): Too many requests, please wait before trying again.
2026-04-27 20:53:10.405 | 2026-04-27 23:53:10,405 INFO graph [REC-2026-00228] AGENT=guardrail_output OUT in 1386ms
2026-04-27 20:53:10.405 | 2026-04-27 23:53:10,405 INFO graph [REC-2026-00228] GRAPH END timings={'guardrail_input': 643, 'triage': 4387, 'risk': 3978, 'report': 0, 'guardrail_output': 1386}
2026-04-27 20:53:10.406 | 2026-04-27 23:53:10,405 INFO graph [REC-2026-00232] GRAPH START
2026-04-27 20:53:10.406 | 2026-04-27 23:53:10,406 INFO graph [REC-2026-00232] AGENT=guardrail_input IN text_len=127
2026-04-27 20:53:10.434 | 2026-04-27 23:53:10,433 INFO graph [REC-2026-00231] AGENT=triage OUT in 1750ms category=Atendimento product=Empréstimo urgency=Alta
2026-04-27 20:53:10.434 | 2026-04-27 23:53:10,434 INFO graph [REC-2026-00231] AGENT=risk IN triage_keys=['category', 'product', 'sentiment', 'urgency', 'summary']
2026-04-27 20:53:11.158 | 2026-04-27 23:53:11,158 INFO agent.guardrail guardrail INPUT action=NONE
2026-04-27 20:53:11.159 | 2026-04-27 23:53:11,158 INFO graph [REC-2026-00232] AGENT=guardrail_input OUT in 752ms blocked=False reason=None
2026-04-27 20:53:11.159 | 2026-04-27 23:53:11,159 INFO graph [REC-2026-00232] AGENT=triage IN text_len=127 product_hint=Cartão de Crédito
2026-04-27 20:53:11.200 | 2026-04-27 23:53:11,200 INFO graph [REC-2026-00229] GRAPH START
2026-04-27 20:53:11.204 | 2026-04-27 23:53:11,204 INFO graph [REC-2026-00229] AGENT=guardrail_input IN text_len=126
2026-04-27 20:53:11.795 | 2026-04-27 23:53:11,794 INFO agent.guardrail guardrail INPUT action=NONE
2026-04-27 20:53:11.795 | 2026-04-27 23:53:11,795 INFO graph [REC-2026-00229] AGENT=guardrail_input OUT in 592ms blocked=False reason=None
2026-04-27 20:53:11.796 | 2026-04-27 23:53:11,796 INFO graph [REC-2026-00229] AGENT=triage IN text_len=126 product_hint=Cartão de Crédito
2026-04-27 20:53:11.798 | 2026-04-27 23:53:11,798 INFO graph [REC-2026-00227] GRAPH START
2026-04-27 20:53:11.801 | 2026-04-27 23:53:11,801 INFO graph [REC-2026-00227] AGENT=guardrail_input IN text_len=126
2026-04-27 20:53:12.448 | 2026-04-27 23:53:12,447 INFO agent.guardrail guardrail INPUT action=NONE
2026-04-27 20:53:12.448 | 2026-04-27 23:53:12,448 INFO graph [REC-2026-00227] AGENT=guardrail_input OUT in 647ms blocked=False reason=None
2026-04-27 20:53:12.449 | 2026-04-27 23:53:12,449 INFO graph [REC-2026-00227] AGENT=triage IN text_len=126 product_hint=Cartão de Crédito
2026-04-27 20:53:15.794 | 2026-04-27 23:53:15,794 INFO agent.risk risk usou 4 trechos da política (top-k=4)
2026-04-27 20:53:15.795 | 2026-04-27 23:53:15,794 INFO graph [REC-2026-00231] AGENT=risk OUT in 5360ms level=Alto rag_chunks=4
2026-04-27 20:53:15.795 | 2026-04-27 23:53:15,795 INFO graph [REC-2026-00231] AGENT=report IN
2026-04-27 20:53:15.795 | 2026-04-27 23:53:15,795 INFO graph [REC-2026-00231] AGENT=report OUT in 0ms
2026-04-27 20:53:15.796 | 2026-04-27 23:53:15,796 INFO graph [REC-2026-00231] AGENT=guardrail_output IN
2026-04-27 20:53:17.024 | 2026-04-27 23:53:17,024 WARNING app [REC-2026-00230] tentativa 1/3 falhou — retry em 1s: An error occurred (ThrottlingException) when calling the InvokeModel operation (reached max retries: 4): Too many requests, please wait before trying again.
2026-04-27 20:53:17.068 | 2026-04-27 23:53:17,067 INFO graph [REC-2026-00227] AGENT=triage OUT in 4618ms category=Cancelamento product=Cartão de Crédito urgency=Alta
2026-04-27 20:53:17.068 | 2026-04-27 23:53:17,068 INFO graph [REC-2026-00227] AGENT=risk IN triage_keys=['category', 'product', 'sentiment', 'urgency', 'summary']
2026-04-27 20:53:17.076 | 2026-04-27 23:53:17,076 INFO graph [REC-2026-00231] AGENT=guardrail_output OUT in 1280ms
2026-04-27 20:53:17.076 | 2026-04-27 23:53:17,076 INFO graph [REC-2026-00231] GRAPH END timings={'guardrail_input': 695, 'triage': 1750, 'risk': 5360, 'report': 0, 'guardrail_output': 1280}
2026-04-27 20:53:17.077 | 2026-04-27 23:53:17,076 INFO graph [REC-2026-00233] GRAPH START
2026-04-27 20:53:17.077 | 2026-04-27 23:53:17,077 INFO graph [REC-2026-00233] AGENT=guardrail_input IN text_len=99
2026-04-27 20:53:17.726 | 2026-04-27 23:53:17,725 INFO agent.guardrail guardrail INPUT action=NONE
2026-04-27 20:53:17.726 | 2026-04-27 23:53:17,726 INFO graph [REC-2026-00233] AGENT=guardrail_input OUT in 649ms blocked=False reason=None
2026-04-27 20:53:17.727 | 2026-04-27 23:53:17,727 INFO graph [REC-2026-00233] AGENT=triage IN text_len=99 product_hint=Empréstimo
2026-04-27 20:53:18.025 | 2026-04-27 23:53:18,024 INFO graph [REC-2026-00230] GRAPH START
2026-04-27 20:53:18.027 | 2026-04-27 23:53:18,026 INFO graph [REC-2026-00230] AGENT=guardrail_input IN text_len=151
2026-04-27 20:53:19.155 | 2026-04-27 23:53:19,155 INFO agent.guardrail guardrail INPUT action=NONE
2026-04-27 20:53:19.155 | 2026-04-27 23:53:19,155 INFO graph [REC-2026-00230] AGENT=guardrail_input OUT in 1129ms blocked=False reason=None
2026-04-27 20:53:19.156 | 2026-04-27 23:53:19,156 INFO graph [REC-2026-00230] AGENT=triage IN text_len=151 product_hint=Consórcio
2026-04-27 20:53:22.221 | 2026-04-27 23:53:22,221 INFO agent.risk risk usou 4 trechos da política (top-k=4)
2026-04-27 20:53:22.221 | 2026-04-27 23:53:22,221 INFO graph [REC-2026-00227] AGENT=risk OUT in 5153ms level=Alto rag_chunks=4
2026-04-27 20:53:22.222 | 2026-04-27 23:53:22,221 INFO graph [REC-2026-00227] AGENT=report IN
2026-04-27 20:53:22.222 | 2026-04-27 23:53:22,222 INFO graph [REC-2026-00227] AGENT=report OUT in 1ms
2026-04-27 20:53:22.222 | 2026-04-27 23:53:22,222 INFO graph [REC-2026-00227] AGENT=guardrail_output IN
2026-04-27 20:53:22.785 | 2026-04-27 23:53:22,784 WARNING app [REC-2026-00229] tentativa 2/3 falhou — retry em 2s: An error occurred (ThrottlingException) when calling the InvokeModel operation (reached max retries: 4): Too many requests, please wait before trying again.
2026-04-27 20:53:23.072 | 2026-04-27 23:53:23,071 INFO graph [REC-2026-00233] AGENT=triage OUT in 5344ms category=Produto/Serviço product=Empréstimo urgency=Alta
2026-04-27 20:53:23.073 | 2026-04-27 23:53:23,072 INFO graph [REC-2026-00233] AGENT=risk IN triage_keys=['category', 'product', 'sentiment', 'urgency', 'summary']
2026-04-27 20:53:23.658 | 2026-04-27 23:53:23,657 INFO graph [REC-2026-00227] AGENT=guardrail_output OUT in 1435ms
2026-04-27 20:53:23.659 | 2026-04-27 23:53:23,658 INFO graph [REC-2026-00227] GRAPH END timings={'guardrail_input': 647, 'triage': 4618, 'risk': 5153, 'report': 1, 'guardrail_output': 1435}
2026-04-27 20:53:23.659 | 2026-04-27 23:53:23,659 INFO graph [REC-2026-00234] GRAPH START
2026-04-27 20:53:23.660 | 2026-04-27 23:53:23,660 INFO graph [REC-2026-00234] AGENT=guardrail_input IN text_len=134
2026-04-27 20:53:24.096 | 2026-04-27 23:53:24,095 WARNING app [REC-2026-00232] tentativa 1/3 falhou — retry em 1s: An error occurred (ThrottlingException) when calling the InvokeModel operation (reached max retries: 4): Too many requests, please wait before trying again.
2026-04-27 20:53:24.278 | 2026-04-27 23:53:24,278 INFO agent.guardrail guardrail INPUT action=NONE
2026-04-27 20:53:24.278 | 2026-04-27 23:53:24,278 INFO graph [REC-2026-00234] AGENT=guardrail_input OUT in 618ms blocked=False reason=None
2026-04-27 20:53:24.279 | 2026-04-27 23:53:24,279 INFO graph [REC-2026-00234] AGENT=triage IN text_len=134 product_hint=None
2026-04-27 20:53:24.785 | 2026-04-27 23:53:24,785 INFO graph [REC-2026-00229] GRAPH START
2026-04-27 20:53:24.786 | 2026-04-27 23:53:24,786 INFO graph [REC-2026-00229] AGENT=guardrail_input IN text_len=126
2026-04-27 20:53:25.096 | 2026-04-27 23:53:25,096 INFO graph [REC-2026-00232] GRAPH START
2026-04-27 20:53:25.098 | 2026-04-27 23:53:25,098 INFO graph [REC-2026-00232] AGENT=guardrail_input IN text_len=127
2026-04-27 20:53:25.538 | 2026-04-27 23:53:25,537 INFO agent.guardrail guardrail INPUT action=NONE
2026-04-27 20:53:25.538 | 2026-04-27 23:53:25,538 INFO graph [REC-2026-00229] AGENT=guardrail_input OUT in 752ms blocked=False reason=None
2026-04-27 20:53:25.539 | 2026-04-27 23:53:25,539 INFO graph [REC-2026-00229] AGENT=triage IN text_len=126 product_hint=Cartão de Crédito
2026-04-27 20:53:25.791 | 2026-04-27 23:53:25,790 INFO agent.guardrail guardrail INPUT action=NONE
2026-04-27 20:53:25.791 | 2026-04-27 23:53:25,791 INFO graph [REC-2026-00232] AGENT=guardrail_input OUT in 693ms blocked=False reason=None
2026-04-27 20:53:25.791 | 2026-04-27 23:53:25,791 INFO graph [REC-2026-00232] AGENT=triage IN text_len=127 product_hint=Cartão de Crédito
2026-04-27 20:53:27.709 | 2026-04-27 23:53:27,708 INFO agent.risk risk usou 4 trechos da política (top-k=4)
2026-04-27 20:53:27.709 | 2026-04-27 23:53:27,708 INFO graph [REC-2026-00233] AGENT=risk OUT in 4636ms level=Alto rag_chunks=4
2026-04-27 20:53:27.710 | 2026-04-27 23:53:27,709 INFO graph [REC-2026-00233] AGENT=report IN
2026-04-27 20:53:27.710 | 2026-04-27 23:53:27,709 INFO graph [REC-2026-00233] AGENT=report OUT in 0ms
2026-04-27 20:53:27.710 | 2026-04-27 23:53:27,710 INFO graph [REC-2026-00233] AGENT=guardrail_output IN
2026-04-27 20:53:28.420 | 2026-04-27 23:53:28,420 INFO graph [REC-2026-00229] AGENT=triage OUT in 2881ms category=Fraude/Segurança product=Cartão de Crédito urgency=Alta
2026-04-27 20:53:28.421 | 2026-04-27 23:53:28,420 INFO graph [REC-2026-00229] AGENT=risk IN triage_keys=['category', 'product', 'sentiment', 'urgency', 'summary']
2026-04-27 20:53:29.053 | 2026-04-27 23:53:29,052 INFO graph [REC-2026-00233] AGENT=guardrail_output OUT in 1342ms
2026-04-27 20:53:29.053 | 2026-04-27 23:53:29,053 INFO graph [REC-2026-00233] GRAPH END timings={'guardrail_input': 649, 'triage': 5344, 'risk': 4636, 'report': 0, 'guardrail_output': 1342}
2026-04-27 20:53:29.054 | 2026-04-27 23:53:29,053 INFO graph [REC-2026-00235] GRAPH START
2026-04-27 20:53:29.055 | 2026-04-27 23:53:29,055 INFO graph [REC-2026-00235] AGENT=guardrail_input IN text_len=92
2026-04-27 20:53:29.673 | 2026-04-27 23:53:29,672 INFO agent.guardrail guardrail INPUT action=NONE
2026-04-27 20:53:29.673 | 2026-04-27 23:53:29,673 INFO graph [REC-2026-00235] AGENT=guardrail_input OUT in 618ms blocked=False reason=None
2026-04-27 20:53:29.673 | 2026-04-27 23:53:29,673 INFO graph [REC-2026-00235] AGENT=triage IN text_len=92 product_hint=Conta Corrente
2026-04-27 20:53:32.106 | 2026-04-27 23:53:32,106 WARNING app [REC-2026-00234] tentativa 1/3 falhou — retry em 1s: An error occurred (ThrottlingException) when calling the InvokeModel operation (reached max retries: 4): Too many requests, please wait before trying again.
2026-04-27 20:53:32.833 | 2026-04-27 23:53:32,832 WARNING app [REC-2026-00230] tentativa 2/3 falhou — retry em 2s: An error occurred (ThrottlingException) when calling the InvokeModel operation (reached max retries: 4): Too many requests, please wait before trying again.
2026-04-27 20:53:33.107 | 2026-04-27 23:53:33,106 INFO graph [REC-2026-00234] GRAPH START
2026-04-27 20:53:33.109 | 2026-04-27 23:53:33,108 INFO graph [REC-2026-00234] AGENT=guardrail_input IN text_len=134
2026-04-27 20:53:33.290 | 2026-04-27 23:53:33,289 INFO agent.risk risk usou 4 trechos da política (top-k=4)
2026-04-27 20:53:33.290 | 2026-04-27 23:53:33,290 INFO graph [REC-2026-00229] AGENT=risk OUT in 4870ms level=Médio rag_chunks=4
2026-04-27 20:53:33.291 | 2026-04-27 23:53:33,290 INFO graph [REC-2026-00229] AGENT=report IN
2026-04-27 20:53:33.291 | 2026-04-27 23:53:33,290 INFO graph [REC-2026-00229] AGENT=report OUT in 0ms
2026-04-27 20:53:33.291 | 2026-04-27 23:53:33,291 INFO graph [REC-2026-00229] AGENT=guardrail_output IN
2026-04-27 20:53:33.714 | 2026-04-27 23:53:33,713 INFO agent.guardrail guardrail INPUT action=NONE
2026-04-27 20:53:33.714 | 2026-04-27 23:53:33,713 INFO graph [REC-2026-00234] AGENT=guardrail_input OUT in 605ms blocked=False reason=None
2026-04-27 20:53:33.715 | 2026-04-27 23:53:33,715 INFO graph [REC-2026-00234] AGENT=triage IN text_len=134 product_hint=None
2026-04-27 20:53:34.426 | 2026-04-27 23:53:34,425 INFO graph [REC-2026-00229] AGENT=guardrail_output OUT in 1134ms
2026-04-27 20:53:34.426 | 2026-04-27 23:53:34,426 INFO graph [REC-2026-00229] GRAPH END timings={'guardrail_input': 752, 'triage': 2881, 'risk': 4870, 'report': 0, 'guardrail_output': 1134}
2026-04-27 20:53:34.426 | 2026-04-27 23:53:34,426 INFO graph [REC-2026-00236] GRAPH START
2026-04-27 20:53:34.427 | 2026-04-27 23:53:34,427 INFO graph [REC-2026-00236] AGENT=guardrail_input IN text_len=80
2026-04-27 20:53:34.834 | 2026-04-27 23:53:34,833 INFO graph [REC-2026-00230] GRAPH START
2026-04-27 20:53:34.835 | 2026-04-27 23:53:34,835 INFO graph [REC-2026-00230] AGENT=guardrail_input IN text_len=151
2026-04-27 20:53:35.007 | 2026-04-27 23:53:35,006 INFO agent.guardrail guardrail INPUT action=NONE
2026-04-27 20:53:35.007 | 2026-04-27 23:53:35,006 INFO graph [REC-2026-00236] AGENT=guardrail_input OUT in 579ms blocked=False reason=None
2026-04-27 20:53:35.008 | 2026-04-27 23:53:35,007 INFO graph [REC-2026-00236] AGENT=triage IN text_len=80 product_hint=None
2026-04-27 20:53:35.413 | 2026-04-27 23:53:35,412 INFO agent.guardrail guardrail INPUT action=NONE
2026-04-27 20:53:35.413 | 2026-04-27 23:53:35,412 INFO graph [REC-2026-00230] AGENT=guardrail_input OUT in 577ms blocked=False reason=None
2026-04-27 20:53:35.414 | 2026-04-27 23:53:35,413 INFO graph [REC-2026-00230] AGENT=triage IN text_len=151 product_hint=Consórcio
2026-04-27 20:53:35.648 | 2026-04-27 23:53:35,647 INFO graph [REC-2026-00232] AGENT=triage OUT in 9856ms category=Cobrança Indevida product=Cartão de Crédito urgency=Alta
2026-04-27 20:53:35.648 | 2026-04-27 23:53:35,648 INFO graph [REC-2026-00232] AGENT=risk IN triage_keys=['category', 'product', 'sentiment', 'urgency', 'summary']
2026-04-27 20:53:40.497 | 2026-04-27 23:53:40,497 INFO agent.risk risk usou 4 trechos da política (top-k=4)
2026-04-27 20:53:40.497 | 2026-04-27 23:53:40,497 INFO graph [REC-2026-00232] AGENT=risk OUT in 4849ms level=Alto rag_chunks=4
2026-04-27 20:53:40.498 | 2026-04-27 23:53:40,498 INFO graph [REC-2026-00232] AGENT=report IN
2026-04-27 20:53:40.499 | 2026-04-27 23:53:40,498 INFO graph [REC-2026-00232] AGENT=report OUT in 0ms
2026-04-27 20:53:40.499 | 2026-04-27 23:53:40,499 INFO graph [REC-2026-00232] AGENT=guardrail_output IN
2026-04-27 20:53:40.973 | 2026-04-27 23:53:40,972 INFO graph [REC-2026-00235] AGENT=triage OUT in 11299ms category=Cobrança Indevida product=Conta Corrente urgency=Alta
2026-04-27 20:53:40.974 | 2026-04-27 23:53:40,973 INFO graph [REC-2026-00235] AGENT=risk IN triage_keys=['category', 'product', 'sentiment', 'urgency', 'summary']
2026-04-27 20:53:41.111 | 2026-04-27 23:53:41,110 WARNING agent.guardrail guardrail OUTPUT bloqueou campo=summary — usando regex como fallback
2026-04-27 20:53:41.703 | 2026-04-27 23:53:41,702 WARNING agent.guardrail guardrail OUTPUT bloqueou campo=risk_justification — usando regex como fallback
2026-04-27 20:53:41.703 | 2026-04-27 23:53:41,703 INFO graph [REC-2026-00232] AGENT=guardrail_output OUT in 1204ms
2026-04-27 20:53:41.704 | 2026-04-27 23:53:41,703 INFO graph [REC-2026-00232] GRAPH END timings={'guardrail_input': 693, 'triage': 9856, 'risk': 4849, 'report': 0, 'guardrail_output': 1204}
2026-04-27 20:53:41.704 | 2026-04-27 23:53:41,704 INFO graph [REC-2026-00237] GRAPH START
2026-04-27 20:53:41.705 | 2026-04-27 23:53:41,704 INFO graph [REC-2026-00237] AGENT=guardrail_input IN text_len=125
2026-04-27 20:53:42.282 | 2026-04-27 23:53:42,281 INFO agent.guardrail guardrail INPUT action=NONE
2026-04-27 20:53:42.282 | 2026-04-27 23:53:42,282 INFO graph [REC-2026-00237] AGENT=guardrail_input OUT in 578ms blocked=False reason=None
2026-04-27 20:53:42.283 | 2026-04-27 23:53:42,283 INFO graph [REC-2026-00237] AGENT=triage IN text_len=125 product_hint=None
2026-04-27 20:53:43.354 | 2026-04-27 23:53:43,353 WARNING app [REC-2026-00234] tentativa 2/3 falhou — retry em 2s: An error occurred (ThrottlingException) when calling the InvokeModel operation (reached max retries: 4): Too many requests, please wait before trying again.
2026-04-27 20:53:44.434 | 2026-04-27 23:53:44,433 WARNING app [REC-2026-00237] tentativa 1/3 falhou — retry em 1s: An error occurred (ThrottlingException) when calling the InvokeModel operation (reached max retries: 4): Too many requests, please wait before trying again.
2026-04-27 20:53:45.355 | 2026-04-27 23:53:45,354 INFO graph [REC-2026-00234] GRAPH START
2026-04-27 20:53:45.357 | 2026-04-27 23:53:45,356 INFO graph [REC-2026-00234] AGENT=guardrail_input IN text_len=134
2026-04-27 20:53:45.434 | 2026-04-27 23:53:45,433 INFO graph [REC-2026-00237] GRAPH START
2026-04-27 20:53:45.435 | 2026-04-27 23:53:45,435 INFO graph [REC-2026-00237] AGENT=guardrail_input IN text_len=125
2026-04-27 20:53:45.590 | 2026-04-27 23:53:45,590 INFO agent.risk risk usou 4 trechos da política (top-k=4)
2026-04-27 20:53:45.591 | 2026-04-27 23:53:45,590 INFO graph [REC-2026-00235] AGENT=risk OUT in 4617ms level=Médio rag_chunks=4
2026-04-27 20:53:45.591 | 2026-04-27 23:53:45,591 INFO graph [REC-2026-00235] AGENT=report IN
2026-04-27 20:53:45.591 | 2026-04-27 23:53:45,591 INFO graph [REC-2026-00235] AGENT=report OUT in 0ms
2026-04-27 20:53:45.591 | 2026-04-27 23:53:45,591 INFO graph [REC-2026-00235] AGENT=guardrail_output IN
2026-04-27 20:53:45.921 | 2026-04-27 23:53:45,920 INFO agent.guardrail guardrail INPUT action=NONE
2026-04-27 20:53:45.921 | 2026-04-27 23:53:45,920 INFO graph [REC-2026-00234] AGENT=guardrail_input OUT in 564ms blocked=False reason=None
2026-04-27 20:53:45.922 | 2026-04-27 23:53:45,921 INFO graph [REC-2026-00234] AGENT=triage IN text_len=134 product_hint=None
2026-04-27 20:53:45.980 | 2026-04-27 23:53:45,979 INFO agent.guardrail guardrail INPUT action=NONE
2026-04-27 20:53:45.980 | 2026-04-27 23:53:45,980 INFO graph [REC-2026-00237] AGENT=guardrail_input OUT in 545ms blocked=False reason=None
2026-04-27 20:53:45.981 | 2026-04-27 23:53:45,981 INFO graph [REC-2026-00237] AGENT=triage IN text_len=125 product_hint=None
2026-04-27 20:53:46.873 | 2026-04-27 23:53:46,873 INFO graph [REC-2026-00235] AGENT=guardrail_output OUT in 1282ms
2026-04-27 20:53:46.873 | 2026-04-27 23:53:46,873 INFO graph [REC-2026-00235] GRAPH END timings={'guardrail_input': 618, 'triage': 11299, 'risk': 4617, 'report': 0, 'guardrail_output': 1282}
2026-04-27 20:53:46.874 | 2026-04-27 23:53:46,873 INFO graph [REC-2026-00238] GRAPH START
2026-04-27 20:53:46.874 | 2026-04-27 23:53:46,874 INFO graph [REC-2026-00238] AGENT=guardrail_input IN text_len=47
2026-04-27 20:53:47.471 | 2026-04-27 23:53:47,471 INFO agent.guardrail guardrail INPUT action=NONE
2026-04-27 20:53:47.471 | 2026-04-27 23:53:47,471 INFO graph [REC-2026-00238] AGENT=guardrail_input OUT in 597ms blocked=False reason=None
2026-04-27 20:53:47.472 | 2026-04-27 23:53:47,472 INFO graph [REC-2026-00238] AGENT=triage IN text_len=47 product_hint=None
2026-04-27 20:53:47.630 | 2026-04-27 23:53:47,629 INFO graph [REC-2026-00234] AGENT=triage OUT in 1708ms category=Produto/Serviço product=Cartão de Crédito urgency=Média
2026-04-27 20:53:47.631 | 2026-04-27 23:53:47,630 INFO graph [REC-2026-00234] AGENT=risk IN triage_keys=['category', 'product', 'sentiment', 'urgency', 'summary']
2026-04-27 20:53:47.846 | 2026-04-27 23:53:47,846 ERROR app [REC-2026-00230] todas 3 tentativas falharam: An error occurred (ThrottlingException) when calling the InvokeModel operation (reached max retries: 4): Too many requests, please wait before trying again.
2026-04-27 20:53:47.846 | 2026-04-27 23:53:47,846 WARNING app [REC-2026-00230] throttling — agendado para próximo passe
2026-04-27 20:53:47.846 | 2026-04-27 23:53:47,846 INFO graph [REC-2026-00239] GRAPH START
2026-04-27 20:53:47.847 | 2026-04-27 23:53:47,847 INFO graph [REC-2026-00239] AGENT=guardrail_input IN text_len=132
2026-04-27 20:53:48.398 | 2026-04-27 23:53:48,396 INFO agent.guardrail guardrail INPUT action=NONE
2026-04-27 20:53:48.398 | 2026-04-27 23:53:48,397 INFO graph [REC-2026-00239] AGENT=guardrail_input OUT in 550ms blocked=False reason=None
2026-04-27 20:53:48.399 | 2026-04-27 23:53:48,398 INFO graph [REC-2026-00239] AGENT=triage IN text_len=132 product_hint=Conta Corrente
2026-04-27 20:53:49.847 | 2026-04-27 23:53:49,847 WARNING app [REC-2026-00236] tentativa 1/3 falhou — retry em 1s: An error occurred (ThrottlingException) when calling the InvokeModel operation (reached max retries: 4): Too many requests, please wait before trying again.
2026-04-27 20:53:50.848 | 2026-04-27 23:53:50,847 INFO graph [REC-2026-00236] GRAPH START
2026-04-27 20:53:50.850 | 2026-04-27 23:53:50,850 INFO graph [REC-2026-00236] AGENT=guardrail_input IN text_len=80
2026-04-27 20:53:51.464 | 2026-04-27 23:53:51,463 INFO agent.guardrail guardrail INPUT action=NONE
2026-04-27 20:53:51.464 | 2026-04-27 23:53:51,464 INFO graph [REC-2026-00236] AGENT=guardrail_input OUT in 614ms blocked=False reason=None
2026-04-27 20:53:51.466 | 2026-04-27 23:53:51,465 INFO graph [REC-2026-00236] AGENT=triage IN text_len=80 product_hint=None
2026-04-27 20:53:52.209 | 2026-04-27 23:53:52,209 INFO agent.risk risk usou 4 trechos da política (top-k=4)
2026-04-27 20:53:52.209 | 2026-04-27 23:53:52,209 INFO graph [REC-2026-00234] AGENT=risk OUT in 4579ms level=Baixo rag_chunks=4
2026-04-27 20:53:52.210 | 2026-04-27 23:53:52,209 INFO graph [REC-2026-00234] AGENT=report IN
2026-04-27 20:53:52.210 | 2026-04-27 23:53:52,210 INFO graph [REC-2026-00234] AGENT=report OUT in 1ms
2026-04-27 20:53:52.210 | 2026-04-27 23:53:52,210 INFO graph [REC-2026-00234] AGENT=guardrail_output IN
2026-04-27 20:53:52.493 | 2026-04-27 23:53:52,492 INFO graph [REC-2026-00239] AGENT=triage OUT in 4094ms category=Cobrança Indevida product=Conta Corrente urgency=Alta
2026-04-27 20:53:52.494 | 2026-04-27 23:53:52,494 INFO graph [REC-2026-00239] AGENT=risk IN triage_keys=['category', 'product', 'sentiment', 'urgency', 'summary']
2026-04-27 20:53:53.336 | 2026-04-27 23:53:53,336 INFO graph [REC-2026-00234] AGENT=guardrail_output OUT in 1126ms
2026-04-27 20:53:53.337 | 2026-04-27 23:53:53,336 INFO graph [REC-2026-00234] GRAPH END timings={'guardrail_input': 564, 'triage': 1708, 'risk': 4579, 'report': 1, 'guardrail_output': 1126}
2026-04-27 20:53:53.337 | 2026-04-27 23:53:53,337 INFO graph [REC-2026-00240] GRAPH START
2026-04-27 20:53:53.338 | 2026-04-27 23:53:53,337 INFO graph [REC-2026-00240] AGENT=guardrail_input IN text_len=27
2026-04-27 20:53:53.991 | 2026-04-27 23:53:53,990 INFO agent.guardrail guardrail INPUT action=NONE
2026-04-27 20:53:53.991 | 2026-04-27 23:53:53,990 INFO graph [REC-2026-00240] AGENT=guardrail_input OUT in 653ms blocked=False reason=None
2026-04-27 20:53:53.992 | 2026-04-27 23:53:53,991 INFO graph [REC-2026-00240] AGENT=triage IN text_len=27 product_hint=Conta Corrente
2026-04-27 20:53:54.515 | 2026-04-27 23:53:54,515 WARNING app [REC-2026-00237] tentativa 2/3 falhou — retry em 2s: An error occurred (ThrottlingException) when calling the InvokeModel operation (reached max retries: 4): Too many requests, please wait before trying again.
2026-04-27 20:53:55.811 | 2026-04-27 23:53:55,810 WARNING app [REC-2026-00238] tentativa 1/3 falhou — retry em 1s: An error occurred (ThrottlingException) when calling the InvokeModel operation (reached max retries: 4): Too many requests, please wait before trying again.
2026-04-27 20:53:56.516 | 2026-04-27 23:53:56,516 INFO graph [REC-2026-00237] GRAPH START
2026-04-27 20:53:56.518 | 2026-04-27 23:53:56,518 INFO graph [REC-2026-00237] AGENT=guardrail_input IN text_len=125
2026-04-27 20:53:56.812 | 2026-04-27 23:53:56,811 INFO graph [REC-2026-00238] GRAPH START
2026-04-27 20:53:56.814 | 2026-04-27 23:53:56,813 INFO graph [REC-2026-00238] AGENT=guardrail_input IN text_len=47
2026-04-27 20:53:57.128 | 2026-04-27 23:53:57,127 INFO agent.guardrail guardrail INPUT action=NONE
2026-04-27 20:53:57.128 | 2026-04-27 23:53:57,127 INFO graph [REC-2026-00237] AGENT=guardrail_input OUT in 609ms blocked=False reason=None
2026-04-27 20:53:57.128 | 2026-04-27 23:53:57,128 INFO graph [REC-2026-00237] AGENT=triage IN text_len=125 product_hint=None
2026-04-27 20:53:57.270 | 2026-04-27 23:53:57,269 INFO agent.risk risk usou 4 trechos da política (top-k=4)
2026-04-27 20:53:57.270 | 2026-04-27 23:53:57,269 INFO graph [REC-2026-00239] AGENT=risk OUT in 4776ms level=Alto rag_chunks=4
2026-04-27 20:53:57.271 | 2026-04-27 23:53:57,270 INFO graph [REC-2026-00239] AGENT=report IN
2026-04-27 20:53:57.271 | 2026-04-27 23:53:57,270 INFO graph [REC-2026-00239] AGENT=report OUT in 0ms
2026-04-27 20:53:57.271 | 2026-04-27 23:53:57,271 INFO graph [REC-2026-00239] AGENT=guardrail_output IN
2026-04-27 20:53:57.383 | 2026-04-27 23:53:57,382 INFO agent.guardrail guardrail INPUT action=NONE
2026-04-27 20:53:57.383 | 2026-04-27 23:53:57,382 INFO graph [REC-2026-00238] AGENT=guardrail_input OUT in 569ms blocked=False reason=None
2026-04-27 20:53:57.384 | 2026-04-27 23:53:57,383 INFO graph [REC-2026-00238] AGENT=triage IN text_len=47 product_hint=None
2026-04-27 20:53:58.272 | 2026-04-27 23:53:58,271 INFO graph [REC-2026-00240] AGENT=triage OUT in 4280ms category=Cobrança Indevida product=Conta Corrente urgency=Alta
2026-04-27 20:53:58.273 | 2026-04-27 23:53:58,272 INFO graph [REC-2026-00240] AGENT=risk IN triage_keys=['category', 'product', 'sentiment', 'urgency', 'summary']
2026-04-27 20:53:58.437 | 2026-04-27 23:53:58,436 WARNING agent.guardrail guardrail OUTPUT bloqueou campo=risk_justification — usando regex como fallback
2026-04-27 20:53:58.437 | 2026-04-27 23:53:58,437 INFO graph [REC-2026-00239] AGENT=guardrail_output OUT in 1166ms
2026-04-27 20:53:58.437 | 2026-04-27 23:53:58,437 INFO graph [REC-2026-00239] GRAPH END timings={'guardrail_input': 550, 'triage': 4094, 'risk': 4776, 'report': 0, 'guardrail_output': 1166}
2026-04-27 20:53:58.437 | 2026-04-27 23:53:58,437 INFO graph [REC-2026-00241] GRAPH START
2026-04-27 20:53:58.438 | 2026-04-27 23:53:58,438 INFO graph [REC-2026-00241] AGENT=guardrail_input IN text_len=82
2026-04-27 20:53:59.185 | 2026-04-27 23:53:59,184 INFO agent.guardrail guardrail INPUT action=NONE
2026-04-27 20:53:59.185 | 2026-04-27 23:53:59,185 INFO graph [REC-2026-00241] AGENT=guardrail_input OUT in 747ms blocked=False reason=None
2026-04-27 20:53:59.186 | 2026-04-27 23:53:59,186 INFO graph [REC-2026-00241] AGENT=triage IN text_len=82 product_hint=Investimento
2026-04-27 20:54:01.637 | 2026-04-27 23:54:01,637 WARNING app [REC-2026-00238] tentativa 2/3 falhou — retry em 2s: An error occurred (ThrottlingException) when calling the InvokeModel operation (reached max retries: 4): Too many requests, please wait before trying again.
2026-04-27 20:54:03.638 | 2026-04-27 23:54:03,637 INFO graph [REC-2026-00238] GRAPH START
2026-04-27 20:54:03.640 | 2026-04-27 23:54:03,639 INFO graph [REC-2026-00238] AGENT=guardrail_input IN text_len=47
2026-04-27 20:54:03.842 | 2026-04-27 23:54:03,842 INFO agent.risk risk usou 4 trechos da política (top-k=4)
2026-04-27 20:54:03.842 | 2026-04-27 23:54:03,842 INFO graph [REC-2026-00240] AGENT=risk OUT in 5570ms level=Alto rag_chunks=4
2026-04-27 20:54:03.843 | 2026-04-27 23:54:03,843 INFO graph [REC-2026-00240] AGENT=report IN
2026-04-27 20:54:03.843 | 2026-04-27 23:54:03,843 INFO graph [REC-2026-00240] AGENT=report OUT in 0ms
2026-04-27 20:54:03.843 | 2026-04-27 23:54:03,843 INFO graph [REC-2026-00240] AGENT=guardrail_output IN
2026-04-27 20:54:04.271 | 2026-04-27 23:54:04,270 INFO agent.guardrail guardrail INPUT action=NONE
2026-04-27 20:54:04.271 | 2026-04-27 23:54:04,271 INFO graph [REC-2026-00238] AGENT=guardrail_input OUT in 632ms blocked=False reason=None
2026-04-27 20:54:04.273 | 2026-04-27 23:54:04,272 INFO graph [REC-2026-00238] AGENT=triage IN text_len=47 product_hint=None
2026-04-27 20:54:04.806 | 2026-04-27 23:54:04,805 WARNING app [REC-2026-00236] tentativa 2/3 falhou — retry em 2s: An error occurred (ThrottlingException) when calling the InvokeModel operation (reached max retries: 4): Too many requests, please wait before trying again.
2026-04-27 20:54:05.009 | 2026-04-27 23:54:05,008 INFO graph [REC-2026-00240] AGENT=guardrail_output OUT in 1165ms
2026-04-27 20:54:05.009 | 2026-04-27 23:54:05,009 INFO graph [REC-2026-00240] GRAPH END timings={'guardrail_input': 653, 'triage': 4280, 'risk': 5570, 'report': 0, 'guardrail_output': 1165}
2026-04-27 20:54:05.009 | 2026-04-27 23:54:05,009 INFO graph [REC-2026-00242] GRAPH START
2026-04-27 20:54:05.010 | 2026-04-27 23:54:05,010 INFO graph [REC-2026-00242] AGENT=guardrail_input IN text_len=99
2026-04-27 20:54:05.614 | 2026-04-27 23:54:05,613 INFO agent.guardrail guardrail INPUT action=NONE
2026-04-27 20:54:05.614 | 2026-04-27 23:54:05,613 INFO graph [REC-2026-00242] AGENT=guardrail_input OUT in 603ms blocked=False reason=None
2026-04-27 20:54:05.615 | 2026-04-27 23:54:05,614 INFO graph [REC-2026-00242] AGENT=triage IN text_len=99 product_hint=Empréstimo
2026-04-27 20:54:05.888 | 2026-04-27 23:54:05,887 INFO graph [REC-2026-00238] AGENT=triage OUT in 1615ms category=Outros product=Não Identificado urgency=Baixa
2026-04-27 20:54:05.888 | 2026-04-27 23:54:05,888 INFO graph [REC-2026-00238] AGENT=risk IN triage_keys=['category', 'product', 'sentiment', 'urgency', 'summary']
2026-04-27 20:54:06.806 | 2026-04-27 23:54:06,806 INFO graph [REC-2026-00236] GRAPH START
2026-04-27 20:54:06.807 | 2026-04-27 23:54:06,807 INFO graph [REC-2026-00236] AGENT=guardrail_input IN text_len=80
2026-04-27 20:54:07.387 | 2026-04-27 23:54:07,386 INFO agent.guardrail guardrail INPUT action=NONE
2026-04-27 20:54:07.387 | 2026-04-27 23:54:07,386 INFO graph [REC-2026-00236] AGENT=guardrail_input OUT in 579ms blocked=False reason=None
2026-04-27 20:54:07.387 | 2026-04-27 23:54:07,387 INFO graph [REC-2026-00236] AGENT=triage IN text_len=80 product_hint=None
2026-04-27 20:54:07.784 | 2026-04-27 23:54:07,784 WARNING app [REC-2026-00241] tentativa 1/3 falhou — retry em 1s: An error occurred (ThrottlingException) when calling the InvokeModel operation (reached max retries: 4): Too many requests, please wait before trying again.
2026-04-27 20:54:08.785 | 2026-04-27 23:54:08,784 INFO graph [REC-2026-00241] GRAPH START
2026-04-27 20:54:08.786 | 2026-04-27 23:54:08,786 INFO graph [REC-2026-00241] AGENT=guardrail_input IN text_len=82
2026-04-27 20:54:09.384 | 2026-04-27 23:54:09,383 INFO agent.guardrail guardrail INPUT action=NONE
2026-04-27 20:54:09.384 | 2026-04-27 23:54:09,384 INFO graph [REC-2026-00241] AGENT=guardrail_input OUT in 598ms blocked=False reason=None
2026-04-27 20:54:09.385 | 2026-04-27 23:54:09,385 INFO graph [REC-2026-00241] AGENT=triage IN text_len=82 product_hint=Investimento
2026-04-27 20:54:09.641 | 2026-04-27 23:54:09,641 INFO agent.risk risk usou 4 trechos da política (top-k=4)
2026-04-27 20:54:09.642 | 2026-04-27 23:54:09,641 INFO graph [REC-2026-00238] AGENT=risk OUT in 3753ms level=Baixo rag_chunks=4
2026-04-27 20:54:09.642 | 2026-04-27 23:54:09,642 INFO graph [REC-2026-00238] AGENT=report IN
2026-04-27 20:54:09.642 | 2026-04-27 23:54:09,642 INFO graph [REC-2026-00238] AGENT=report OUT in 0ms
2026-04-27 20:54:09.643 | 2026-04-27 23:54:09,643 INFO graph [REC-2026-00238] AGENT=guardrail_output IN
2026-04-27 20:54:10.440 | 2026-04-27 23:54:10,439 ERROR app [REC-2026-00237] todas 3 tentativas falharam: An error occurred (ThrottlingException) when calling the InvokeModel operation (reached max retries: 4): Too many requests, please wait before trying again.
2026-04-27 20:54:10.440 | 2026-04-27 23:54:10,440 WARNING app [REC-2026-00237] throttling — agendado para próximo passe
2026-04-27 20:54:10.440 | 2026-04-27 23:54:10,440 INFO graph [REC-2026-00243] GRAPH START
2026-04-27 20:54:10.441 | 2026-04-27 23:54:10,441 INFO graph [REC-2026-00243] AGENT=guardrail_input IN text_len=37
2026-04-27 20:54:10.757 | 2026-04-27 23:54:10,756 INFO graph [REC-2026-00236] AGENT=triage OUT in 3369ms category=Atendimento product=Não Identificado urgency=Baixa
2026-04-27 20:54:10.758 | 2026-04-27 23:54:10,758 INFO graph [REC-2026-00236] AGENT=risk IN triage_keys=['category', 'product', 'sentiment', 'urgency', 'summary']
2026-04-27 20:54:10.767 | 2026-04-27 23:54:10,767 INFO graph [REC-2026-00238] AGENT=guardrail_output OUT in 1124ms
2026-04-27 20:54:10.768 | 2026-04-27 23:54:10,767 INFO graph [REC-2026-00238] GRAPH END timings={'guardrail_input': 632, 'triage': 1615, 'risk': 3753, 'report': 0, 'guardrail_output': 1124}
2026-04-27 20:54:10.768 | 2026-04-27 23:54:10,768 INFO graph [REC-2026-00244] GRAPH START
2026-04-27 20:54:10.768 | 2026-04-27 23:54:10,768 INFO graph [REC-2026-00244] AGENT=guardrail_input IN text_len=99
2026-04-27 20:54:11.008 | 2026-04-27 23:54:11,007 INFO agent.guardrail guardrail INPUT action=NONE
2026-04-27 20:54:11.008 | 2026-04-27 23:54:11,007 INFO graph [REC-2026-00243] AGENT=guardrail_input OUT in 566ms blocked=False reason=None
2026-04-27 20:54:11.008 | 2026-04-27 23:54:11,008 INFO graph [REC-2026-00243] AGENT=triage IN text_len=37 product_hint=Cartão de Crédito
2026-04-27 20:54:11.353 | 2026-04-27 23:54:11,352 INFO agent.guardrail guardrail INPUT action=NONE
2026-04-27 20:54:11.353 | 2026-04-27 23:54:11,352 INFO graph [REC-2026-00244] AGENT=guardrail_input OUT in 584ms blocked=False reason=None
2026-04-27 20:54:11.354 | 2026-04-27 23:54:11,353 INFO graph [REC-2026-00244] AGENT=triage IN text_len=99 product_hint=Investimento
2026-04-27 20:54:12.832 | 2026-04-27 23:54:12,831 WARNING app [REC-2026-00242] tentativa 1/3 falhou — retry em 1s: An error occurred (ThrottlingException) when calling the InvokeModel operation (reached max retries: 4): Too many requests, please wait before trying again.
2026-04-27 20:54:13.829 | 2026-04-27 23:54:13,829 INFO graph [REC-2026-00242] GRAPH START
2026-04-27 20:54:13.830 | 2026-04-27 23:54:13,830 INFO graph [REC-2026-00242] AGENT=guardrail_input IN text_len=99
2026-04-27 20:54:14.462 | 2026-04-27 23:54:14,461 INFO agent.guardrail guardrail INPUT action=NONE
2026-04-27 20:54:14.462 | 2026-04-27 23:54:14,462 INFO graph [REC-2026-00242] AGENT=guardrail_input OUT in 632ms blocked=False reason=None
2026-04-27 20:54:14.464 | 2026-04-27 23:54:14,464 INFO graph [REC-2026-00242] AGENT=triage IN text_len=99 product_hint=Empréstimo
2026-04-27 20:54:14.613 | 2026-04-27 23:54:14,613 INFO agent.risk risk usou 4 trechos da política (top-k=4)
2026-04-27 20:54:14.613 | 2026-04-27 23:54:14,613 INFO graph [REC-2026-00236] AGENT=risk OUT in 3855ms level=Baixo rag_chunks=4
2026-04-27 20:54:14.614 | 2026-04-27 23:54:14,614 INFO graph [REC-2026-00236] AGENT=report IN
2026-04-27 20:54:14.614 | 2026-04-27 23:54:14,614 INFO graph [REC-2026-00236] AGENT=report OUT in 0ms
2026-04-27 20:54:14.615 | 2026-04-27 23:54:14,614 INFO graph [REC-2026-00236] AGENT=guardrail_output IN
2026-04-27 20:54:15.908 | 2026-04-27 23:54:15,907 INFO graph [REC-2026-00236] AGENT=guardrail_output OUT in 1293ms
2026-04-27 20:54:15.909 | 2026-04-27 23:54:15,908 INFO graph [REC-2026-00236] GRAPH END timings={'guardrail_input': 579, 'triage': 3369, 'risk': 3855, 'report': 0, 'guardrail_output': 1293}
2026-04-27 20:54:15.909 | 2026-04-27 23:54:15,908 INFO graph [REC-2026-00245] GRAPH START
2026-04-27 20:54:15.910 | 2026-04-27 23:54:15,910 INFO graph [REC-2026-00245] AGENT=guardrail_input IN text_len=74
2026-04-27 20:54:16.513 | 2026-04-27 23:54:16,512 INFO agent.guardrail guardrail INPUT action=NONE
2026-04-27 20:54:16.513 | 2026-04-27 23:54:16,513 INFO graph [REC-2026-00245] AGENT=guardrail_input OUT in 603ms blocked=False reason=None
2026-04-27 20:54:16.514 | 2026-04-27 23:54:16,514 INFO graph [REC-2026-00245] AGENT=triage IN text_len=74 product_hint=None
2026-04-27 20:54:16.916 | 2026-04-27 23:54:16,916 INFO graph [REC-2026-00243] AGENT=triage OUT in 5908ms category=Fraude/Segurança product=Cartão de Crédito urgency=Crítica
2026-04-27 20:54:16.917 | 2026-04-27 23:54:16,916 INFO graph [REC-2026-00243] AGENT=risk IN triage_keys=['category', 'product', 'sentiment', 'urgency', 'summary']
2026-04-27 20:54:21.404 | 2026-04-27 23:54:21,404 INFO agent.risk risk usou 4 trechos da política (top-k=4)
2026-04-27 20:54:21.404 | 2026-04-27 23:54:21,404 INFO graph [REC-2026-00243] AGENT=risk OUT in 4488ms level=Crítico rag_chunks=4
2026-04-27 20:54:21.405 | 2026-04-27 23:54:21,405 INFO graph [REC-2026-00243] AGENT=report IN
2026-04-27 20:54:21.405 | 2026-04-27 23:54:21,405 INFO graph [REC-2026-00243] AGENT=report OUT in 0ms
2026-04-27 20:54:21.405 | 2026-04-27 23:54:21,405 INFO graph [REC-2026-00243] AGENT=guardrail_output IN
2026-04-27 20:54:21.753 | 2026-04-27 23:54:21,753 WARNING app [REC-2026-00242] tentativa 2/3 falhou — retry em 2s: An error occurred (ThrottlingException) when calling the InvokeModel operation (reached max retries: 4): Too many requests, please wait before trying again.
2026-04-27 20:54:22.370 | 2026-04-27 23:54:22,369 WARNING app [REC-2026-00244] tentativa 1/3 falhou — retry em 1s: An error occurred (ThrottlingException) when calling the InvokeModel operation (reached max retries: 4): Too many requests, please wait before trying again.
2026-04-27 20:54:22.614 | 2026-04-27 23:54:22,614 INFO graph [REC-2026-00241] AGENT=triage OUT in 13229ms category=Cobrança Indevida product=Investimentos urgency=Alta
2026-04-27 20:54:22.615 | 2026-04-27 23:54:22,615 INFO graph [REC-2026-00241] AGENT=risk IN triage_keys=['category', 'product', 'sentiment', 'urgency', 'summary']
2026-04-27 20:54:22.661 | 2026-04-27 23:54:22,659 WARNING agent.guardrail guardrail OUTPUT bloqueou campo=risk_justification — usando regex como fallback
2026-04-27 20:54:22.661 | 2026-04-27 23:54:22,660 INFO graph [REC-2026-00243] AGENT=guardrail_output OUT in 1255ms
2026-04-27 20:54:22.662 | 2026-04-27 23:54:22,661 INFO graph [REC-2026-00243] GRAPH END timings={'guardrail_input': 566, 'triage': 5908, 'risk': 4488, 'report': 0, 'guardrail_output': 1255}
2026-04-27 20:54:22.662 | 2026-04-27 23:54:22,662 INFO graph [REC-2026-00246] GRAPH START
2026-04-27 20:54:22.663 | 2026-04-27 23:54:22,662 INFO graph [REC-2026-00246] AGENT=guardrail_input IN text_len=123
2026-04-27 20:54:23.241 | 2026-04-27 23:54:23,240 INFO agent.guardrail guardrail INPUT action=NONE
2026-04-27 20:54:23.241 | 2026-04-27 23:54:23,240 INFO graph [REC-2026-00246] AGENT=guardrail_input OUT in 578ms blocked=False reason=None
2026-04-27 20:54:23.242 | 2026-04-27 23:54:23,242 INFO graph [REC-2026-00246] AGENT=triage IN text_len=123 product_hint=Seguro
2026-04-27 20:54:23.370 | 2026-04-27 23:54:23,370 INFO graph [REC-2026-00244] GRAPH START
2026-04-27 20:54:23.373 | 2026-04-27 23:54:23,372 INFO graph [REC-2026-00244] AGENT=guardrail_input IN text_len=99
2026-04-27 20:54:23.754 | 2026-04-27 23:54:23,753 INFO graph [REC-2026-00242] GRAPH START
2026-04-27 20:54:23.756 | 2026-04-27 23:54:23,756 INFO graph [REC-2026-00242] AGENT=guardrail_input IN text_len=99
2026-04-27 20:54:23.959 | 2026-04-27 23:54:23,958 INFO agent.guardrail guardrail INPUT action=NONE
2026-04-27 20:54:23.959 | 2026-04-27 23:54:23,959 INFO graph [REC-2026-00244] AGENT=guardrail_input OUT in 587ms blocked=False reason=None
2026-04-27 20:54:23.960 | 2026-04-27 23:54:23,960 INFO graph [REC-2026-00244] AGENT=triage IN text_len=99 product_hint=Investimento
2026-04-27 20:54:24.341 | 2026-04-27 23:54:24,340 INFO agent.guardrail guardrail INPUT action=NONE
2026-04-27 20:54:24.341 | 2026-04-27 23:54:24,340 INFO graph [REC-2026-00242] AGENT=guardrail_input OUT in 584ms blocked=False reason=None
2026-04-27 20:54:24.343 | 2026-04-27 23:54:24,342 INFO graph [REC-2026-00242] AGENT=triage IN text_len=99 product_hint=Empréstimo
2026-04-27 20:54:27.063 | 2026-04-27 23:54:27,062 INFO agent.risk risk usou 4 trechos da política (top-k=4)
2026-04-27 20:54:27.063 | 2026-04-27 23:54:27,062 INFO graph [REC-2026-00241] AGENT=risk OUT in 4447ms level=Alto rag_chunks=4
2026-04-27 20:54:27.063 | 2026-04-27 23:54:27,063 INFO graph [REC-2026-00241] AGENT=report IN
2026-04-27 20:54:27.063 | 2026-04-27 23:54:27,063 INFO graph [REC-2026-00241] AGENT=report OUT in 0ms
2026-04-27 20:54:27.064 | 2026-04-27 23:54:27,064 INFO graph [REC-2026-00241] AGENT=guardrail_output IN
2026-04-27 20:54:28.281 | 2026-04-27 23:54:28,280 INFO graph [REC-2026-00241] AGENT=guardrail_output OUT in 1216ms
2026-04-27 20:54:28.282 | 2026-04-27 23:54:28,282 INFO graph [REC-2026-00241] GRAPH END timings={'guardrail_input': 598, 'triage': 13229, 'risk': 4447, 'report': 0, 'guardrail_output': 1216}
2026-04-27 20:54:28.282 | 2026-04-27 23:54:28,282 INFO graph [REC-2026-00247] GRAPH START
2026-04-27 20:54:28.283 | 2026-04-27 23:54:28,283 INFO graph [REC-2026-00247] AGENT=guardrail_input IN text_len=87
2026-04-27 20:54:28.704 | 2026-04-27 23:54:28,704 INFO graph [REC-2026-00245] AGENT=triage OUT in 12190ms category=Outros product=Não Identificado urgency=Baixa
2026-04-27 20:54:28.704 | 2026-04-27 23:54:28,704 INFO graph [REC-2026-00245] AGENT=risk IN triage_keys=['category', 'product', 'sentiment', 'urgency', 'summary']
2026-04-27 20:54:28.845 | 2026-04-27 23:54:28,844 INFO agent.guardrail guardrail INPUT action=NONE
2026-04-27 20:54:28.845 | 2026-04-27 23:54:28,845 INFO graph [REC-2026-00247] AGENT=guardrail_input OUT in 562ms blocked=False reason=None
2026-04-27 20:54:28.846 | 2026-04-27 23:54:28,846 INFO graph [REC-2026-00247] AGENT=triage IN text_len=87 product_hint=Empréstimo
2026-04-27 20:54:32.000 | 2026-04-27 23:54:32,000 ERROR app [REC-2026-00242] todas 3 tentativas falharam: An error occurred (ThrottlingException) when calling the InvokeModel operation (reached max retries: 4): Too many requests, please wait before trying again.
2026-04-27 20:54:32.000 | 2026-04-27 23:54:32,000 WARNING app [REC-2026-00242] throttling — agendado para próximo passe
2026-04-27 20:54:32.000 | 2026-04-27 23:54:32,000 INFO graph [REC-2026-00248] GRAPH START
2026-04-27 20:54:32.001 | 2026-04-27 23:54:32,001 INFO graph [REC-2026-00248] AGENT=guardrail_input IN text_len=77
2026-04-27 20:54:32.129 | 2026-04-27 23:54:32,129 WARNING app [REC-2026-00246] tentativa 1/3 falhou — retry em 1s: An error occurred (ThrottlingException) when calling the InvokeModel operation (reached max retries: 4): Too many requests, please wait before trying again.
2026-04-27 20:54:32.641 | 2026-04-27 23:54:32,641 INFO agent.guardrail guardrail INPUT action=NONE
2026-04-27 20:54:32.641 | 2026-04-27 23:54:32,641 INFO graph [REC-2026-00248] AGENT=guardrail_input OUT in 640ms blocked=False reason=None
2026-04-27 20:54:32.642 | 2026-04-27 23:54:32,642 INFO graph [REC-2026-00248] AGENT=triage IN text_len=77 product_hint=None
2026-04-27 20:54:32.646 | 2026-04-27 23:54:32,646 INFO agent.risk risk usou 4 trechos da política (top-k=4)
2026-04-27 20:54:32.646 | 2026-04-27 23:54:32,646 INFO graph [REC-2026-00245] AGENT=risk OUT in 3942ms level=Baixo rag_chunks=4
2026-04-27 20:54:32.647 | 2026-04-27 23:54:32,647 INFO graph [REC-2026-00245] AGENT=report IN
2026-04-27 20:54:32.647 | 2026-04-27 23:54:32,647 INFO graph [REC-2026-00245] AGENT=report OUT in 0ms
2026-04-27 20:54:32.647 | 2026-04-27 23:54:32,647 INFO graph [REC-2026-00245] AGENT=guardrail_output IN
2026-04-27 20:54:33.130 | 2026-04-27 23:54:33,129 INFO graph [REC-2026-00246] GRAPH START
2026-04-27 20:54:33.132 | 2026-04-27 23:54:33,131 INFO graph [REC-2026-00246] AGENT=guardrail_input IN text_len=123
2026-04-27 20:54:33.726 | 2026-04-27 23:54:33,725 INFO agent.guardrail guardrail INPUT action=NONE
2026-04-27 20:54:33.726 | 2026-04-27 23:54:33,726 INFO graph [REC-2026-00246] AGENT=guardrail_input OUT in 595ms blocked=False reason=None
2026-04-27 20:54:33.727 | 2026-04-27 23:54:33,727 INFO graph [REC-2026-00246] AGENT=triage IN text_len=123 product_hint=Seguro
2026-04-27 20:54:33.827 | 2026-04-27 23:54:33,826 INFO graph [REC-2026-00245] AGENT=guardrail_output OUT in 1179ms
2026-04-27 20:54:33.828 | 2026-04-27 23:54:33,827 INFO graph [REC-2026-00245] GRAPH END timings={'guardrail_input': 603, 'triage': 12190, 'risk': 3942, 'report': 0, 'guardrail_output': 1179}
2026-04-27 20:54:33.828 | 2026-04-27 23:54:33,828 INFO graph [REC-2026-00249] GRAPH START
2026-04-27 20:54:33.830 | 2026-04-27 23:54:33,829 INFO graph [REC-2026-00249] AGENT=guardrail_input IN text_len=93
2026-04-27 20:54:34.419 | 2026-04-27 23:54:34,419 INFO agent.guardrail guardrail INPUT action=NONE
2026-04-27 20:54:34.419 | 2026-04-27 23:54:34,419 INFO graph [REC-2026-00249] AGENT=guardrail_input OUT in 590ms blocked=False reason=None
2026-04-27 20:54:34.420 | 2026-04-27 23:54:34,420 INFO graph [REC-2026-00249] AGENT=triage IN text_len=93 product_hint=PIX
2026-04-27 20:54:35.036 | 2026-04-27 23:54:35,036 WARNING app [REC-2026-00247] tentativa 1/3 falhou — retry em 1s: An error occurred (ThrottlingException) when calling the InvokeModel operation (reached max retries: 4): Too many requests, please wait before trying again.
2026-04-27 20:54:35.290 | 2026-04-27 23:54:35,289 INFO graph [REC-2026-00248] AGENT=triage OUT in 2647ms category=Atendimento product=Não Identificado urgency=Baixa
2026-04-27 20:54:35.290 | 2026-04-27 23:54:35,290 INFO graph [REC-2026-00248] AGENT=risk IN triage_keys=['category', 'product', 'sentiment', 'urgency', 'summary']
2026-04-27 20:54:36.037 | 2026-04-27 23:54:36,036 INFO graph [REC-2026-00247] GRAPH START
2026-04-27 20:54:36.038 | 2026-04-27 23:54:36,038 INFO graph [REC-2026-00247] AGENT=guardrail_input IN text_len=87
2026-04-27 20:54:36.640 | 2026-04-27 23:54:36,639 INFO agent.guardrail guardrail INPUT action=NONE
2026-04-27 20:54:36.640 | 2026-04-27 23:54:36,640 INFO graph [REC-2026-00247] AGENT=guardrail_input OUT in 602ms blocked=False reason=None
2026-04-27 20:54:36.641 | 2026-04-27 23:54:36,641 INFO graph [REC-2026-00247] AGENT=triage IN text_len=87 product_hint=Empréstimo
2026-04-27 20:54:37.239 | 2026-04-27 23:54:37,239 WARNING app [REC-2026-00244] tentativa 2/3 falhou — retry em 2s: An error occurred (ThrottlingException) when calling the InvokeModel operation (reached max retries: 4): Too many requests, please wait before trying again.
2026-04-27 20:54:38.760 | 2026-04-27 23:54:38,760 INFO agent.risk risk usou 4 trechos da política (top-k=4)
2026-04-27 20:54:38.760 | 2026-04-27 23:54:38,760 INFO graph [REC-2026-00248] AGENT=risk OUT in 3470ms level=Baixo rag_chunks=4
2026-04-27 20:54:38.761 | 2026-04-27 23:54:38,761 INFO graph [REC-2026-00248] AGENT=report IN
2026-04-27 20:54:38.761 | 2026-04-27 23:54:38,761 INFO graph [REC-2026-00248] AGENT=report OUT in 0ms
2026-04-27 20:54:38.762 | 2026-04-27 23:54:38,762 INFO graph [REC-2026-00248] AGENT=guardrail_output IN
2026-04-27 20:54:39.053 | 2026-04-27 23:54:39,052 WARNING app [REC-2026-00246] tentativa 2/3 falhou — retry em 2s: An error occurred (ThrottlingException) when calling the InvokeModel operation (reached max retries: 4): Too many requests, please wait before trying again.
2026-04-27 20:54:39.240 | 2026-04-27 23:54:39,239 INFO graph [REC-2026-00244] GRAPH START
2026-04-27 20:54:39.242 | 2026-04-27 23:54:39,241 INFO graph [REC-2026-00244] AGENT=guardrail_input IN text_len=99
2026-04-27 20:54:39.852 | 2026-04-27 23:54:39,851 INFO agent.guardrail guardrail INPUT action=NONE
2026-04-27 20:54:39.852 | 2026-04-27 23:54:39,851 INFO graph [REC-2026-00244] AGENT=guardrail_input OUT in 610ms blocked=False reason=None
2026-04-27 20:54:39.852 | 2026-04-27 23:54:39,852 INFO graph [REC-2026-00244] AGENT=triage IN text_len=99 product_hint=Investimento
2026-04-27 20:54:39.982 | 2026-04-27 23:54:39,981 INFO graph [REC-2026-00248] AGENT=guardrail_output OUT in 1219ms
2026-04-27 20:54:39.982 | 2026-04-27 23:54:39,982 INFO graph [REC-2026-00248] GRAPH END timings={'guardrail_input': 640, 'triage': 2647, 'risk': 3470, 'report': 0, 'guardrail_output': 1219}
2026-04-27 20:54:39.983 | 2026-04-27 23:54:39,982 INFO graph [REC-2026-00250] GRAPH START
2026-04-27 20:54:39.984 | 2026-04-27 23:54:39,984 INFO graph [REC-2026-00250] AGENT=guardrail_input IN text_len=61
2026-04-27 20:54:40.348 | 2026-04-27 23:54:40,348 WARNING app [REC-2026-00249] tentativa 1/3 falhou — retry em 1s: An error occurred (ThrottlingException) when calling the InvokeModel operation (reached max retries: 4): Too many requests, please wait before trying again.
2026-04-27 20:54:40.548 | 2026-04-27 23:54:40,547 INFO agent.guardrail guardrail INPUT action=NONE
2026-04-27 20:54:40.548 | 2026-04-27 23:54:40,547 INFO graph [REC-2026-00250] AGENT=guardrail_input OUT in 563ms blocked=False reason=None
2026-04-27 20:54:40.549 | 2026-04-27 23:54:40,549 INFO graph [REC-2026-00250] AGENT=triage IN text_len=61 product_hint=None
2026-04-27 20:54:41.053 | 2026-04-27 23:54:41,052 INFO graph [REC-2026-00246] GRAPH START
2026-04-27 20:54:41.055 | 2026-04-27 23:54:41,055 INFO graph [REC-2026-00246] AGENT=guardrail_input IN text_len=123
2026-04-27 20:54:41.349 | 2026-04-27 23:54:41,348 INFO graph [REC-2026-00249] GRAPH START
2026-04-27 20:54:41.350 | 2026-04-27 23:54:41,350 INFO graph [REC-2026-00249] AGENT=guardrail_input IN text_len=93
2026-04-27 20:54:41.464 | 2026-04-27 23:54:41,463 INFO graph [REC-2026-00244] AGENT=triage OUT in 1611ms category=Produto/Serviço product=Investimentos urgency=Alta
2026-04-27 20:54:41.464 | 2026-04-27 23:54:41,464 INFO graph [REC-2026-00244] AGENT=risk IN triage_keys=['category', 'product', 'sentiment', 'urgency', 'summary']
2026-04-27 20:54:41.616 | 2026-04-27 23:54:41,616 INFO agent.guardrail guardrail INPUT action=NONE
2026-04-27 20:54:41.616 | 2026-04-27 23:54:41,616 INFO graph [REC-2026-00246] AGENT=guardrail_input OUT in 561ms blocked=False reason=None
2026-04-27 20:54:41.617 | 2026-04-27 23:54:41,617 INFO graph [REC-2026-00246] AGENT=triage IN text_len=123 product_hint=Seguro
2026-04-27 20:54:41.938 | 2026-04-27 23:54:41,938 INFO agent.guardrail guardrail INPUT action=NONE
2026-04-27 20:54:41.938 | 2026-04-27 23:54:41,938 INFO graph [REC-2026-00249] AGENT=guardrail_input OUT in 588ms blocked=False reason=None
2026-04-27 20:54:41.939 | 2026-04-27 23:54:41,939 INFO graph [REC-2026-00249] AGENT=triage IN text_len=93 product_hint=PIX
2026-04-27 20:54:44.139 | 2026-04-27 23:54:44,139 WARNING app [REC-2026-00247] tentativa 2/3 falhou — retry em 2s: An error occurred (ThrottlingException) when calling the InvokeModel operation (reached max retries: 4): Too many requests, please wait before trying again.
2026-04-27 20:54:46.047 | 2026-04-27 23:54:46,047 INFO agent.risk risk usou 4 trechos da política (top-k=4)
2026-04-27 20:54:46.047 | 2026-04-27 23:54:46,047 INFO graph [REC-2026-00244] AGENT=risk OUT in 4583ms level=Alto rag_chunks=4
2026-04-27 20:54:46.047 | 2026-04-27 23:54:46,047 INFO graph [REC-2026-00244] AGENT=report IN
2026-04-27 20:54:46.047 | 2026-04-27 23:54:46,047 INFO graph [REC-2026-00244] AGENT=report OUT in 0ms
2026-04-27 20:54:46.048 | 2026-04-27 23:54:46,048 INFO graph [REC-2026-00244] AGENT=guardrail_output IN
2026-04-27 20:54:46.139 | 2026-04-27 23:54:46,139 INFO graph [REC-2026-00247] GRAPH START
2026-04-27 20:54:46.140 | 2026-04-27 23:54:46,140 INFO graph [REC-2026-00247] AGENT=guardrail_input IN text_len=87
2026-04-27 20:54:46.485 | 2026-04-27 23:54:46,484 INFO graph [REC-2026-00249] AGENT=triage OUT in 4545ms category=Produto/Serviço product=Conta Corrente urgency=Alta
2026-04-27 20:54:46.485 | 2026-04-27 23:54:46,485 INFO graph [REC-2026-00249] AGENT=risk IN triage_keys=['category', 'product', 'sentiment', 'urgency', 'summary']
2026-04-27 20:54:46.720 | 2026-04-27 23:54:46,719 INFO agent.guardrail guardrail INPUT action=NONE
2026-04-27 20:54:46.720 | 2026-04-27 23:54:46,719 INFO graph [REC-2026-00247] AGENT=guardrail_input OUT in 579ms blocked=False reason=None
2026-04-27 20:54:46.721 | 2026-04-27 23:54:46,721 INFO graph [REC-2026-00247] AGENT=triage IN text_len=87 product_hint=Empréstimo
2026-04-27 20:54:47.304 | 2026-04-27 23:54:47,304 INFO graph [REC-2026-00244] AGENT=guardrail_output OUT in 1256ms
2026-04-27 20:54:47.305 | 2026-04-27 23:54:47,304 INFO graph [REC-2026-00244] GRAPH END timings={'guardrail_input': 610, 'triage': 1611, 'risk': 4583, 'report': 0, 'guardrail_output': 1256}
2026-04-27 20:54:47.305 | 2026-04-27 23:54:47,305 INFO graph [REC-2026-00251] GRAPH START
2026-04-27 20:54:47.306 | 2026-04-27 23:54:47,305 INFO graph [REC-2026-00251] AGENT=guardrail_input IN text_len=117
2026-04-27 20:54:47.906 | 2026-04-27 23:54:47,905 INFO agent.guardrail guardrail INPUT action=NONE
2026-04-27 20:54:47.906 | 2026-04-27 23:54:47,906 INFO graph [REC-2026-00251] AGENT=guardrail_input OUT in 601ms blocked=False reason=None
2026-04-27 20:54:47.906 | 2026-04-27 23:54:47,906 INFO graph [REC-2026-00251] AGENT=triage IN text_len=117 product_hint=Conta Corrente
2026-04-27 20:54:48.981 | 2026-04-27 23:54:48,980 WARNING app [REC-2026-00250] tentativa 1/3 falhou — retry em 1s: An error occurred (ThrottlingException) when calling the InvokeModel operation (reached max retries: 4): Too many requests, please wait before trying again.
2026-04-27 20:54:49.981 | 2026-04-27 23:54:49,981 INFO graph [REC-2026-00250] GRAPH START
2026-04-27 20:54:49.982 | 2026-04-27 23:54:49,982 INFO graph [REC-2026-00250] AGENT=guardrail_input IN text_len=61
2026-04-27 20:54:50.570 | 2026-04-27 23:54:50,569 INFO agent.guardrail guardrail INPUT action=NONE
2026-04-27 20:54:50.570 | 2026-04-27 23:54:50,569 INFO graph [REC-2026-00250] AGENT=guardrail_input OUT in 587ms blocked=False reason=None
2026-04-27 20:54:50.570 | 2026-04-27 23:54:50,570 INFO graph [REC-2026-00250] AGENT=triage IN text_len=61 product_hint=None
2026-04-27 20:54:50.658 | 2026-04-27 23:54:50,657 ERROR app [REC-2026-00246] todas 3 tentativas falharam: An error occurred (ThrottlingException) when calling the InvokeModel operation (reached max retries: 4): Too many requests, please wait before trying again.
2026-04-27 20:54:50.658 | 2026-04-27 23:54:50,657 WARNING app [REC-2026-00246] throttling — agendado para próximo passe
2026-04-27 20:54:50.658 | 2026-04-27 23:54:50,657 INFO graph [REC-2026-00252] GRAPH START
2026-04-27 20:54:50.660 | 2026-04-27 23:54:50,659 INFO graph [REC-2026-00252] AGENT=guardrail_input IN text_len=100
2026-04-27 20:54:51.243 | 2026-04-27 23:54:51,242 INFO agent.guardrail guardrail INPUT action=NONE
2026-04-27 20:54:51.243 | 2026-04-27 23:54:51,243 INFO graph [REC-2026-00252] AGENT=guardrail_input OUT in 584ms blocked=False reason=None
2026-04-27 20:54:51.244 | 2026-04-27 23:54:51,244 INFO graph [REC-2026-00252] AGENT=triage IN text_len=100 product_hint=Cartão de Crédito
2026-04-27 20:54:51.528 | 2026-04-27 23:54:51,528 INFO agent.risk risk usou 4 trechos da política (top-k=4)
2026-04-27 20:54:51.529 | 2026-04-27 23:54:51,528 INFO graph [REC-2026-00249] AGENT=risk OUT in 5043ms level=Médio rag_chunks=4
2026-04-27 20:54:51.529 | 2026-04-27 23:54:51,529 INFO graph [REC-2026-00249] AGENT=report IN
2026-04-27 20:54:51.529 | 2026-04-27 23:54:51,529 INFO graph [REC-2026-00249] AGENT=report OUT in 0ms
2026-04-27 20:54:51.530 | 2026-04-27 23:54:51,530 INFO graph [REC-2026-00249] AGENT=guardrail_output IN
2026-04-27 20:54:52.451 | 2026-04-27 23:54:52,451 INFO graph [REC-2026-00250] AGENT=triage OUT in 1881ms category=Outros product=Não Identificado urgency=Baixa
2026-04-27 20:54:52.452 | 2026-04-27 23:54:52,451 INFO graph [REC-2026-00250] AGENT=risk IN triage_keys=['category', 'product', 'sentiment', 'urgency', 'summary']
2026-04-27 20:54:52.798 | 2026-04-27 23:54:52,798 WARNING agent.guardrail guardrail OUTPUT bloqueou campo=risk_justification — usando regex como fallback
2026-04-27 20:54:52.798 | 2026-04-27 23:54:52,798 INFO graph [REC-2026-00249] AGENT=guardrail_output OUT in 1268ms
2026-04-27 20:54:52.799 | 2026-04-27 23:54:52,798 INFO graph [REC-2026-00249] GRAPH END timings={'guardrail_input': 588, 'triage': 4545, 'risk': 5043, 'report': 0, 'guardrail_output': 1268}
2026-04-27 20:54:52.799 | 2026-04-27 23:54:52,799 INFO graph [REC-2026-00253] GRAPH START
2026-04-27 20:54:52.800 | 2026-04-27 23:54:52,799 INFO graph [REC-2026-00253] AGENT=guardrail_input IN text_len=120
2026-04-27 20:54:53.398 | 2026-04-27 23:54:53,397 INFO agent.guardrail guardrail INPUT action=NONE
2026-04-27 20:54:53.398 | 2026-04-27 23:54:53,397 INFO graph [REC-2026-00253] AGENT=guardrail_input OUT in 598ms blocked=False reason=None
2026-04-27 20:54:53.399 | 2026-04-27 23:54:53,398 INFO graph [REC-2026-00253] AGENT=triage IN text_len=120 product_hint=Cartão de Crédito
2026-04-27 20:54:55.100 | 2026-04-27 23:54:55,100 WARNING app [REC-2026-00251] tentativa 1/3 falhou — retry em 1s: An error occurred (ThrottlingException) when calling the InvokeModel operation (reached max retries: 4): Too many requests, please wait before trying again.
2026-04-27 20:54:56.101 | 2026-04-27 23:54:56,100 INFO graph [REC-2026-00251] GRAPH START
2026-04-27 20:54:56.103 | 2026-04-27 23:54:56,103 INFO graph [REC-2026-00251] AGENT=guardrail_input IN text_len=117
2026-04-27 20:54:56.188 | 2026-04-27 23:54:56,187 INFO agent.risk risk usou 4 trechos da política (top-k=4)
2026-04-27 20:54:56.188 | 2026-04-27 23:54:56,187 INFO graph [REC-2026-00250] AGENT=risk OUT in 3736ms level=Baixo rag_chunks=4
2026-04-27 20:54:56.189 | 2026-04-27 23:54:56,189 INFO graph [REC-2026-00250] AGENT=report IN
2026-04-27 20:54:56.189 | 2026-04-27 23:54:56,189 INFO graph [REC-2026-00250] AGENT=report OUT in 0ms
2026-04-27 20:54:56.190 | 2026-04-27 23:54:56,189 INFO graph [REC-2026-00250] AGENT=guardrail_output IN
2026-04-27 20:54:56.669 | 2026-04-27 23:54:56,668 INFO agent.guardrail guardrail INPUT action=NONE
2026-04-27 20:54:56.669 | 2026-04-27 23:54:56,669 INFO graph [REC-2026-00251] AGENT=guardrail_input OUT in 566ms blocked=False reason=None
2026-04-27 20:54:56.669 | 2026-04-27 23:54:56,669 INFO graph [REC-2026-00251] AGENT=triage IN text_len=117 product_hint=Conta Corrente
2026-04-27 20:54:57.394 | 2026-04-27 23:54:57,394 WARNING agent.guardrail guardrail OUTPUT bloqueou campo=risk_justification — usando regex como fallback
2026-04-27 20:54:57.394 | 2026-04-27 23:54:57,394 INFO graph [REC-2026-00250] AGENT=guardrail_output OUT in 1205ms
2026-04-27 20:54:57.395 | 2026-04-27 23:54:57,395 INFO graph [REC-2026-00250] GRAPH END timings={'guardrail_input': 587, 'triage': 1881, 'risk': 3736, 'report': 0, 'guardrail_output': 1205}
2026-04-27 20:54:57.395 | 2026-04-27 23:54:57,395 INFO graph [REC-2026-00254] GRAPH START
2026-04-27 20:54:57.397 | 2026-04-27 23:54:57,396 INFO graph [REC-2026-00254] AGENT=guardrail_input IN text_len=91
2026-04-27 20:54:57.630 | 2026-04-27 23:54:57,630 ERROR app [REC-2026-00247] todas 3 tentativas falharam: An error occurred (ThrottlingException) when calling the InvokeModel operation (reached max retries: 4): Too many requests, please wait before trying again.
2026-04-27 20:54:57.630 | 2026-04-27 23:54:57,630 WARNING app [REC-2026-00247] throttling — agendado para próximo passe
2026-04-27 20:54:57.630 | 2026-04-27 23:54:57,630 INFO graph [REC-2026-00255] GRAPH START
2026-04-27 20:54:57.632 | 2026-04-27 23:54:57,632 INFO graph [REC-2026-00255] AGENT=guardrail_input IN text_len=82
2026-04-27 20:54:58.011 | 2026-04-27 23:54:58,011 INFO agent.guardrail guardrail INPUT action=NONE
2026-04-27 20:54:58.011 | 2026-04-27 23:54:58,011 INFO graph [REC-2026-00254] AGENT=guardrail_input OUT in 615ms blocked=False reason=None
2026-04-27 20:54:58.012 | 2026-04-27 23:54:58,012 INFO graph [REC-2026-00254] AGENT=triage IN text_len=91 product_hint=None
2026-04-27 20:54:58.207 | 2026-04-27 23:54:58,206 INFO agent.guardrail guardrail INPUT action=NONE
2026-04-27 20:54:58.207 | 2026-04-27 23:54:58,206 INFO graph [REC-2026-00255] AGENT=guardrail_input OUT in 574ms blocked=False reason=None
2026-04-27 20:54:58.208 | 2026-04-27 23:54:58,208 INFO graph [REC-2026-00255] AGENT=triage IN text_len=82 product_hint=Poupança
2026-04-27 20:54:58.541 | 2026-04-27 23:54:58,541 INFO graph [REC-2026-00253] AGENT=triage OUT in 5143ms category=Fraude/Segurança product=Cartão de Crédito urgency=Alta
2026-04-27 20:54:58.543 | 2026-04-27 23:54:58,542 INFO graph [REC-2026-00253] AGENT=risk IN triage_keys=['category', 'product', 'sentiment', 'urgency', 'summary']
2026-04-27 20:54:58.955 | 2026-04-27 23:54:58,954 WARNING app [REC-2026-00252] tentativa 1/3 falhou — retry em 1s: An error occurred (ThrottlingException) when calling the InvokeModel operation (reached max retries: 4): Too many requests, please wait before trying again.
2026-04-27 20:54:59.955 | 2026-04-27 23:54:59,955 INFO graph [REC-2026-00252] GRAPH START
2026-04-27 20:54:59.956 | 2026-04-27 23:54:59,956 INFO graph [REC-2026-00252] AGENT=guardrail_input IN text_len=100
2026-04-27 20:55:00.536 | 2026-04-27 23:55:00,535 INFO agent.guardrail guardrail INPUT action=NONE
2026-04-27 20:55:00.536 | 2026-04-27 23:55:00,536 INFO graph [REC-2026-00252] AGENT=guardrail_input OUT in 580ms blocked=False reason=None
2026-04-27 20:55:00.538 | 2026-04-27 23:55:00,537 INFO graph [REC-2026-00252] AGENT=triage IN text_len=100 product_hint=Cartão de Crédito
2026-04-27 20:55:02.017 | 2026-04-27 23:55:02,017 WARNING app [REC-2026-00251] tentativa 2/3 falhou — retry em 2s: An error occurred (ThrottlingException) when calling the InvokeModel operation (reached max retries: 4): Too many requests, please wait before trying again.
2026-04-27 20:55:02.567 | 2026-04-27 23:55:02,566 WARNING app [REC-2026-00255] tentativa 1/3 falhou — retry em 1s: An error occurred (ThrottlingException) when calling the InvokeModel operation (reached max retries: 4): Too many requests, please wait before trying again.
2026-04-27 20:55:03.557 | 2026-04-27 23:55:03,556 INFO agent.risk risk usou 4 trechos da política (top-k=4)
2026-04-27 20:55:03.557 | 2026-04-27 23:55:03,556 INFO graph [REC-2026-00253] AGENT=risk OUT in 5014ms level=Alto rag_chunks=4
2026-04-27 20:55:03.557 | 2026-04-27 23:55:03,557 INFO graph [REC-2026-00253] AGENT=report IN
2026-04-27 20:55:03.557 | 2026-04-27 23:55:03,557 INFO graph [REC-2026-00253] AGENT=report OUT in 0ms
2026-04-27 20:55:03.557 | 2026-04-27 23:55:03,557 INFO graph [REC-2026-00253] AGENT=guardrail_output IN
2026-04-27 20:55:03.567 | 2026-04-27 23:55:03,567 INFO graph [REC-2026-00255] GRAPH START
2026-04-27 20:55:03.568 | 2026-04-27 23:55:03,568 INFO graph [REC-2026-00255] AGENT=guardrail_input IN text_len=82
2026-04-27 20:55:04.018 | 2026-04-27 23:55:04,017 INFO graph [REC-2026-00251] GRAPH START
2026-04-27 20:55:04.020 | 2026-04-27 23:55:04,020 INFO graph [REC-2026-00251] AGENT=guardrail_input IN text_len=117
2026-04-27 20:55:04.169 | 2026-04-27 23:55:04,168 INFO agent.guardrail guardrail INPUT action=NONE
2026-04-27 20:55:04.169 | 2026-04-27 23:55:04,168 INFO graph [REC-2026-00255] AGENT=guardrail_input OUT in 600ms blocked=False reason=None
2026-04-27 20:55:04.170 | 2026-04-27 23:55:04,169 INFO graph [REC-2026-00255] AGENT=triage IN text_len=82 product_hint=Poupança
2026-04-27 20:55:04.583 | 2026-04-27 23:55:04,583 INFO graph [REC-2026-00254] AGENT=triage OUT in 6571ms category=Cobrança Indevida product=Não Identificado urgency=Média
2026-04-27 20:55:04.584 | 2026-04-27 23:55:04,584 INFO graph [REC-2026-00254] AGENT=risk IN triage_keys=['category', 'product', 'sentiment', 'urgency', 'summary']
2026-04-27 20:55:04.592 | 2026-04-27 23:55:04,591 INFO agent.guardrail guardrail INPUT action=NONE
2026-04-27 20:55:04.592 | 2026-04-27 23:55:04,592 INFO graph [REC-2026-00251] AGENT=guardrail_input OUT in 572ms blocked=False reason=None
2026-04-27 20:55:04.593 | 2026-04-27 23:55:04,593 INFO graph [REC-2026-00251] AGENT=triage IN text_len=117 product_hint=Conta Corrente
2026-04-27 20:55:04.753 | 2026-04-27 23:55:04,753 INFO graph [REC-2026-00253] AGENT=guardrail_output OUT in 1196ms
2026-04-27 20:55:04.755 | 2026-04-27 23:55:04,754 INFO graph [REC-2026-00253] GRAPH END timings={'guardrail_input': 598, 'triage': 5143, 'risk': 5014, 'report': 0, 'guardrail_output': 1196}
2026-04-27 20:55:04.755 | 2026-04-27 23:55:04,754 INFO graph [REC-2026-00256] GRAPH START
2026-04-27 20:55:04.756 | 2026-04-27 23:55:04,756 INFO graph [REC-2026-00256] AGENT=guardrail_input IN text_len=54
2026-04-27 20:55:05.432 | 2026-04-27 23:55:05,431 INFO agent.guardrail guardrail INPUT action=NONE
2026-04-27 20:55:05.432 | 2026-04-27 23:55:05,432 INFO graph [REC-2026-00256] AGENT=guardrail_input OUT in 676ms blocked=False reason=None
2026-04-27 20:55:05.433 | 2026-04-27 23:55:05,433 INFO graph [REC-2026-00256] AGENT=triage IN text_len=54 product_hint=None
2026-04-27 20:55:07.626 | 2026-04-27 23:55:07,626 WARNING app [REC-2026-00252] tentativa 2/3 falhou — retry em 2s: An error occurred (ThrottlingException) when calling the InvokeModel operation (reached max retries: 4): Too many requests, please wait before trying again.
2026-04-27 20:55:09.005 | 2026-04-27 23:55:09,005 INFO agent.risk risk usou 4 trechos da política (top-k=4)
2026-04-27 20:55:09.005 | 2026-04-27 23:55:09,005 INFO graph [REC-2026-00254] AGENT=risk OUT in 4421ms level=Médio rag_chunks=4
2026-04-27 20:55:09.005 | 2026-04-27 23:55:09,005 INFO graph [REC-2026-00254] AGENT=report IN
2026-04-27 20:55:09.005 | 2026-04-27 23:55:09,005 INFO graph [REC-2026-00254] AGENT=report OUT in 0ms
2026-04-27 20:55:09.006 | 2026-04-27 23:55:09,005 INFO graph [REC-2026-00254] AGENT=guardrail_output IN
2026-04-27 20:55:09.627 | 2026-04-27 23:55:09,626 INFO graph [REC-2026-00252] GRAPH START
2026-04-27 20:55:09.628 | 2026-04-27 23:55:09,627 INFO graph [REC-2026-00252] AGENT=guardrail_input IN text_len=100
2026-04-27 20:55:10.176 | 2026-04-27 23:55:10,176 INFO graph [REC-2026-00254] AGENT=guardrail_output OUT in 1171ms
2026-04-27 20:55:10.177 | 2026-04-27 23:55:10,177 INFO graph [REC-2026-00254] GRAPH END timings={'guardrail_input': 615, 'triage': 6571, 'risk': 4421, 'report': 0, 'guardrail_output': 1171}
2026-04-27 20:55:10.177 | 2026-04-27 23:55:10,177 INFO graph [REC-2026-00257] GRAPH START
2026-04-27 20:55:10.178 | 2026-04-27 23:55:10,178 INFO graph [REC-2026-00257] AGENT=guardrail_input IN text_len=82
2026-04-27 20:55:10.202 | 2026-04-27 23:55:10,201 INFO agent.guardrail guardrail INPUT action=NONE
2026-04-27 20:55:10.202 | 2026-04-27 23:55:10,202 INFO graph [REC-2026-00252] AGENT=guardrail_input OUT in 575ms blocked=False reason=None
2026-04-27 20:55:10.202 | 2026-04-27 23:55:10,202 INFO graph [REC-2026-00252] AGENT=triage IN text_len=100 product_hint=Cartão de Crédito
2026-04-27 20:55:10.503 | 2026-04-27 23:55:10,503 INFO graph [REC-2026-00256] AGENT=triage OUT in 5070ms category=Outros product=Não Identificado urgency=Baixa
2026-04-27 20:55:10.504 | 2026-04-27 23:55:10,504 INFO graph [REC-2026-00256] AGENT=risk IN triage_keys=['category', 'product', 'sentiment', 'urgency', 'summary']
2026-04-27 20:55:10.724 | 2026-04-27 23:55:10,723 INFO agent.guardrail guardrail INPUT action=NONE
2026-04-27 20:55:10.724 | 2026-04-27 23:55:10,724 INFO graph [REC-2026-00257] AGENT=guardrail_input OUT in 546ms blocked=False reason=None
2026-04-27 20:55:10.725 | 2026-04-27 23:55:10,725 INFO graph [REC-2026-00257] AGENT=triage IN text_len=82 product_hint=Poupança
2026-04-27 20:55:12.791 | 2026-04-27 23:55:12,790 ERROR app [REC-2026-00251] todas 3 tentativas falharam: An error occurred (ThrottlingException) when calling the InvokeModel operation (reached max retries: 4): Too many requests, please wait before trying again.
2026-04-27 20:55:12.791 | 2026-04-27 23:55:12,791 WARNING app [REC-2026-00251] throttling — agendado para próximo passe
2026-04-27 20:55:12.791 | 2026-04-27 23:55:12,791 INFO graph [REC-2026-00258] GRAPH START
2026-04-27 20:55:12.793 | 2026-04-27 23:55:12,792 INFO graph [REC-2026-00258] AGENT=guardrail_input IN text_len=105
2026-04-27 20:55:13.373 | 2026-04-27 23:55:13,373 INFO agent.guardrail guardrail INPUT action=NONE
2026-04-27 20:55:13.373 | 2026-04-27 23:55:13,373 INFO graph [REC-2026-00258] AGENT=guardrail_input OUT in 581ms blocked=False reason=None
2026-04-27 20:55:13.375 | 2026-04-27 23:55:13,374 INFO graph [REC-2026-00258] AGENT=triage IN text_len=105 product_hint=Empréstimo
2026-04-27 20:55:13.824 | 2026-04-27 23:55:13,824 WARNING app [REC-2026-00255] tentativa 2/3 falhou — retry em 2s: An error occurred (ThrottlingException) when calling the InvokeModel operation (reached max retries: 4): Too many requests, please wait before trying again.
2026-04-27 20:55:14.059 | 2026-04-27 23:55:14,058 INFO agent.risk risk usou 4 trechos da política (top-k=4)
2026-04-27 20:55:14.059 | 2026-04-27 23:55:14,058 INFO graph [REC-2026-00256] AGENT=risk OUT in 3555ms level=Baixo rag_chunks=4
2026-04-27 20:55:14.059 | 2026-04-27 23:55:14,059 INFO graph [REC-2026-00256] AGENT=report IN
2026-04-27 20:55:14.059 | 2026-04-27 23:55:14,059 INFO graph [REC-2026-00256] AGENT=report OUT in 0ms
2026-04-27 20:55:14.060 | 2026-04-27 23:55:14,060 INFO graph [REC-2026-00256] AGENT=guardrail_output IN
2026-04-27 20:55:14.926 | 2026-04-27 23:55:14,925 ERROR app [REC-2026-00252] todas 3 tentativas falharam: An error occurred (ThrottlingException) when calling the InvokeModel operation (reached max retries: 4): Too many requests, please wait before trying again.
2026-04-27 20:55:14.926 | 2026-04-27 23:55:14,925 WARNING app [REC-2026-00252] throttling — agendado para próximo passe
2026-04-27 20:55:14.926 | 2026-04-27 23:55:14,925 INFO graph [REC-2026-00259] GRAPH START
2026-04-27 20:55:14.927 | 2026-04-27 23:55:14,927 INFO graph [REC-2026-00259] AGENT=guardrail_input IN text_len=120
2026-04-27 20:55:15.306 | 2026-04-27 23:55:15,305 WARNING agent.guardrail guardrail OUTPUT bloqueou campo=risk_justification — usando regex como fallback
2026-04-27 20:55:15.306 | 2026-04-27 23:55:15,305 INFO graph [REC-2026-00256] AGENT=guardrail_output OUT in 1245ms
2026-04-27 20:55:15.306 | 2026-04-27 23:55:15,306 INFO graph [REC-2026-00256] GRAPH END timings={'guardrail_input': 676, 'triage': 5070, 'risk': 3555, 'report': 0, 'guardrail_output': 1245}
2026-04-27 20:55:15.306 | 2026-04-27 23:55:15,306 INFO graph [REC-2026-00260] GRAPH START
2026-04-27 20:55:15.307 | 2026-04-27 23:55:15,307 INFO graph [REC-2026-00260] AGENT=guardrail_input IN text_len=104
2026-04-27 20:55:15.494 | 2026-04-27 23:55:15,494 INFO agent.guardrail guardrail INPUT action=NONE
2026-04-27 20:55:15.494 | 2026-04-27 23:55:15,494 INFO graph [REC-2026-00259] AGENT=guardrail_input OUT in 567ms blocked=False reason=None
2026-04-27 20:55:15.495 | 2026-04-27 23:55:15,495 INFO graph [REC-2026-00259] AGENT=triage IN text_len=120 product_hint=Cartão de Crédito
2026-04-27 20:55:15.825 | 2026-04-27 23:55:15,824 INFO graph [REC-2026-00255] GRAPH START
2026-04-27 20:55:15.826 | 2026-04-27 23:55:15,826 INFO graph [REC-2026-00255] AGENT=guardrail_input IN text_len=82
2026-04-27 20:55:15.860 | 2026-04-27 23:55:15,859 INFO agent.guardrail guardrail INPUT action=NONE
2026-04-27 20:55:15.860 | 2026-04-27 23:55:15,860 INFO graph [REC-2026-00260] AGENT=guardrail_input OUT in 553ms blocked=False reason=None
2026-04-27 20:55:15.862 | 2026-04-27 23:55:15,861 INFO graph [REC-2026-00260] AGENT=triage IN text_len=104 product_hint=None
2026-04-27 20:55:16.397 | 2026-04-27 23:55:16,396 INFO agent.guardrail guardrail INPUT action=NONE
2026-04-27 20:55:16.397 | 2026-04-27 23:55:16,397 INFO graph [REC-2026-00255] AGENT=guardrail_input OUT in 571ms blocked=False reason=None
2026-04-27 20:55:16.398 | 2026-04-27 23:55:16,398 INFO graph [REC-2026-00255] AGENT=triage IN text_len=82 product_hint=Poupança
2026-04-27 20:55:16.652 | 2026-04-27 23:55:16,652 INFO graph [REC-2026-00258] AGENT=triage OUT in 3278ms category=Cobrança Indevida product=Empréstimo urgency=Média
2026-04-27 20:55:16.653 | 2026-04-27 23:55:16,652 INFO graph [REC-2026-00258] AGENT=risk IN triage_keys=['category', 'product', 'sentiment', 'urgency', 'summary']
2026-04-27 20:55:21.183 | 2026-04-27 23:55:21,182 INFO agent.risk risk usou 4 trechos da política (top-k=4)
2026-04-27 20:55:21.183 | 2026-04-27 23:55:21,182 INFO graph [REC-2026-00258] AGENT=risk OUT in 4530ms level=Alto rag_chunks=4
2026-04-27 20:55:21.184 | 2026-04-27 23:55:21,183 INFO graph [REC-2026-00258] AGENT=report IN
2026-04-27 20:55:21.184 | 2026-04-27 23:55:21,183 INFO graph [REC-2026-00258] AGENT=report OUT in 0ms
2026-04-27 20:55:21.184 | 2026-04-27 23:55:21,184 INFO graph [REC-2026-00258] AGENT=guardrail_output IN
2026-04-27 20:55:22.255 | 2026-04-27 23:55:22,254 WARNING app [REC-2026-00260] tentativa 1/3 falhou — retry em 1s: An error occurred (ThrottlingException) when calling the InvokeModel operation (reached max retries: 4): Too many requests, please wait before trying again.
2026-04-27 20:55:22.572 | 2026-04-27 23:55:22,571 INFO graph [REC-2026-00258] AGENT=guardrail_output OUT in 1387ms
2026-04-27 20:55:22.573 | 2026-04-27 23:55:22,572 INFO graph [REC-2026-00258] GRAPH END timings={'guardrail_input': 581, 'triage': 3278, 'risk': 4530, 'report': 0, 'guardrail_output': 1387}
2026-04-27 20:55:22.573 | 2026-04-27 23:55:22,572 INFO graph [REC-2026-00261] GRAPH START
2026-04-27 20:55:22.575 | 2026-04-27 23:55:22,574 INFO graph [REC-2026-00261] AGENT=guardrail_input IN text_len=122
2026-04-27 20:55:22.610 | 2026-04-27 23:55:22,610 INFO graph [REC-2026-00257] AGENT=triage OUT in 11885ms category=Produto/Serviço product=Não Identificado urgency=Baixa
2026-04-27 20:55:22.611 | 2026-04-27 23:55:22,611 INFO graph [REC-2026-00257] AGENT=risk IN triage_keys=['category', 'product', 'sentiment', 'urgency', 'summary']
2026-04-27 20:55:23.161 | 2026-04-27 23:55:23,161 INFO agent.guardrail guardrail INPUT action=NONE
2026-04-27 20:55:23.162 | 2026-04-27 23:55:23,161 INFO graph [REC-2026-00261] AGENT=guardrail_input OUT in 587ms blocked=False reason=None
2026-04-27 20:55:23.162 | 2026-04-27 23:55:23,162 INFO graph [REC-2026-00261] AGENT=triage IN text_len=122 product_hint=Capitalização
2026-04-27 20:55:23.255 | 2026-04-27 23:55:23,255 INFO graph [REC-2026-00260] GRAPH START
2026-04-27 20:55:23.258 | 2026-04-27 23:55:23,257 INFO graph [REC-2026-00260] AGENT=guardrail_input IN text_len=104
2026-04-27 20:55:23.380 | 2026-04-27 23:55:23,379 WARNING app [REC-2026-00259] tentativa 1/3 falhou — retry em 1s: An error occurred (ThrottlingException) when calling the InvokeModel operation (reached max retries: 4): Too many requests, please wait before trying again.
2026-04-27 20:55:23.894 | 2026-04-27 23:55:23,893 INFO agent.guardrail guardrail INPUT action=NONE
2026-04-27 20:55:23.894 | 2026-04-27 23:55:23,894 INFO graph [REC-2026-00260] AGENT=guardrail_input OUT in 637ms blocked=False reason=None
2026-04-27 20:55:23.896 | 2026-04-27 23:55:23,895 INFO graph [REC-2026-00260] AGENT=triage IN text_len=104 product_hint=None
2026-04-27 20:55:24.380 | 2026-04-27 23:55:24,380 INFO graph [REC-2026-00259] GRAPH START
2026-04-27 20:55:24.382 | 2026-04-27 23:55:24,382 INFO graph [REC-2026-00259] AGENT=guardrail_input IN text_len=120
2026-04-27 20:55:24.949 | 2026-04-27 23:55:24,948 INFO agent.guardrail guardrail INPUT action=NONE
2026-04-27 20:55:24.949 | 2026-04-27 23:55:24,948 INFO graph [REC-2026-00259] AGENT=guardrail_input OUT in 566ms blocked=False reason=None
2026-04-27 20:55:24.950 | 2026-04-27 23:55:24,950 INFO graph [REC-2026-00259] AGENT=triage IN text_len=120 product_hint=Cartão de Crédito
2026-04-27 20:55:25.840 | 2026-04-27 23:55:25,839 ERROR app [REC-2026-00255] todas 3 tentativas falharam: An error occurred (ThrottlingException) when calling the InvokeModel operation (reached max retries: 4): Too many requests, please wait before trying again.
2026-04-27 20:55:25.840 | 2026-04-27 23:55:25,839 WARNING app [REC-2026-00255] throttling — agendado para próximo passe
2026-04-27 20:55:26.572 | 2026-04-27 23:55:26,572 INFO agent.risk risk usou 4 trechos da política (top-k=4)
2026-04-27 20:55:26.572 | 2026-04-27 23:55:26,572 INFO graph [REC-2026-00257] AGENT=risk OUT in 3961ms level=Baixo rag_chunks=4
2026-04-27 20:55:26.573 | 2026-04-27 23:55:26,573 INFO graph [REC-2026-00257] AGENT=report IN
2026-04-27 20:55:26.573 | 2026-04-27 23:55:26,573 INFO graph [REC-2026-00257] AGENT=report OUT in 0ms
2026-04-27 20:55:26.573 | 2026-04-27 23:55:26,573 INFO graph [REC-2026-00257] AGENT=guardrail_output IN
2026-04-27 20:55:27.765 | 2026-04-27 23:55:27,765 INFO graph [REC-2026-00257] AGENT=guardrail_output OUT in 1192ms
2026-04-27 20:55:27.766 | 2026-04-27 23:55:27,766 INFO graph [REC-2026-00257] GRAPH END timings={'guardrail_input': 546, 'triage': 11885, 'risk': 3961, 'report': 0, 'guardrail_output': 1192}
2026-04-27 20:55:29.574 | 2026-04-27 23:55:29,574 WARNING app [REC-2026-00261] tentativa 1/3 falhou — retry em 1s: An error occurred (ThrottlingException) when calling the InvokeModel operation (reached max retries: 4): Too many requests, please wait before trying again.
2026-04-27 20:55:29.620 | 2026-04-27 23:55:29,620 INFO graph [REC-2026-00260] AGENT=triage OUT in 5725ms category=Atendimento product=Não Identificado urgency=Alta
2026-04-27 20:55:29.621 | 2026-04-27 23:55:29,621 INFO graph [REC-2026-00260] AGENT=risk IN triage_keys=['category', 'product', 'sentiment', 'urgency', 'summary']
2026-04-27 20:55:30.575 | 2026-04-27 23:55:30,574 INFO graph [REC-2026-00261] GRAPH START
2026-04-27 20:55:30.577 | 2026-04-27 23:55:30,576 INFO graph [REC-2026-00261] AGENT=guardrail_input IN text_len=122
2026-04-27 20:55:31.126 | 2026-04-27 23:55:31,125 INFO agent.guardrail guardrail INPUT action=NONE
2026-04-27 20:55:31.126 | 2026-04-27 23:55:31,125 INFO graph [REC-2026-00261] AGENT=guardrail_input OUT in 549ms blocked=False reason=None
2026-04-27 20:55:31.127 | 2026-04-27 23:55:31,126 INFO graph [REC-2026-00261] AGENT=triage IN text_len=122 product_hint=Capitalização
2026-04-27 20:55:35.062 | 2026-04-27 23:55:35,062 INFO graph [REC-2026-00259] AGENT=triage OUT in 10112ms category=Fraude/Segurança product=Cartão de Crédito urgency=Alta
2026-04-27 20:55:35.063 | 2026-04-27 23:55:35,062 INFO graph [REC-2026-00259] AGENT=risk IN triage_keys=['category', 'product', 'sentiment', 'urgency', 'summary']
2026-04-27 20:55:35.505 | 2026-04-27 23:55:35,505 WARNING app [REC-2026-00261] tentativa 2/3 falhou — retry em 2s: An error occurred (ThrottlingException) when calling the InvokeModel operation (reached max retries: 4): Too many requests, please wait before trying again.
2026-04-27 20:55:35.682 | 2026-04-27 23:55:35,682 INFO agent.risk risk usou 4 trechos da política (top-k=4)
2026-04-27 20:55:35.682 | 2026-04-27 23:55:35,682 INFO graph [REC-2026-00260] AGENT=risk OUT in 6061ms level=Alto rag_chunks=4
2026-04-27 20:55:35.683 | 2026-04-27 23:55:35,683 INFO graph [REC-2026-00260] AGENT=report IN
2026-04-27 20:55:35.683 | 2026-04-27 23:55:35,683 INFO graph [REC-2026-00260] AGENT=report OUT in 0ms
2026-04-27 20:55:35.683 | 2026-04-27 23:55:35,683 INFO graph [REC-2026-00260] AGENT=guardrail_output IN
2026-04-27 20:55:36.267 | 2026-04-27 23:55:36,266 WARNING agent.guardrail guardrail OUTPUT bloqueou campo=summary — usando regex como fallback
2026-04-27 20:55:36.892 | 2026-04-27 23:55:36,891 INFO graph [REC-2026-00260] AGENT=guardrail_output OUT in 1208ms
2026-04-27 20:55:36.892 | 2026-04-27 23:55:36,892 INFO graph [REC-2026-00260] GRAPH END timings={'guardrail_input': 637, 'triage': 5725, 'risk': 6061, 'report': 0, 'guardrail_output': 1208}
2026-04-27 20:55:37.506 | 2026-04-27 23:55:37,505 INFO graph [REC-2026-00261] GRAPH START
2026-04-27 20:55:37.508 | 2026-04-27 23:55:37,508 INFO graph [REC-2026-00261] AGENT=guardrail_input IN text_len=122
2026-04-27 20:55:38.259 | 2026-04-27 23:55:38,258 INFO agent.guardrail guardrail INPUT action=NONE
2026-04-27 20:55:38.259 | 2026-04-27 23:55:38,259 INFO graph [REC-2026-00261] AGENT=guardrail_input OUT in 751ms blocked=False reason=None
2026-04-27 20:55:38.260 | 2026-04-27 23:55:38,259 INFO graph [REC-2026-00261] AGENT=triage IN text_len=122 product_hint=Capitalização
2026-04-27 20:55:39.578 | 2026-04-27 23:55:39,578 INFO agent.risk risk usou 4 trechos da política (top-k=4)
2026-04-27 20:55:39.579 | 2026-04-27 23:55:39,578 INFO graph [REC-2026-00259] AGENT=risk OUT in 4516ms level=Alto rag_chunks=4
2026-04-27 20:55:39.580 | 2026-04-27 23:55:39,579 INFO graph [REC-2026-00259] AGENT=report IN
2026-04-27 20:55:39.580 | 2026-04-27 23:55:39,579 INFO graph [REC-2026-00259] AGENT=report OUT in 0ms
2026-04-27 20:55:39.580 | 2026-04-27 23:55:39,580 INFO graph [REC-2026-00259] AGENT=guardrail_output IN
2026-04-27 20:55:40.723 | 2026-04-27 23:55:40,722 WARNING agent.guardrail guardrail OUTPUT bloqueou campo=risk_justification — usando regex como fallback
2026-04-27 20:55:40.723 | 2026-04-27 23:55:40,723 INFO graph [REC-2026-00259] AGENT=guardrail_output OUT in 1143ms
2026-04-27 20:55:40.726 | 2026-04-27 23:55:40,724 INFO graph [REC-2026-00259] GRAPH END timings={'guardrail_input': 566, 'triage': 10112, 'risk': 4516, 'report': 0, 'guardrail_output': 1143}
2026-04-27 20:55:41.820 | 2026-04-27 23:55:41,820 INFO graph [REC-2026-00261] AGENT=triage OUT in 3561ms category=Produto/Serviço product=Investimentos urgency=Alta
2026-04-27 20:55:41.821 | 2026-04-27 23:55:41,821 INFO graph [REC-2026-00261] AGENT=risk IN triage_keys=['category', 'product', 'sentiment', 'urgency', 'summary']
2026-04-27 20:55:46.556 | 2026-04-27 23:55:46,555 INFO agent.risk risk usou 4 trechos da política (top-k=4)
2026-04-27 20:55:46.556 | 2026-04-27 23:55:46,556 INFO graph [REC-2026-00261] AGENT=risk OUT in 4735ms level=Crítico rag_chunks=4
2026-04-27 20:55:46.559 | 2026-04-27 23:55:46,557 INFO graph [REC-2026-00261] AGENT=report IN
2026-04-27 20:55:46.559 | 2026-04-27 23:55:46,557 INFO graph [REC-2026-00261] AGENT=report OUT in 0ms
2026-04-27 20:55:46.559 | 2026-04-27 23:55:46,558 INFO graph [REC-2026-00261] AGENT=guardrail_output IN
2026-04-27 20:55:47.812 | 2026-04-27 23:55:47,812 INFO graph [REC-2026-00261] AGENT=guardrail_output OUT in 1253ms
2026-04-27 20:55:47.813 | 2026-04-27 23:55:47,813 INFO graph [REC-2026-00261] GRAPH END timings={'guardrail_input': 751, 'triage': 3561, 'risk': 4735, 'report': 0, 'guardrail_output': 1253}
2026-04-27 20:55:47.818 | 2026-04-27 23:55:47,818 WARNING app batch passe 1/3: 19 registros ainda pendentes → failed_report_2026-04-27-23-48-37.json
2026-04-27 20:55:47.818 | 2026-04-27 23:55:47,818 INFO app batch passe 2/3: aguardando 15s para throttling recuperar
2026-04-27 20:56:02.819 | 2026-04-27 23:56:02,818 INFO app batch passe 2/3: 19 registros | workers=2 delay=0.0s retries=1
2026-04-27 20:56:02.820 | 2026-04-27 23:56:02,819 INFO graph [REC-2026-00177] GRAPH START
2026-04-27 20:56:02.821 | 2026-04-27 23:56:02,821 INFO graph [REC-2026-00182] GRAPH START
2026-04-27 20:56:02.823 | 2026-04-27 23:56:02,822 INFO graph [REC-2026-00177] AGENT=guardrail_input IN text_len=53
2026-04-27 20:56:02.826 | 2026-04-27 23:56:02,826 INFO graph [REC-2026-00182] AGENT=guardrail_input IN text_len=20
2026-04-27 20:56:03.434 | 2026-04-27 23:56:03,433 INFO agent.guardrail guardrail INPUT action=NONE
2026-04-27 20:56:03.435 | 2026-04-27 23:56:03,434 INFO agent.guardrail guardrail INPUT action=NONE
2026-04-27 20:56:03.435 | 2026-04-27 23:56:03,435 INFO graph [REC-2026-00182] AGENT=guardrail_input OUT in 609ms blocked=False reason=None
2026-04-27 20:56:03.437 | 2026-04-27 23:56:03,434 INFO graph [REC-2026-00177] AGENT=guardrail_input OUT in 612ms blocked=False reason=None
2026-04-27 20:56:03.438 | 2026-04-27 23:56:03,436 INFO graph [REC-2026-00182] AGENT=triage IN text_len=20 product_hint=None
2026-04-27 20:56:03.440 | 2026-04-27 23:56:03,438 INFO graph [REC-2026-00177] AGENT=triage IN text_len=53 product_hint=None
2026-04-27 20:56:05.049 | 2026-04-27 23:56:05,048 INFO graph [REC-2026-00177] AGENT=triage OUT in 1610ms category=Outros product=Não Identificado urgency=Baixa
2026-04-27 20:56:05.050 | 2026-04-27 23:56:05,049 INFO graph [REC-2026-00177] AGENT=risk IN triage_keys=['category', 'product', 'sentiment', 'urgency', 'summary']
2026-04-27 20:56:05.076 | 2026-04-27 23:56:05,076 INFO graph [REC-2026-00182] AGENT=triage OUT in 1640ms category=Outros product=Não Identificado urgency=Baixa
2026-04-27 20:56:05.077 | 2026-04-27 23:56:05,076 INFO graph [REC-2026-00182] AGENT=risk IN triage_keys=['category', 'product', 'sentiment', 'urgency', 'summary']
2026-04-27 20:56:08.510 | 2026-04-27 23:56:08,509 INFO agent.risk risk usou 4 trechos da política (top-k=4)
2026-04-27 20:56:08.510 | 2026-04-27 23:56:08,509 INFO graph [REC-2026-00182] AGENT=risk OUT in 3433ms level=Baixo rag_chunks=4
2026-04-27 20:56:08.511 | 2026-04-27 23:56:08,510 INFO graph [REC-2026-00182] AGENT=report IN
2026-04-27 20:56:08.512 | 2026-04-27 23:56:08,511 INFO graph [REC-2026-00182] AGENT=report OUT in 1ms
2026-04-27 20:56:08.512 | 2026-04-27 23:56:08,511 INFO graph [REC-2026-00182] AGENT=guardrail_output IN
2026-04-27 20:56:09.049 | 2026-04-27 23:56:09,048 INFO agent.risk risk usou 4 trechos da política (top-k=4)
2026-04-27 20:56:09.049 | 2026-04-27 23:56:09,049 INFO graph [REC-2026-00177] AGENT=risk OUT in 4000ms level=Baixo rag_chunks=4
2026-04-27 20:56:09.050 | 2026-04-27 23:56:09,049 INFO graph [REC-2026-00177] AGENT=report IN
2026-04-27 20:56:09.050 | 2026-04-27 23:56:09,050 INFO graph [REC-2026-00177] AGENT=report OUT in 0ms
2026-04-27 20:56:09.050 | 2026-04-27 23:56:09,050 INFO graph [REC-2026-00177] AGENT=guardrail_output IN
2026-04-27 20:56:09.164 | 2026-04-27 23:56:09,163 WARNING agent.guardrail guardrail OUTPUT bloqueou campo=summary — usando regex como fallback
2026-04-27 20:56:09.731 | 2026-04-27 23:56:09,731 WARNING agent.guardrail guardrail OUTPUT bloqueou campo=risk_justification — usando regex como fallback
2026-04-27 20:56:09.732 | 2026-04-27 23:56:09,731 INFO graph [REC-2026-00182] AGENT=guardrail_output OUT in 1220ms
2026-04-27 20:56:09.732 | 2026-04-27 23:56:09,732 INFO graph [REC-2026-00182] GRAPH END timings={'guardrail_input': 609, 'triage': 1640, 'risk': 3433, 'report': 1, 'guardrail_output': 1220}
2026-04-27 20:56:09.732 | 2026-04-27 23:56:09,732 INFO graph [REC-2026-00185] GRAPH START
2026-04-27 20:56:09.733 | 2026-04-27 23:56:09,733 INFO graph [REC-2026-00185] AGENT=guardrail_input IN text_len=85
2026-04-27 20:56:10.223 | 2026-04-27 23:56:10,223 WARNING agent.guardrail guardrail OUTPUT bloqueou campo=risk_justification — usando regex como fallback
2026-04-27 20:56:10.224 | 2026-04-27 23:56:10,223 INFO graph [REC-2026-00177] AGENT=guardrail_output OUT in 1173ms
2026-04-27 20:56:10.224 | 2026-04-27 23:56:10,224 INFO graph [REC-2026-00177] GRAPH END timings={'guardrail_input': 612, 'triage': 1610, 'risk': 4000, 'report': 0, 'guardrail_output': 1173}
2026-04-27 20:56:10.224 | 2026-04-27 23:56:10,224 INFO graph [REC-2026-00187] GRAPH START
2026-04-27 20:56:10.226 | 2026-04-27 23:56:10,225 INFO graph [REC-2026-00187] AGENT=guardrail_input IN text_len=63
2026-04-27 20:56:10.300 | 2026-04-27 23:56:10,299 INFO agent.guardrail guardrail INPUT action=NONE
2026-04-27 20:56:10.300 | 2026-04-27 23:56:10,300 INFO graph [REC-2026-00185] AGENT=guardrail_input OUT in 567ms blocked=False reason=None
2026-04-27 20:56:10.301 | 2026-04-27 23:56:10,301 INFO graph [REC-2026-00185] AGENT=triage IN text_len=85 product_hint=None
2026-04-27 20:56:10.820 | 2026-04-27 23:56:10,820 INFO agent.guardrail guardrail INPUT action=NONE
2026-04-27 20:56:10.820 | 2026-04-27 23:56:10,820 INFO graph [REC-2026-00187] AGENT=guardrail_input OUT in 595ms blocked=False reason=None
2026-04-27 20:56:10.821 | 2026-04-27 23:56:10,820 INFO graph [REC-2026-00187] AGENT=triage IN text_len=63 product_hint=None
2026-04-27 20:56:11.827 | 2026-04-27 23:56:11,826 INFO graph [REC-2026-00185] AGENT=triage OUT in 1525ms category=Cobrança Indevida product=Conta Corrente urgency=Média
2026-04-27 20:56:11.828 | 2026-04-27 23:56:11,828 INFO graph [REC-2026-00185] AGENT=risk IN triage_keys=['category', 'product', 'sentiment', 'urgency', 'summary']
2026-04-27 20:56:12.456 | 2026-04-27 23:56:12,456 INFO graph [REC-2026-00187] AGENT=triage OUT in 1635ms category=Outros product=Não Identificado urgency=Baixa
2026-04-27 20:56:12.457 | 2026-04-27 23:56:12,457 INFO graph [REC-2026-00187] AGENT=risk IN triage_keys=['category', 'product', 'sentiment', 'urgency', 'summary']
2026-04-27 20:56:16.066 | 2026-04-27 23:56:16,066 INFO agent.risk risk usou 4 trechos da política (top-k=4)
2026-04-27 20:56:16.066 | 2026-04-27 23:56:16,066 INFO graph [REC-2026-00187] AGENT=risk OUT in 3609ms level=Baixo rag_chunks=4
2026-04-27 20:56:16.067 | 2026-04-27 23:56:16,067 INFO graph [REC-2026-00187] AGENT=report IN
2026-04-27 20:56:16.067 | 2026-04-27 23:56:16,067 INFO graph [REC-2026-00187] AGENT=report OUT in 0ms
2026-04-27 20:56:16.068 | 2026-04-27 23:56:16,067 INFO graph [REC-2026-00187] AGENT=guardrail_output IN
2026-04-27 20:56:16.324 | 2026-04-27 23:56:16,324 INFO agent.risk risk usou 4 trechos da política (top-k=4)
2026-04-27 20:56:16.324 | 2026-04-27 23:56:16,324 INFO graph [REC-2026-00185] AGENT=risk OUT in 4496ms level=Baixo rag_chunks=4
2026-04-27 20:56:16.325 | 2026-04-27 23:56:16,325 INFO graph [REC-2026-00185] AGENT=report IN
2026-04-27 20:56:16.325 | 2026-04-27 23:56:16,325 INFO graph [REC-2026-00185] AGENT=report OUT in 0ms
2026-04-27 20:56:16.325 | 2026-04-27 23:56:16,325 INFO graph [REC-2026-00185] AGENT=guardrail_output IN
2026-04-27 20:56:17.211 | 2026-04-27 23:56:17,211 INFO graph [REC-2026-00187] AGENT=guardrail_output OUT in 1144ms
2026-04-27 20:56:17.212 | 2026-04-27 23:56:17,212 INFO graph [REC-2026-00187] GRAPH END timings={'guardrail_input': 595, 'triage': 1635, 'risk': 3609, 'report': 0, 'guardrail_output': 1144}
2026-04-27 20:56:17.212 | 2026-04-27 23:56:17,212 INFO graph [REC-2026-00194] GRAPH START
2026-04-27 20:56:17.213 | 2026-04-27 23:56:17,213 INFO graph [REC-2026-00194] AGENT=guardrail_input IN text_len=94
2026-04-27 20:56:17.517 | 2026-04-27 23:56:17,517 INFO graph [REC-2026-00185] AGENT=guardrail_output OUT in 1192ms
2026-04-27 20:56:17.517 | 2026-04-27 23:56:17,517 INFO graph [REC-2026-00185] GRAPH END timings={'guardrail_input': 567, 'triage': 1525, 'risk': 4496, 'report': 0, 'guardrail_output': 1192}
2026-04-27 20:56:17.517 | 2026-04-27 23:56:17,517 INFO graph [REC-2026-00198] GRAPH START
2026-04-27 20:56:17.518 | 2026-04-27 23:56:17,518 INFO graph [REC-2026-00198] AGENT=guardrail_input IN text_len=136
2026-04-27 20:56:17.763 | 2026-04-27 23:56:17,762 INFO agent.guardrail guardrail INPUT action=NONE
2026-04-27 20:56:17.763 | 2026-04-27 23:56:17,762 INFO graph [REC-2026-00194] AGENT=guardrail_input OUT in 549ms blocked=False reason=None
2026-04-27 20:56:17.764 | 2026-04-27 23:56:17,763 INFO graph [REC-2026-00194] AGENT=triage IN text_len=94 product_hint=PIX
2026-04-27 20:56:18.217 | 2026-04-27 23:56:18,216 INFO agent.guardrail guardrail INPUT action=NONE
2026-04-27 20:56:18.217 | 2026-04-27 23:56:18,217 INFO graph [REC-2026-00198] AGENT=guardrail_input OUT in 699ms blocked=False reason=None
2026-04-27 20:56:18.218 | 2026-04-27 23:56:18,218 INFO graph [REC-2026-00198] AGENT=triage IN text_len=136 product_hint=Cartão de Crédito
2026-04-27 20:56:19.294 | 2026-04-27 23:56:19,294 INFO graph [REC-2026-00194] AGENT=triage OUT in 1530ms category=Produto/Serviço product=Conta Corrente urgency=Alta
2026-04-27 20:56:19.295 | 2026-04-27 23:56:19,295 INFO graph [REC-2026-00194] AGENT=risk IN triage_keys=['category', 'product', 'sentiment', 'urgency', 'summary']
2026-04-27 20:56:20.031 | 2026-04-27 23:56:20,030 INFO graph [REC-2026-00198] AGENT=triage OUT in 1812ms category=Produto/Serviço product=Cartão de Crédito urgency=Alta
2026-04-27 20:56:20.032 | 2026-04-27 23:56:20,032 INFO graph [REC-2026-00198] AGENT=risk IN triage_keys=['category', 'product', 'sentiment', 'urgency', 'summary']
2026-04-27 20:56:23.766 | 2026-04-27 23:56:23,766 INFO agent.risk risk usou 4 trechos da política (top-k=4)
2026-04-27 20:56:23.766 | 2026-04-27 23:56:23,766 INFO graph [REC-2026-00194] AGENT=risk OUT in 4471ms level=Alto rag_chunks=4
2026-04-27 20:56:23.767 | 2026-04-27 23:56:23,767 INFO graph [REC-2026-00194] AGENT=report IN
2026-04-27 20:56:23.767 | 2026-04-27 23:56:23,767 INFO graph [REC-2026-00194] AGENT=report OUT in 0ms
2026-04-27 20:56:23.767 | 2026-04-27 23:56:23,767 INFO graph [REC-2026-00194] AGENT=guardrail_output IN
2026-04-27 20:56:24.831 | 2026-04-27 23:56:24,831 INFO agent.risk risk usou 4 trechos da política (top-k=4)
2026-04-27 20:56:24.831 | 2026-04-27 23:56:24,831 INFO graph [REC-2026-00198] AGENT=risk OUT in 4799ms level=Médio rag_chunks=4
2026-04-27 20:56:24.832 | 2026-04-27 23:56:24,832 INFO graph [REC-2026-00198] AGENT=report IN
2026-04-27 20:56:24.834 | 2026-04-27 23:56:24,832 INFO graph [REC-2026-00198] AGENT=report OUT in 0ms
2026-04-27 20:56:24.834 | 2026-04-27 23:56:24,832 INFO graph [REC-2026-00198] AGENT=guardrail_output IN
2026-04-27 20:56:24.980 | 2026-04-27 23:56:24,980 WARNING agent.guardrail guardrail OUTPUT bloqueou campo=risk_justification — usando regex como fallback
2026-04-27 20:56:24.980 | 2026-04-27 23:56:24,980 INFO graph [REC-2026-00194] AGENT=guardrail_output OUT in 1213ms
2026-04-27 20:56:24.981 | 2026-04-27 23:56:24,980 INFO graph [REC-2026-00194] GRAPH END timings={'guardrail_input': 549, 'triage': 1530, 'risk': 4471, 'report': 0, 'guardrail_output': 1213}
2026-04-27 20:56:24.981 | 2026-04-27 23:56:24,981 INFO graph [REC-2026-00199] GRAPH START
2026-04-27 20:56:24.982 | 2026-04-27 23:56:24,982 INFO graph [REC-2026-00199] AGENT=guardrail_input IN text_len=93
2026-04-27 20:56:25.533 | 2026-04-27 23:56:25,532 INFO agent.guardrail guardrail INPUT action=NONE
2026-04-27 20:56:25.533 | 2026-04-27 23:56:25,533 INFO graph [REC-2026-00199] AGENT=guardrail_input OUT in 551ms blocked=False reason=None
2026-04-27 20:56:25.534 | 2026-04-27 23:56:25,534 INFO graph [REC-2026-00199] AGENT=triage IN text_len=93 product_hint=None
2026-04-27 20:56:25.974 | 2026-04-27 23:56:25,973 WARNING agent.guardrail guardrail OUTPUT bloqueou campo=risk_justification — usando regex como fallback
2026-04-27 20:56:25.974 | 2026-04-27 23:56:25,973 INFO graph [REC-2026-00198] AGENT=guardrail_output OUT in 1141ms
2026-04-27 20:56:25.975 | 2026-04-27 23:56:25,975 INFO graph [REC-2026-00198] GRAPH END timings={'guardrail_input': 699, 'triage': 1812, 'risk': 4799, 'report': 0, 'guardrail_output': 1141}
2026-04-27 20:56:25.975 | 2026-04-27 23:56:25,975 INFO graph [REC-2026-00210] GRAPH START
2026-04-27 20:56:25.977 | 2026-04-27 23:56:25,976 INFO graph [REC-2026-00210] AGENT=guardrail_input IN text_len=125
2026-04-27 20:56:26.543 | 2026-04-27 23:56:26,542 INFO agent.guardrail guardrail INPUT action=NONE
2026-04-27 20:56:26.543 | 2026-04-27 23:56:26,543 INFO graph [REC-2026-00210] AGENT=guardrail_input OUT in 567ms blocked=False reason=None
2026-04-27 20:56:26.544 | 2026-04-27 23:56:26,544 INFO graph [REC-2026-00210] AGENT=triage IN text_len=125 product_hint=Seguro
2026-04-27 20:56:27.054 | 2026-04-27 23:56:27,053 INFO graph [REC-2026-00199] AGENT=triage OUT in 1519ms category=Produto/Serviço product=Cartão de Crédito urgency=Média
2026-04-27 20:56:27.055 | 2026-04-27 23:56:27,055 INFO graph [REC-2026-00199] AGENT=risk IN triage_keys=['category', 'product', 'sentiment', 'urgency', 'summary']
2026-04-27 20:56:29.268 | 2026-04-27 23:56:29,267 INFO graph [REC-2026-00210] AGENT=triage OUT in 2723ms category=Produto/Serviço product=Seguros urgency=Média
2026-04-27 20:56:29.268 | 2026-04-27 23:56:29,268 INFO graph [REC-2026-00210] AGENT=risk IN triage_keys=['category', 'product', 'sentiment', 'urgency', 'summary']
2026-04-27 20:56:31.204 | 2026-04-27 23:56:31,203 INFO agent.risk risk usou 4 trechos da política (top-k=4)
2026-04-27 20:56:31.204 | 2026-04-27 23:56:31,203 INFO graph [REC-2026-00199] AGENT=risk OUT in 4148ms level=Baixo rag_chunks=4
2026-04-27 20:56:31.205 | 2026-04-27 23:56:31,205 INFO graph [REC-2026-00199] AGENT=report IN
2026-04-27 20:56:31.205 | 2026-04-27 23:56:31,205 INFO graph [REC-2026-00199] AGENT=report OUT in 0ms
2026-04-27 20:56:31.206 | 2026-04-27 23:56:31,205 INFO graph [REC-2026-00199] AGENT=guardrail_output IN
2026-04-27 20:56:31.822 | 2026-04-27 23:56:31,821 WARNING agent.guardrail guardrail OUTPUT bloqueou campo=summary — usando regex como fallback
2026-04-27 20:56:32.520 | 2026-04-27 23:56:32,519 INFO graph [REC-2026-00199] AGENT=guardrail_output OUT in 1314ms
2026-04-27 20:56:32.520 | 2026-04-27 23:56:32,520 INFO graph [REC-2026-00199] GRAPH END timings={'guardrail_input': 551, 'triage': 1519, 'risk': 4148, 'report': 0, 'guardrail_output': 1314}
2026-04-27 20:56:32.520 | 2026-04-27 23:56:32,520 INFO graph [REC-2026-00218] GRAPH START
2026-04-27 20:56:32.521 | 2026-04-27 23:56:32,521 INFO graph [REC-2026-00218] AGENT=guardrail_input IN text_len=90
2026-04-27 20:56:33.160 | 2026-04-27 23:56:33,160 INFO agent.guardrail guardrail INPUT action=NONE
2026-04-27 20:56:33.160 | 2026-04-27 23:56:33,160 INFO graph [REC-2026-00218] AGENT=guardrail_input OUT in 639ms blocked=False reason=None
2026-04-27 20:56:33.162 | 2026-04-27 23:56:33,161 INFO graph [REC-2026-00218] AGENT=triage IN text_len=90 product_hint=None
2026-04-27 20:56:34.285 | 2026-04-27 23:56:34,285 INFO agent.risk risk usou 4 trechos da política (top-k=4)
2026-04-27 20:56:34.285 | 2026-04-27 23:56:34,285 INFO graph [REC-2026-00210] AGENT=risk OUT in 5017ms level=Médio rag_chunks=4
2026-04-27 20:56:34.286 | 2026-04-27 23:56:34,286 INFO graph [REC-2026-00210] AGENT=report IN
2026-04-27 20:56:34.286 | 2026-04-27 23:56:34,286 INFO graph [REC-2026-00210] AGENT=report OUT in 0ms
2026-04-27 20:56:34.286 | 2026-04-27 23:56:34,286 INFO graph [REC-2026-00210] AGENT=guardrail_output IN
2026-04-27 20:56:35.037 | 2026-04-27 23:56:35,037 INFO graph [REC-2026-00218] AGENT=triage OUT in 1876ms category=Cobrança Indevida product=Não Identificado urgency=Média
2026-04-27 20:56:35.038 | 2026-04-27 23:56:35,038 INFO graph [REC-2026-00218] AGENT=risk IN triage_keys=['category', 'product', 'sentiment', 'urgency', 'summary']
2026-04-27 20:56:35.520 | 2026-04-27 23:56:35,519 INFO graph [REC-2026-00210] AGENT=guardrail_output OUT in 1233ms
2026-04-27 20:56:35.521 | 2026-04-27 23:56:35,520 INFO graph [REC-2026-00210] GRAPH END timings={'guardrail_input': 567, 'triage': 2723, 'risk': 5017, 'report': 0, 'guardrail_output': 1233}
2026-04-27 20:56:35.521 | 2026-04-27 23:56:35,521 INFO graph [REC-2026-00222] GRAPH START
2026-04-27 20:56:35.523 | 2026-04-27 23:56:35,522 INFO graph [REC-2026-00222] AGENT=guardrail_input IN text_len=103
2026-04-27 20:56:36.170 | 2026-04-27 23:56:36,169 INFO agent.guardrail guardrail INPUT action=NONE
2026-04-27 20:56:36.170 | 2026-04-27 23:56:36,169 INFO graph [REC-2026-00222] AGENT=guardrail_input OUT in 647ms blocked=False reason=None
2026-04-27 20:56:36.171 | 2026-04-27 23:56:36,170 INFO graph [REC-2026-00222] AGENT=triage IN text_len=103 product_hint=Transferência
2026-04-27 20:56:39.291 | 2026-04-27 23:56:39,291 INFO agent.risk risk usou 4 trechos da política (top-k=4)
2026-04-27 20:56:39.291 | 2026-04-27 23:56:39,291 INFO graph [REC-2026-00218] AGENT=risk OUT in 4253ms level=Médio rag_chunks=4
2026-04-27 20:56:39.292 | 2026-04-27 23:56:39,292 INFO graph [REC-2026-00218] AGENT=report IN
2026-04-27 20:56:39.292 | 2026-04-27 23:56:39,292 INFO graph [REC-2026-00218] AGENT=report OUT in 0ms
2026-04-27 20:56:39.293 | 2026-04-27 23:56:39,293 INFO graph [REC-2026-00218] AGENT=guardrail_output IN
2026-04-27 20:56:40.510 | 2026-04-27 23:56:40,509 INFO graph [REC-2026-00218] AGENT=guardrail_output OUT in 1216ms
2026-04-27 20:56:40.511 | 2026-04-27 23:56:40,511 INFO graph [REC-2026-00218] GRAPH END timings={'guardrail_input': 639, 'triage': 1876, 'risk': 4253, 'report': 0, 'guardrail_output': 1216}
2026-04-27 20:56:40.511 | 2026-04-27 23:56:40,511 INFO graph [REC-2026-00225] GRAPH START
2026-04-27 20:56:40.512 | 2026-04-27 23:56:40,512 INFO graph [REC-2026-00225] AGENT=guardrail_input IN text_len=114
2026-04-27 20:56:41.068 | 2026-04-27 23:56:41,067 INFO agent.guardrail guardrail INPUT action=NONE
2026-04-27 20:56:41.068 | 2026-04-27 23:56:41,067 INFO graph [REC-2026-00225] AGENT=guardrail_input OUT in 555ms blocked=False reason=None
2026-04-27 20:56:41.069 | 2026-04-27 23:56:41,068 INFO graph [REC-2026-00225] AGENT=triage IN text_len=114 product_hint=Transferência
2026-04-27 20:56:42.824 | 2026-04-27 23:56:42,824 INFO graph [REC-2026-00225] AGENT=triage OUT in 1756ms category=Produto/Serviço product=Conta Corrente urgency=Baixa
2026-04-27 20:56:42.825 | 2026-04-27 23:56:42,825 INFO graph [REC-2026-00225] AGENT=risk IN triage_keys=['category', 'product', 'sentiment', 'urgency', 'summary']
2026-04-27 20:56:43.893 | 2026-04-27 23:56:43,892 WARNING app [REC-2026-00222] tentativa 1/2 falhou — retry em 1s: An error occurred (ThrottlingException) when calling the InvokeModel operation (reached max retries: 4): Too many requests, please wait before trying again.
2026-04-27 20:56:44.894 | 2026-04-27 23:56:44,893 INFO graph [REC-2026-00222] GRAPH START
2026-04-27 20:56:44.895 | 2026-04-27 23:56:44,895 INFO graph [REC-2026-00222] AGENT=guardrail_input IN text_len=103
2026-04-27 20:56:45.812 | 2026-04-27 23:56:45,811 INFO agent.guardrail guardrail INPUT action=NONE
2026-04-27 20:56:45.812 | 2026-04-27 23:56:45,812 INFO graph [REC-2026-00222] AGENT=guardrail_input OUT in 917ms blocked=False reason=None
2026-04-27 20:56:45.813 | 2026-04-27 23:56:45,813 INFO graph [REC-2026-00222] AGENT=triage IN text_len=103 product_hint=Transferência
2026-04-27 20:56:47.116 | 2026-04-27 23:56:47,116 INFO agent.risk risk usou 4 trechos da política (top-k=4)
2026-04-27 20:56:47.116 | 2026-04-27 23:56:47,116 INFO graph [REC-2026-00225] AGENT=risk OUT in 4291ms level=Baixo rag_chunks=4
2026-04-27 20:56:47.117 | 2026-04-27 23:56:47,117 INFO graph [REC-2026-00225] AGENT=report IN
2026-04-27 20:56:47.117 | 2026-04-27 23:56:47,117 INFO graph [REC-2026-00225] AGENT=report OUT in 0ms
2026-04-27 20:56:47.117 | 2026-04-27 23:56:47,117 INFO graph [REC-2026-00225] AGENT=guardrail_output IN
2026-04-27 20:56:47.461 | 2026-04-27 23:56:47,461 INFO graph [REC-2026-00222] AGENT=triage OUT in 1648ms category=Cobrança Indevida product=Conta Corrente urgency=Média
2026-04-27 20:56:47.462 | 2026-04-27 23:56:47,462 INFO graph [REC-2026-00222] AGENT=risk IN triage_keys=['category', 'product', 'sentiment', 'urgency', 'summary']
2026-04-27 20:56:48.372 | 2026-04-27 23:56:48,372 INFO graph [REC-2026-00225] AGENT=guardrail_output OUT in 1255ms
2026-04-27 20:56:48.373 | 2026-04-27 23:56:48,373 INFO graph [REC-2026-00225] GRAPH END timings={'guardrail_input': 555, 'triage': 1756, 'risk': 4291, 'report': 0, 'guardrail_output': 1255}
2026-04-27 20:56:48.374 | 2026-04-27 23:56:48,373 INFO graph [REC-2026-00230] GRAPH START
2026-04-27 20:56:48.375 | 2026-04-27 23:56:48,375 INFO graph [REC-2026-00230] AGENT=guardrail_input IN text_len=151
2026-04-27 20:56:48.928 | 2026-04-27 23:56:48,927 INFO agent.guardrail guardrail INPUT action=NONE
2026-04-27 20:56:48.928 | 2026-04-27 23:56:48,927 INFO graph [REC-2026-00230] AGENT=guardrail_input OUT in 552ms blocked=False reason=None
2026-04-27 20:56:48.929 | 2026-04-27 23:56:48,929 INFO graph [REC-2026-00230] AGENT=triage IN text_len=151 product_hint=Consórcio
2026-04-27 20:56:51.574 | 2026-04-27 23:56:51,573 INFO agent.risk risk usou 4 trechos da política (top-k=4)
2026-04-27 20:56:51.574 | 2026-04-27 23:56:51,574 INFO graph [REC-2026-00222] AGENT=risk OUT in 4111ms level=Baixo rag_chunks=4
2026-04-27 20:56:51.575 | 2026-04-27 23:56:51,575 INFO graph [REC-2026-00222] AGENT=report IN
2026-04-27 20:56:51.575 | 2026-04-27 23:56:51,575 INFO graph [REC-2026-00222] AGENT=report OUT in 0ms
2026-04-27 20:56:51.575 | 2026-04-27 23:56:51,575 INFO graph [REC-2026-00222] AGENT=guardrail_output IN
2026-04-27 20:56:52.764 | 2026-04-27 23:56:52,763 INFO graph [REC-2026-00222] AGENT=guardrail_output OUT in 1188ms
2026-04-27 20:56:52.765 | 2026-04-27 23:56:52,764 INFO graph [REC-2026-00222] GRAPH END timings={'guardrail_input': 917, 'triage': 1648, 'risk': 4111, 'report': 0, 'guardrail_output': 1188}
2026-04-27 20:56:52.765 | 2026-04-27 23:56:52,765 INFO graph [REC-2026-00237] GRAPH START
2026-04-27 20:56:52.766 | 2026-04-27 23:56:52,766 INFO graph [REC-2026-00237] AGENT=guardrail_input IN text_len=125
2026-04-27 20:56:53.380 | 2026-04-27 23:56:53,379 INFO agent.guardrail guardrail INPUT action=NONE
2026-04-27 20:56:53.380 | 2026-04-27 23:56:53,380 INFO graph [REC-2026-00237] AGENT=guardrail_input OUT in 614ms blocked=False reason=None
2026-04-27 20:56:53.382 | 2026-04-27 23:56:53,381 INFO graph [REC-2026-00237] AGENT=triage IN text_len=125 product_hint=None
2026-04-27 20:56:55.240 | 2026-04-27 23:56:55,239 INFO graph [REC-2026-00230] AGENT=triage OUT in 6310ms category=Cobrança Indevida product=Não Identificado urgency=Alta
2026-04-27 20:56:55.241 | 2026-04-27 23:56:55,240 INFO graph [REC-2026-00230] AGENT=risk IN triage_keys=['category', 'product', 'sentiment', 'urgency', 'summary']
2026-04-27 20:56:59.247 | 2026-04-27 23:56:59,246 INFO graph [REC-2026-00237] AGENT=triage OUT in 5865ms category=Cobrança Indevida product=Não Identificado urgency=Alta
2026-04-27 20:56:59.247 | 2026-04-27 23:56:59,247 INFO graph [REC-2026-00237] AGENT=risk IN triage_keys=['category', 'product', 'sentiment', 'urgency', 'summary']
2026-04-27 20:56:59.858 | 2026-04-27 23:56:59,858 INFO agent.risk risk usou 4 trechos da política (top-k=4)
2026-04-27 20:56:59.858 | 2026-04-27 23:56:59,858 INFO graph [REC-2026-00230] AGENT=risk OUT in 4618ms level=Alto rag_chunks=4
2026-04-27 20:56:59.859 | 2026-04-27 23:56:59,858 INFO graph [REC-2026-00230] AGENT=report IN
2026-04-27 20:56:59.859 | 2026-04-27 23:56:59,858 INFO graph [REC-2026-00230] AGENT=report OUT in 0ms
2026-04-27 20:56:59.859 | 2026-04-27 23:56:59,859 INFO graph [REC-2026-00230] AGENT=guardrail_output IN
2026-04-27 20:57:00.965 | 2026-04-27 23:57:00,964 INFO graph [REC-2026-00230] AGENT=guardrail_output OUT in 1105ms
2026-04-27 20:57:00.965 | 2026-04-27 23:57:00,965 INFO graph [REC-2026-00230] GRAPH END timings={'guardrail_input': 552, 'triage': 6310, 'risk': 4618, 'report': 0, 'guardrail_output': 1105}
2026-04-27 20:57:00.965 | 2026-04-27 23:57:00,965 INFO graph [REC-2026-00242] GRAPH START
2026-04-27 20:57:00.966 | 2026-04-27 23:57:00,966 INFO graph [REC-2026-00242] AGENT=guardrail_input IN text_len=99
2026-04-27 20:57:01.542 | 2026-04-27 23:57:01,541 INFO agent.guardrail guardrail INPUT action=NONE
2026-04-27 20:57:01.542 | 2026-04-27 23:57:01,541 INFO graph [REC-2026-00242] AGENT=guardrail_input OUT in 575ms blocked=False reason=None
2026-04-27 20:57:01.543 | 2026-04-27 23:57:01,543 INFO graph [REC-2026-00242] AGENT=triage IN text_len=99 product_hint=Empréstimo
2026-04-27 20:57:03.775 | 2026-04-27 23:57:03,774 INFO agent.risk risk usou 4 trechos da política (top-k=4)
2026-04-27 20:57:03.775 | 2026-04-27 23:57:03,774 INFO graph [REC-2026-00237] AGENT=risk OUT in 4527ms level=Alto rag_chunks=4
2026-04-27 20:57:03.776 | 2026-04-27 23:57:03,775 INFO graph [REC-2026-00237] AGENT=report IN
2026-04-27 20:57:03.776 | 2026-04-27 23:57:03,775 INFO graph [REC-2026-00237] AGENT=report OUT in 0ms
2026-04-27 20:57:03.776 | 2026-04-27 23:57:03,776 INFO graph [REC-2026-00237] AGENT=guardrail_output IN
2026-04-27 20:57:05.002 | 2026-04-27 23:57:05,001 INFO graph [REC-2026-00237] AGENT=guardrail_output OUT in 1225ms
2026-04-27 20:57:05.003 | 2026-04-27 23:57:05,003 INFO graph [REC-2026-00237] GRAPH END timings={'guardrail_input': 614, 'triage': 5865, 'risk': 4527, 'report': 0, 'guardrail_output': 1225}
2026-04-27 20:57:05.003 | 2026-04-27 23:57:05,003 INFO graph [REC-2026-00246] GRAPH START
2026-04-27 20:57:05.004 | 2026-04-27 23:57:05,004 INFO graph [REC-2026-00246] AGENT=guardrail_input IN text_len=123
2026-04-27 20:57:05.400 | 2026-04-27 23:57:05,399 INFO graph [REC-2026-00242] AGENT=triage OUT in 3856ms category=Cobrança Indevida product=Empréstimo urgency=Alta
2026-04-27 20:57:05.400 | 2026-04-27 23:57:05,400 INFO graph [REC-2026-00242] AGENT=risk IN triage_keys=['category', 'product', 'sentiment', 'urgency', 'summary']
2026-04-27 20:57:05.568 | 2026-04-27 23:57:05,567 INFO agent.guardrail guardrail INPUT action=NONE
2026-04-27 20:57:05.568 | 2026-04-27 23:57:05,568 INFO graph [REC-2026-00246] AGENT=guardrail_input OUT in 564ms blocked=False reason=None
2026-04-27 20:57:05.569 | 2026-04-27 23:57:05,569 INFO graph [REC-2026-00246] AGENT=triage IN text_len=123 product_hint=Seguro
2026-04-27 20:57:09.323 | 2026-04-27 23:57:09,323 INFO agent.risk risk usou 4 trechos da política (top-k=4)
2026-04-27 20:57:09.324 | 2026-04-27 23:57:09,323 INFO graph [REC-2026-00242] AGENT=risk OUT in 3923ms level=Alto rag_chunks=4
2026-04-27 20:57:09.325 | 2026-04-27 23:57:09,324 INFO graph [REC-2026-00242] AGENT=report IN
2026-04-27 20:57:09.325 | 2026-04-27 23:57:09,324 INFO graph [REC-2026-00242] AGENT=report OUT in 0ms
2026-04-27 20:57:09.325 | 2026-04-27 23:57:09,325 INFO graph [REC-2026-00242] AGENT=guardrail_output IN
2026-04-27 20:57:10.678 | 2026-04-27 23:57:10,677 WARNING agent.guardrail guardrail OUTPUT bloqueou campo=risk_justification — usando regex como fallback
2026-04-27 20:57:10.678 | 2026-04-27 23:57:10,678 INFO graph [REC-2026-00242] AGENT=guardrail_output OUT in 1353ms
2026-04-27 20:57:10.679 | 2026-04-27 23:57:10,678 INFO graph [REC-2026-00242] GRAPH END timings={'guardrail_input': 575, 'triage': 3856, 'risk': 3923, 'report': 0, 'guardrail_output': 1353}
2026-04-27 20:57:10.679 | 2026-04-27 23:57:10,679 INFO graph [REC-2026-00247] GRAPH START
2026-04-27 20:57:10.680 | 2026-04-27 23:57:10,680 INFO graph [REC-2026-00247] AGENT=guardrail_input IN text_len=87
2026-04-27 20:57:11.268 | 2026-04-27 23:57:11,267 INFO agent.guardrail guardrail INPUT action=NONE
2026-04-27 20:57:11.268 | 2026-04-27 23:57:11,267 INFO graph [REC-2026-00247] AGENT=guardrail_input OUT in 587ms blocked=False reason=None
2026-04-27 20:57:11.269 | 2026-04-27 23:57:11,269 INFO graph [REC-2026-00247] AGENT=triage IN text_len=87 product_hint=Empréstimo
2026-04-27 20:57:12.388 | 2026-04-27 23:57:12,387 INFO graph [REC-2026-00246] AGENT=triage OUT in 6818ms category=Produto/Serviço product=Seguros urgency=Média
2026-04-27 20:57:12.389 | 2026-04-27 23:57:12,388 INFO graph [REC-2026-00246] AGENT=risk IN triage_keys=['category', 'product', 'sentiment', 'urgency', 'summary']
2026-04-27 20:57:16.882 | 2026-04-27 23:57:16,881 INFO agent.risk risk usou 4 trechos da política (top-k=4)
2026-04-27 20:57:16.882 | 2026-04-27 23:57:16,881 INFO graph [REC-2026-00246] AGENT=risk OUT in 4493ms level=Alto rag_chunks=4
2026-04-27 20:57:16.882 | 2026-04-27 23:57:16,882 INFO graph [REC-2026-00246] AGENT=report IN
2026-04-27 20:57:16.882 | 2026-04-27 23:57:16,882 INFO graph [REC-2026-00246] AGENT=report OUT in 0ms
2026-04-27 20:57:16.882 | 2026-04-27 23:57:16,882 INFO graph [REC-2026-00246] AGENT=guardrail_output IN
2026-04-27 20:57:18.125 | 2026-04-27 23:57:18,124 WARNING agent.guardrail guardrail OUTPUT bloqueou campo=risk_justification — usando regex como fallback
2026-04-27 20:57:18.125 | 2026-04-27 23:57:18,124 INFO graph [REC-2026-00246] AGENT=guardrail_output OUT in 1242ms
2026-04-27 20:57:18.125 | 2026-04-27 23:57:18,125 INFO graph [REC-2026-00246] GRAPH END timings={'guardrail_input': 564, 'triage': 6818, 'risk': 4493, 'report': 0, 'guardrail_output': 1242}
2026-04-27 20:57:18.126 | 2026-04-27 23:57:18,125 INFO graph [REC-2026-00251] GRAPH START
2026-04-27 20:57:18.127 | 2026-04-27 23:57:18,127 INFO graph [REC-2026-00251] AGENT=guardrail_input IN text_len=117
2026-04-27 20:57:18.721 | 2026-04-27 23:57:18,720 INFO agent.guardrail guardrail INPUT action=NONE
2026-04-27 20:57:18.721 | 2026-04-27 23:57:18,720 INFO graph [REC-2026-00251] AGENT=guardrail_input OUT in 593ms blocked=False reason=None
2026-04-27 20:57:18.721 | 2026-04-27 23:57:18,721 INFO graph [REC-2026-00251] AGENT=triage IN text_len=117 product_hint=Conta Corrente
2026-04-27 20:57:18.920 | 2026-04-27 23:57:18,920 INFO graph [REC-2026-00247] AGENT=triage OUT in 7651ms category=Produto/Serviço product=Empréstimo urgency=Alta
2026-04-27 20:57:18.921 | 2026-04-27 23:57:18,921 INFO graph [REC-2026-00247] AGENT=risk IN triage_keys=['category', 'product', 'sentiment', 'urgency', 'summary']
2026-04-27 20:57:23.864 | 2026-04-27 23:57:23,864 INFO agent.risk risk usou 4 trechos da política (top-k=4)
2026-04-27 20:57:23.864 | 2026-04-27 23:57:23,864 INFO graph [REC-2026-00247] AGENT=risk OUT in 4943ms level=Alto rag_chunks=4
2026-04-27 20:57:23.865 | 2026-04-27 23:57:23,864 INFO graph [REC-2026-00247] AGENT=report IN
2026-04-27 20:57:23.865 | 2026-04-27 23:57:23,864 INFO graph [REC-2026-00247] AGENT=report OUT in 0ms
2026-04-27 20:57:23.865 | 2026-04-27 23:57:23,865 INFO graph [REC-2026-00247] AGENT=guardrail_output IN
2026-04-27 20:57:23.874 | 2026-04-27 23:57:23,874 INFO graph [REC-2026-00251] AGENT=triage OUT in 5153ms category=Cobrança Indevida product=Conta Corrente urgency=Média
2026-04-27 20:57:23.874 | 2026-04-27 23:57:23,874 INFO graph [REC-2026-00251] AGENT=risk IN triage_keys=['category', 'product', 'sentiment', 'urgency', 'summary']
2026-04-27 20:57:25.030 | 2026-04-27 23:57:25,030 INFO graph [REC-2026-00247] AGENT=guardrail_output OUT in 1165ms
2026-04-27 20:57:25.031 | 2026-04-27 23:57:25,031 INFO graph [REC-2026-00247] GRAPH END timings={'guardrail_input': 587, 'triage': 7651, 'risk': 4943, 'report': 0, 'guardrail_output': 1165}
2026-04-27 20:57:25.031 | 2026-04-27 23:57:25,031 INFO graph [REC-2026-00252] GRAPH START
2026-04-27 20:57:25.032 | 2026-04-27 23:57:25,032 INFO graph [REC-2026-00252] AGENT=guardrail_input IN text_len=100
2026-04-27 20:57:25.623 | 2026-04-27 23:57:25,622 INFO agent.guardrail guardrail INPUT action=NONE
2026-04-27 20:57:25.623 | 2026-04-27 23:57:25,623 INFO graph [REC-2026-00252] AGENT=guardrail_input OUT in 591ms blocked=False reason=None
2026-04-27 20:57:25.625 | 2026-04-27 23:57:25,624 INFO graph [REC-2026-00252] AGENT=triage IN text_len=100 product_hint=Cartão de Crédito
2026-04-27 20:57:27.800 | 2026-04-27 23:57:27,800 INFO agent.risk risk usou 4 trechos da política (top-k=4)
2026-04-27 20:57:27.800 | 2026-04-27 23:57:27,800 INFO graph [REC-2026-00251] AGENT=risk OUT in 3926ms level=Baixo rag_chunks=4
2026-04-27 20:57:27.801 | 2026-04-27 23:57:27,801 INFO graph [REC-2026-00251] AGENT=report IN
2026-04-27 20:57:27.802 | 2026-04-27 23:57:27,801 INFO graph [REC-2026-00251] AGENT=report OUT in 0ms
2026-04-27 20:57:27.802 | 2026-04-27 23:57:27,802 INFO graph [REC-2026-00251] AGENT=guardrail_output IN
2026-04-27 20:57:28.975 | 2026-04-27 23:57:28,975 INFO graph [REC-2026-00251] AGENT=guardrail_output OUT in 1173ms
2026-04-27 20:57:28.976 | 2026-04-27 23:57:28,975 INFO graph [REC-2026-00251] GRAPH END timings={'guardrail_input': 593, 'triage': 5153, 'risk': 3926, 'report': 0, 'guardrail_output': 1173}
2026-04-27 20:57:28.976 | 2026-04-27 23:57:28,976 INFO graph [REC-2026-00255] GRAPH START
2026-04-27 20:57:28.977 | 2026-04-27 23:57:28,976 INFO graph [REC-2026-00255] AGENT=guardrail_input IN text_len=82
2026-04-27 20:57:29.630 | 2026-04-27 23:57:29,629 INFO graph [REC-2026-00252] AGENT=triage OUT in 4005ms category=Cobrança Indevida product=Cartão de Crédito urgency=Alta
2026-04-27 20:57:29.631 | 2026-04-27 23:57:29,630 INFO graph [REC-2026-00252] AGENT=risk IN triage_keys=['category', 'product', 'sentiment', 'urgency', 'summary']
2026-04-27 20:57:29.686 | 2026-04-27 23:57:29,685 INFO agent.guardrail guardrail INPUT action=NONE
2026-04-27 20:57:29.686 | 2026-04-27 23:57:29,685 INFO graph [REC-2026-00255] AGENT=guardrail_input OUT in 709ms blocked=False reason=None
2026-04-27 20:57:29.686 | 2026-04-27 23:57:29,686 INFO graph [REC-2026-00255] AGENT=triage IN text_len=82 product_hint=Poupança
2026-04-27 20:57:34.457 | 2026-04-27 23:57:34,457 INFO agent.risk risk usou 4 trechos da política (top-k=4)
2026-04-27 20:57:34.457 | 2026-04-27 23:57:34,457 INFO graph [REC-2026-00252] AGENT=risk OUT in 4827ms level=Médio rag_chunks=4
2026-04-27 20:57:34.458 | 2026-04-27 23:57:34,458 INFO graph [REC-2026-00252] AGENT=report IN
2026-04-27 20:57:34.458 | 2026-04-27 23:57:34,458 INFO graph [REC-2026-00252] AGENT=report OUT in 1ms
2026-04-27 20:57:34.458 | 2026-04-27 23:57:34,458 INFO graph [REC-2026-00252] AGENT=guardrail_output IN
2026-04-27 20:57:35.708 | 2026-04-27 23:57:35,708 INFO graph [REC-2026-00252] AGENT=guardrail_output OUT in 1250ms
2026-04-27 20:57:35.709 | 2026-04-27 23:57:35,709 INFO graph [REC-2026-00252] GRAPH END timings={'guardrail_input': 591, 'triage': 4005, 'risk': 4827, 'report': 1, 'guardrail_output': 1250}
2026-04-27 20:57:36.071 | 2026-04-27 23:57:36,071 INFO graph [REC-2026-00255] AGENT=triage OUT in 6385ms category=Produto/Serviço product=Não Identificado urgency=Baixa
2026-04-27 20:57:36.072 | 2026-04-27 23:57:36,072 INFO graph [REC-2026-00255] AGENT=risk IN triage_keys=['category', 'product', 'sentiment', 'urgency', 'summary']
2026-04-27 20:57:40.117 | 2026-04-27 23:57:40,117 INFO agent.risk risk usou 4 trechos da política (top-k=4)
2026-04-27 20:57:40.117 | 2026-04-27 23:57:40,117 INFO graph [REC-2026-00255] AGENT=risk OUT in 4045ms level=Baixo rag_chunks=4
2026-04-27 20:57:40.117 | 2026-04-27 23:57:40,117 INFO graph [REC-2026-00255] AGENT=report IN
2026-04-27 20:57:40.117 | 2026-04-27 23:57:40,117 INFO graph [REC-2026-00255] AGENT=report OUT in 0ms
2026-04-27 20:57:40.118 | 2026-04-27 23:57:40,118 INFO graph [REC-2026-00255] AGENT=guardrail_output IN
2026-04-27 20:57:41.371 | 2026-04-27 23:57:41,370 WARNING agent.guardrail guardrail OUTPUT bloqueou campo=risk_justification — usando regex como fallback
2026-04-27 20:57:41.372 | 2026-04-27 23:57:41,371 INFO graph [REC-2026-00255] AGENT=guardrail_output OUT in 1253ms
2026-04-27 20:57:41.372 | 2026-04-27 23:57:41,372 INFO graph [REC-2026-00255] GRAPH END timings={'guardrail_input': 709, 'triage': 6385, 'risk': 4045, 'report': 0, 'guardrail_output': 1253}
2026-04-27 20:57:41.446 | INFO:     172.23.0.1:34992 - "POST /batch HTTP/1.1" 303 See Other
2026-04-27 20:57:41.458 | INFO:     172.23.0.1:34992 - "GET /output/report_2026-04-27-23-48-37.html HTTP/1.1" 200 OK