INFO:     Started server process [1]
INFO:     Waiting for application startup.
2026-04-28 06:39:03,261 INFO app RAG: ingestão iniciada (thread=rag-startup)
INFO:     Application startup complete.
INFO:     Uvicorn running on http://0.0.0.0:8000 (Press CTRL+C to quit)
2026-04-28 06:39:03,614 INFO rag.loader carregado KS_POLITICA_INTERNA.pdf (6045 chars, sha=1e768e0b)
2026-04-28 06:39:03,628 INFO rag.store salvou índice (8 vetores) e manifest em /app/assets/index
2026-04-28 06:39:03,628 INFO rag.ingest ingestão concluída: {'new': [], 'changed': [], 'removed': [], 'skipped': ['KS_POLITICA_INTERNA.pdf'], 'chunks_added': 0, 'chunks_removed': 0, 'total_vectors_after': 8}
2026-04-28 06:39:03,628 INFO app RAG: ingestão concluída — 8 vetores | adicionados=0 ignorados=1
INFO:     172.23.0.1:56586 - "GET / HTTP/1.1" 200 OK
2026-04-28 06:40:31,170 INFO app batch passe 1/3: 100 registros | workers=5 delay=0.00s retries=2
2026-04-28 06:40:31,170 INFO graph [REC-00001] GRAPH START
2026-04-28 06:40:31,173 INFO graph [REC-00001] AGENT=guardrail_input IN text_len=431
2026-04-28 06:40:31,174 INFO graph [REC-00002] GRAPH START
2026-04-28 06:40:31,182 INFO graph [REC-00003] GRAPH START
2026-04-28 06:40:31,183 INFO graph [REC-00002] AGENT=guardrail_input IN text_len=657
2026-04-28 06:40:31,183 INFO graph [REC-00004] GRAPH START
2026-04-28 06:40:31,183 INFO graph [REC-00005] GRAPH START
2026-04-28 06:40:31,185 INFO graph [REC-00003] AGENT=guardrail_input IN text_len=636
2026-04-28 06:40:31,215 INFO graph [REC-00005] AGENT=guardrail_input IN text_len=638
2026-04-28 06:40:31,216 INFO graph [REC-00004] AGENT=guardrail_input IN text_len=611
2026-04-28 06:40:32,586 INFO agent.guardrail guardrail INPUT action=GUARDRAIL_INTERVENED
2026-04-28 06:40:32,587 INFO graph [REC-00004] AGENT=guardrail_input OUT in 1371ms blocked=True reason=bedrock_guardrail
2026-04-28 06:40:32,588 INFO graph [REC-00004] GRAPH END timings={'guardrail_input': 1371}
2026-04-28 06:40:32,588 WARNING app [REC-00004] bloqueada pelo guardrail
2026-04-28 06:40:32,589 INFO graph [REC-00006] GRAPH START
2026-04-28 06:40:32,590 INFO graph [REC-00006] AGENT=guardrail_input IN text_len=640
2026-04-28 06:40:32,599 INFO agent.guardrail guardrail INPUT action=NONE
2026-04-28 06:40:32,600 INFO graph [REC-00003] AGENT=guardrail_input OUT in 1415ms blocked=False reason=None
2026-04-28 06:40:32,600 INFO graph [REC-00003] AGENT=triage IN text_len=636 product_hint=Empréstimo
2026-04-28 06:40:32,608 INFO agent.guardrail guardrail INPUT action=NONE
2026-04-28 06:40:32,609 INFO graph [REC-00001] AGENT=guardrail_input OUT in 1436ms blocked=False reason=None
2026-04-28 06:40:32,609 INFO graph [REC-00001] AGENT=triage IN text_len=431 product_hint=Empréstimo
2026-04-28 06:40:32,633 INFO agent.guardrail guardrail INPUT action=NONE
2026-04-28 06:40:32,633 INFO graph [REC-00002] AGENT=guardrail_input OUT in 1450ms blocked=False reason=None
2026-04-28 06:40:32,634 INFO graph [REC-00002] AGENT=triage IN text_len=657 product_hint=Cartão de Crédito
2026-04-28 06:40:32,654 INFO agent.guardrail guardrail INPUT action=NONE
2026-04-28 06:40:32,654 INFO graph [REC-00005] AGENT=guardrail_input OUT in 1439ms blocked=False reason=None
2026-04-28 06:40:32,655 INFO graph [REC-00005] AGENT=triage IN text_len=638 product_hint=None
2026-04-28 06:40:33,177 INFO agent.guardrail guardrail INPUT action=NONE
2026-04-28 06:40:33,177 INFO graph [REC-00006] AGENT=guardrail_input OUT in 587ms blocked=False reason=None
2026-04-28 06:40:33,178 INFO graph [REC-00006] AGENT=triage IN text_len=640 product_hint=Seguros
2026-04-28 06:40:34,575 INFO graph [REC-00001] AGENT=triage OUT in 1966ms category=Outros product=Não Identificado urgency=Média
2026-04-28 06:40:34,575 INFO graph [REC-00001] AGENT=risk IN triage_keys=['category', 'product', 'sentiment', 'urgency', 'summary']
2026-04-28 06:40:34,800 INFO graph [REC-00002] AGENT=triage OUT in 2166ms category=Cobrança Indevida product=Cartão de Crédito urgency=Alta
2026-04-28 06:40:34,800 INFO graph [REC-00002] AGENT=risk IN triage_keys=['category', 'product', 'sentiment', 'urgency', 'summary']
2026-04-28 06:40:34,821 INFO graph [REC-00003] AGENT=triage OUT in 2221ms category=Cobrança Indevida product=Empréstimo urgency=Alta
2026-04-28 06:40:34,822 INFO graph [REC-00005] AGENT=triage OUT in 2167ms category=Cobrança Indevida product=Não Identificado urgency=Crítica
2026-04-28 06:40:34,822 INFO graph [REC-00003] AGENT=risk IN triage_keys=['category', 'product', 'sentiment', 'urgency', 'summary']
2026-04-28 06:40:34,823 INFO graph [REC-00005] AGENT=risk IN triage_keys=['category', 'product', 'sentiment', 'urgency', 'summary']
2026-04-28 06:40:35,301 INFO graph [REC-00006] AGENT=triage OUT in 2123ms category=Cobrança Indevida product=Seguros urgency=Crítica
2026-04-28 06:40:35,302 INFO graph [REC-00006] AGENT=risk IN triage_keys=['category', 'product', 'sentiment', 'urgency', 'summary']
2026-04-28 06:40:39,302 INFO agent.risk risk usou 4 trechos da política (top-k=4)
2026-04-28 06:40:39,303 INFO graph [REC-00001] AGENT=risk OUT in 4728ms level=Crítico rag_chunks=4
2026-04-28 06:40:39,304 INFO graph [REC-00001] AGENT=report IN
2026-04-28 06:40:39,304 INFO graph [REC-00001] AGENT=report OUT in 0ms
2026-04-28 06:40:39,304 INFO graph [REC-00001] AGENT=guardrail_output IN
2026-04-28 06:40:39,821 INFO agent.risk risk usou 4 trechos da política (top-k=4)
2026-04-28 06:40:39,821 INFO graph [REC-00005] AGENT=risk OUT in 4998ms level=Crítico rag_chunks=4
2026-04-28 06:40:39,821 INFO graph [REC-00005] AGENT=report IN
2026-04-28 06:40:39,822 INFO graph [REC-00005] AGENT=report OUT in 1ms
2026-04-28 06:40:39,822 INFO graph [REC-00005] AGENT=guardrail_output IN
2026-04-28 06:40:40,577 INFO agent.risk risk usou 4 trechos da política (top-k=4)
2026-04-28 06:40:40,577 INFO graph [REC-00003] AGENT=risk OUT in 5755ms level=Alto rag_chunks=4
2026-04-28 06:40:40,578 INFO graph [REC-00003] AGENT=report IN
2026-04-28 06:40:40,578 INFO graph [REC-00003] AGENT=report OUT in 0ms
2026-04-28 06:40:40,579 INFO graph [REC-00003] AGENT=guardrail_output IN
2026-04-28 06:40:40,611 WARNING agent.guardrail guardrail OUTPUT bloqueou campo=risk_justification — usando regex como fallback
2026-04-28 06:40:40,611 INFO graph [REC-00001] AGENT=guardrail_output OUT in 1307ms
2026-04-28 06:40:40,612 INFO graph [REC-00001] GRAPH END timings={'guardrail_input': 1436, 'triage': 1966, 'risk': 4728, 'report': 0, 'guardrail_output': 1307}
2026-04-28 06:40:40,613 INFO graph [REC-00007] GRAPH START
2026-04-28 06:40:40,615 INFO graph [REC-00007] AGENT=guardrail_input IN text_len=422
2026-04-28 06:40:40,625 INFO agent.risk risk usou 4 trechos da política (top-k=4)
2026-04-28 06:40:40,625 INFO graph [REC-00002] AGENT=risk OUT in 5825ms level=Alto rag_chunks=4
2026-04-28 06:40:40,626 INFO graph [REC-00002] AGENT=report IN
2026-04-28 06:40:40,626 INFO graph [REC-00002] AGENT=report OUT in 0ms
2026-04-28 06:40:40,626 INFO graph [REC-00002] AGENT=guardrail_output IN
2026-04-28 06:40:40,979 WARNING agent.guardrail guardrail OUTPUT bloqueou campo=risk_justification — usando regex como fallback
2026-04-28 06:40:40,979 INFO graph [REC-00005] AGENT=guardrail_output OUT in 1157ms
2026-04-28 06:40:40,980 INFO graph [REC-00005] GRAPH END timings={'guardrail_input': 1439, 'triage': 2167, 'risk': 4998, 'report': 1, 'guardrail_output': 1157}
2026-04-28 06:40:40,980 INFO graph [REC-00008] GRAPH START
2026-04-28 06:40:40,982 INFO graph [REC-00008] AGENT=guardrail_input IN text_len=616
2026-04-28 06:40:41,239 INFO agent.guardrail guardrail INPUT action=GUARDRAIL_INTERVENED
2026-04-28 06:40:41,239 INFO graph [REC-00007] AGENT=guardrail_input OUT in 624ms blocked=True reason=bedrock_guardrail
2026-04-28 06:40:41,240 INFO graph [REC-00007] GRAPH END timings={'guardrail_input': 624}
2026-04-28 06:40:41,240 WARNING app [REC-00007] bloqueada pelo guardrail
2026-04-28 06:40:41,240 INFO graph [REC-00009] GRAPH START
2026-04-28 06:40:41,241 INFO graph [REC-00009] AGENT=guardrail_input IN text_len=471
2026-04-28 06:40:41,466 INFO agent.risk risk usou 4 trechos da política (top-k=4)
2026-04-28 06:40:41,466 INFO graph [REC-00006] AGENT=risk OUT in 6164ms level=Crítico rag_chunks=4
2026-04-28 06:40:41,466 INFO graph [REC-00006] AGENT=report IN
2026-04-28 06:40:41,467 INFO graph [REC-00006] AGENT=report OUT in 1ms
2026-04-28 06:40:41,467 INFO graph [REC-00006] AGENT=guardrail_output IN
2026-04-28 06:40:41,562 INFO agent.guardrail guardrail INPUT action=NONE
2026-04-28 06:40:41,562 INFO graph [REC-00008] AGENT=guardrail_input OUT in 580ms blocked=False reason=None
2026-04-28 06:40:41,563 INFO graph [REC-00008] AGENT=triage IN text_len=616 product_hint=Conta Corrente
2026-04-28 06:40:41,758 WARNING agent.guardrail guardrail OUTPUT bloqueou campo=risk_justification — usando regex como fallback
2026-04-28 06:40:41,758 INFO graph [REC-00002] AGENT=guardrail_output OUT in 1132ms
2026-04-28 06:40:41,759 INFO graph [REC-00002] GRAPH END timings={'guardrail_input': 1450, 'triage': 2166, 'risk': 5825, 'report': 0, 'guardrail_output': 1132}
2026-04-28 06:40:41,759 INFO graph [REC-00010] GRAPH START
2026-04-28 06:40:41,760 INFO graph [REC-00010] AGENT=guardrail_input IN text_len=592
2026-04-28 06:40:41,761 WARNING agent.guardrail guardrail OUTPUT bloqueou campo=risk_justification — usando regex como fallback
2026-04-28 06:40:41,762 INFO graph [REC-00003] AGENT=guardrail_output OUT in 1183ms
2026-04-28 06:40:41,765 INFO graph [REC-00003] GRAPH END timings={'guardrail_input': 1415, 'triage': 2221, 'risk': 5755, 'report': 0, 'guardrail_output': 1183}
2026-04-28 06:40:41,765 INFO graph [REC-00011] GRAPH START
2026-04-28 06:40:41,766 INFO graph [REC-00011] AGENT=guardrail_input IN text_len=566
2026-04-28 06:40:41,816 INFO agent.guardrail guardrail INPUT action=NONE
2026-04-28 06:40:41,817 INFO graph [REC-00009] AGENT=guardrail_input OUT in 575ms blocked=False reason=None
2026-04-28 06:40:41,818 INFO graph [REC-00009] AGENT=triage IN text_len=471 product_hint=Investimentos
2026-04-28 06:40:42,348 INFO agent.guardrail guardrail INPUT action=NONE
2026-04-28 06:40:42,349 INFO graph [REC-00010] AGENT=guardrail_input OUT in 589ms blocked=False reason=None
2026-04-28 06:40:42,349 INFO graph [REC-00010] AGENT=triage IN text_len=592 product_hint=Conta Corrente
2026-04-28 06:40:42,394 INFO agent.guardrail guardrail INPUT action=NONE
2026-04-28 06:40:42,394 INFO graph [REC-00011] AGENT=guardrail_input OUT in 628ms blocked=False reason=None
2026-04-28 06:40:42,395 INFO graph [REC-00011] AGENT=triage IN text_len=566 product_hint=Investimentos
2026-04-28 06:40:42,666 WARNING agent.guardrail guardrail OUTPUT bloqueou campo=risk_justification — usando regex como fallback
2026-04-28 06:40:42,667 INFO graph [REC-00006] AGENT=guardrail_output OUT in 1200ms
2026-04-28 06:40:42,667 INFO graph [REC-00006] GRAPH END timings={'guardrail_input': 587, 'triage': 2123, 'risk': 6164, 'report': 1, 'guardrail_output': 1200}
2026-04-28 06:40:42,668 INFO graph [REC-00012] GRAPH START
2026-04-28 06:40:42,668 INFO graph [REC-00012] AGENT=guardrail_input IN text_len=643
2026-04-28 06:40:43,258 INFO agent.guardrail guardrail INPUT action=NONE
2026-04-28 06:40:43,259 INFO graph [REC-00012] AGENT=guardrail_input OUT in 591ms blocked=False reason=None
2026-04-28 06:40:43,260 INFO graph [REC-00012] AGENT=triage IN text_len=643 product_hint=Cartão de Crédito
2026-04-28 06:40:43,887 INFO graph [REC-00008] AGENT=triage OUT in 2324ms category=Cobrança Indevida product=Conta Corrente urgency=Crítica
2026-04-28 06:40:43,888 INFO graph [REC-00008] AGENT=risk IN triage_keys=['category', 'product', 'sentiment', 'urgency', 'summary']
2026-04-28 06:40:44,255 INFO graph [REC-00009] AGENT=triage OUT in 2437ms category=Cobrança Indevida product=Investimentos urgency=Média
2026-04-28 06:40:44,256 INFO graph [REC-00009] AGENT=risk IN triage_keys=['category', 'product', 'sentiment', 'urgency', 'summary']
2026-04-28 06:40:44,425 INFO graph [REC-00011] AGENT=triage OUT in 2030ms category=Cobrança Indevida product=Investimentos urgency=Crítica
2026-04-28 06:40:44,426 INFO graph [REC-00011] AGENT=risk IN triage_keys=['category', 'product', 'sentiment', 'urgency', 'summary']
2026-04-28 06:40:44,842 INFO graph [REC-00010] AGENT=triage OUT in 2493ms category=Produto/Serviço product=Conta Corrente urgency=Alta
2026-04-28 06:40:44,842 INFO graph [REC-00010] AGENT=risk IN triage_keys=['category', 'product', 'sentiment', 'urgency', 'summary']
2026-04-28 06:40:45,291 INFO graph [REC-00012] AGENT=triage OUT in 2031ms category=Cobrança Indevida product=Cartão de Crédito urgency=Média
2026-04-28 06:40:45,291 INFO graph [REC-00012] AGENT=risk IN triage_keys=['category', 'product', 'sentiment', 'urgency', 'summary']
2026-04-28 06:40:48,888 INFO agent.risk risk usou 4 trechos da política (top-k=4)
2026-04-28 06:40:48,888 INFO graph [REC-00009] AGENT=risk OUT in 4632ms level=Médio rag_chunks=4
2026-04-28 06:40:48,889 INFO graph [REC-00009] AGENT=report IN
2026-04-28 06:40:48,889 INFO graph [REC-00009] AGENT=report OUT in 0ms
2026-04-28 06:40:48,890 INFO graph [REC-00009] AGENT=guardrail_output IN
2026-04-28 06:40:49,620 INFO agent.risk risk usou 4 trechos da política (top-k=4)
2026-04-28 06:40:49,620 INFO graph [REC-00008] AGENT=risk OUT in 5732ms level=Alto rag_chunks=4
2026-04-28 06:40:49,621 INFO graph [REC-00008] AGENT=report IN
2026-04-28 06:40:49,621 INFO graph [REC-00008] AGENT=report OUT in 0ms
2026-04-28 06:40:49,622 INFO graph [REC-00008] AGENT=guardrail_output IN
2026-04-28 06:40:50,098 WARNING agent.guardrail guardrail OUTPUT bloqueou campo=risk_justification — usando regex como fallback
2026-04-28 06:40:50,098 INFO graph [REC-00009] AGENT=guardrail_output OUT in 1208ms
2026-04-28 06:40:50,098 INFO graph [REC-00009] GRAPH END timings={'guardrail_input': 575, 'triage': 2437, 'risk': 4632, 'report': 0, 'guardrail_output': 1208}
2026-04-28 06:40:50,098 INFO graph [REC-00013] GRAPH START
2026-04-28 06:40:50,099 INFO graph [REC-00013] AGENT=guardrail_input IN text_len=413
2026-04-28 06:40:50,326 INFO agent.risk risk usou 4 trechos da política (top-k=4)
2026-04-28 06:40:50,326 INFO graph [REC-00010] AGENT=risk OUT in 5484ms level=Alto rag_chunks=4
2026-04-28 06:40:50,327 INFO graph [REC-00010] AGENT=report IN
2026-04-28 06:40:50,327 INFO graph [REC-00010] AGENT=report OUT in 0ms
2026-04-28 06:40:50,328 INFO graph [REC-00010] AGENT=guardrail_output IN
2026-04-28 06:40:50,468 INFO agent.risk risk usou 4 trechos da política (top-k=4)
2026-04-28 06:40:50,468 INFO graph [REC-00011] AGENT=risk OUT in 6042ms level=Alto rag_chunks=4
2026-04-28 06:40:50,468 INFO graph [REC-00011] AGENT=report IN
2026-04-28 06:40:50,468 INFO graph [REC-00011] AGENT=report OUT in 0ms
2026-04-28 06:40:50,469 INFO graph [REC-00011] AGENT=guardrail_output IN
2026-04-28 06:40:50,598 INFO agent.risk risk usou 4 trechos da política (top-k=4)
2026-04-28 06:40:50,598 INFO graph [REC-00012] AGENT=risk OUT in 5307ms level=Médio rag_chunks=4
2026-04-28 06:40:50,599 INFO graph [REC-00012] AGENT=report IN
2026-04-28 06:40:50,599 INFO graph [REC-00012] AGENT=report OUT in 0ms
2026-04-28 06:40:50,600 INFO graph [REC-00012] AGENT=guardrail_output IN
2026-04-28 06:40:50,683 INFO agent.guardrail guardrail INPUT action=NONE
2026-04-28 06:40:50,683 INFO graph [REC-00013] AGENT=guardrail_input OUT in 584ms blocked=False reason=None
2026-04-28 06:40:50,684 INFO graph [REC-00013] AGENT=triage IN text_len=413 product_hint=None
2026-04-28 06:40:50,756 WARNING agent.guardrail guardrail OUTPUT bloqueou campo=risk_justification — usando regex como fallback
2026-04-28 06:40:50,756 INFO graph [REC-00008] AGENT=guardrail_output OUT in 1135ms
2026-04-28 06:40:50,757 INFO graph [REC-00008] GRAPH END timings={'guardrail_input': 580, 'triage': 2324, 'risk': 5732, 'report': 0, 'guardrail_output': 1135}
2026-04-28 06:40:50,757 INFO graph [REC-00014] GRAPH START
2026-04-28 06:40:50,759 INFO graph [REC-00014] AGENT=guardrail_input IN text_len=542
2026-04-28 06:40:51,044 WARNING agent.guardrail guardrail OUTPUT bloqueou campo=summary — usando regex como fallback
2026-04-28 06:40:51,337 INFO agent.guardrail guardrail INPUT action=GUARDRAIL_INTERVENED
2026-04-28 06:40:51,338 INFO graph [REC-00014] AGENT=guardrail_input OUT in 579ms blocked=True reason=bedrock_guardrail
2026-04-28 06:40:51,339 INFO graph [REC-00014] GRAPH END timings={'guardrail_input': 579}
2026-04-28 06:40:51,339 WARNING app [REC-00014] bloqueada pelo guardrail
2026-04-28 06:40:51,339 INFO graph [REC-00015] GRAPH START
2026-04-28 06:40:51,340 INFO graph [REC-00015] AGENT=guardrail_input IN text_len=710
2026-04-28 06:40:51,453 INFO graph [REC-00010] AGENT=guardrail_output OUT in 1125ms
2026-04-28 06:40:51,453 INFO graph [REC-00010] GRAPH END timings={'guardrail_input': 589, 'triage': 2493, 'risk': 5484, 'report': 0, 'guardrail_output': 1125}
2026-04-28 06:40:51,453 INFO graph [REC-00016] GRAPH START
2026-04-28 06:40:51,454 INFO graph [REC-00016] AGENT=guardrail_input IN text_len=378
2026-04-28 06:40:51,620 WARNING agent.guardrail guardrail OUTPUT bloqueou campo=risk_justification — usando regex como fallback
2026-04-28 06:40:51,620 INFO graph [REC-00011] AGENT=guardrail_output OUT in 1151ms
2026-04-28 06:40:51,620 INFO graph [REC-00011] GRAPH END timings={'guardrail_input': 628, 'triage': 2030, 'risk': 6042, 'report': 0, 'guardrail_output': 1151}
2026-04-28 06:40:51,620 INFO graph [REC-00017] GRAPH START
2026-04-28 06:40:51,621 INFO graph [REC-00017] AGENT=guardrail_input IN text_len=527
2026-04-28 06:40:51,757 INFO graph [REC-00012] AGENT=guardrail_output OUT in 1157ms
2026-04-28 06:40:51,757 INFO graph [REC-00012] GRAPH END timings={'guardrail_input': 591, 'triage': 2031, 'risk': 5307, 'report': 0, 'guardrail_output': 1157}
2026-04-28 06:40:51,758 INFO graph [REC-00018] GRAPH START
2026-04-28 06:40:51,759 INFO graph [REC-00018] AGENT=guardrail_input IN text_len=421
2026-04-28 06:40:51,926 INFO agent.guardrail guardrail INPUT action=NONE
2026-04-28 06:40:51,926 INFO graph [REC-00015] AGENT=guardrail_input OUT in 586ms blocked=False reason=None
2026-04-28 06:40:51,927 INFO graph [REC-00015] AGENT=triage IN text_len=710 product_hint=Conta Corrente
2026-04-28 06:40:52,042 INFO agent.guardrail guardrail INPUT action=GUARDRAIL_INTERVENED
2026-04-28 06:40:52,042 INFO graph [REC-00016] AGENT=guardrail_input OUT in 588ms blocked=True reason=bedrock_guardrail
2026-04-28 06:40:52,043 INFO graph [REC-00016] GRAPH END timings={'guardrail_input': 588}
2026-04-28 06:40:52,044 WARNING app [REC-00016] bloqueada pelo guardrail
2026-04-28 06:40:52,044 INFO graph [REC-00019] GRAPH START
2026-04-28 06:40:52,046 INFO graph [REC-00019] AGENT=guardrail_input IN text_len=435
2026-04-28 06:40:52,173 INFO agent.guardrail guardrail INPUT action=GUARDRAIL_INTERVENED
2026-04-28 06:40:52,173 INFO graph [REC-00017] AGENT=guardrail_input OUT in 552ms blocked=True reason=bedrock_guardrail
2026-04-28 06:40:52,174 INFO graph [REC-00017] GRAPH END timings={'guardrail_input': 552}
2026-04-28 06:40:52,174 WARNING app [REC-00017] bloqueada pelo guardrail
2026-04-28 06:40:52,174 INFO graph [REC-00020] GRAPH START
2026-04-28 06:40:52,175 INFO graph [REC-00020] AGENT=guardrail_input IN text_len=412
2026-04-28 06:40:52,346 INFO agent.guardrail guardrail INPUT action=NONE
2026-04-28 06:40:52,346 INFO graph [REC-00018] AGENT=guardrail_input OUT in 587ms blocked=False reason=None
2026-04-28 06:40:52,347 INFO graph [REC-00018] AGENT=triage IN text_len=421 product_hint=None
2026-04-28 06:40:52,602 INFO agent.guardrail guardrail INPUT action=NONE
2026-04-28 06:40:52,602 INFO graph [REC-00019] AGENT=guardrail_input OUT in 556ms blocked=False reason=None
2026-04-28 06:40:52,603 INFO graph [REC-00019] AGENT=triage IN text_len=435 product_hint=None
2026-04-28 06:40:52,782 INFO agent.guardrail guardrail INPUT action=GUARDRAIL_INTERVENED
2026-04-28 06:40:52,782 INFO graph [REC-00020] AGENT=guardrail_input OUT in 607ms blocked=True reason=bedrock_guardrail
2026-04-28 06:40:52,783 INFO graph [REC-00020] GRAPH END timings={'guardrail_input': 607}
2026-04-28 06:40:52,783 WARNING app [REC-00020] bloqueada pelo guardrail
2026-04-28 06:40:52,783 INFO graph [REC-00021] GRAPH START
2026-04-28 06:40:52,784 INFO graph [REC-00021] AGENT=guardrail_input IN text_len=421
2026-04-28 06:40:52,880 INFO graph [REC-00013] AGENT=triage OUT in 2196ms category=Cancelamento product=Conta Corrente urgency=Média
2026-04-28 06:40:52,880 INFO graph [REC-00013] AGENT=risk IN triage_keys=['category', 'product', 'sentiment', 'urgency', 'summary']
2026-04-28 06:40:53,357 INFO agent.guardrail guardrail INPUT action=GUARDRAIL_INTERVENED
2026-04-28 06:40:53,358 INFO graph [REC-00021] AGENT=guardrail_input OUT in 574ms blocked=True reason=bedrock_guardrail
2026-04-28 06:40:53,359 INFO graph [REC-00021] GRAPH END timings={'guardrail_input': 574}
2026-04-28 06:40:53,360 WARNING app [REC-00021] bloqueada pelo guardrail
2026-04-28 06:40:53,360 INFO graph [REC-00022] GRAPH START
2026-04-28 06:40:53,361 INFO graph [REC-00022] AGENT=guardrail_input IN text_len=615
2026-04-28 06:40:54,021 INFO agent.guardrail guardrail INPUT action=NONE
2026-04-28 06:40:54,022 INFO graph [REC-00022] AGENT=guardrail_input OUT in 661ms blocked=False reason=None
2026-04-28 06:40:54,023 INFO graph [REC-00022] AGENT=triage IN text_len=615 product_hint=Conta Corrente
2026-04-28 06:40:54,051 INFO graph [REC-00015] AGENT=triage OUT in 2124ms category=Atendimento product=Conta Corrente urgency=Crítica
2026-04-28 06:40:54,051 INFO graph [REC-00015] AGENT=risk IN triage_keys=['category', 'product', 'sentiment', 'urgency', 'summary']
2026-04-28 06:40:54,617 INFO graph [REC-00018] AGENT=triage OUT in 2270ms category=Outros product=Não Identificado urgency=Crítica
2026-04-28 06:40:54,618 INFO graph [REC-00018] AGENT=risk IN triage_keys=['category', 'product', 'sentiment', 'urgency', 'summary']
2026-04-28 06:40:58,256 INFO agent.risk risk usou 4 trechos da política (top-k=4)
2026-04-28 06:40:58,256 INFO graph [REC-00013] AGENT=risk OUT in 5376ms level=Médio rag_chunks=4
2026-04-28 06:40:58,257 INFO graph [REC-00013] AGENT=report IN
2026-04-28 06:40:58,257 INFO graph [REC-00013] AGENT=report OUT in 0ms
2026-04-28 06:40:58,258 INFO graph [REC-00013] AGENT=guardrail_output IN
2026-04-28 06:40:59,020 INFO agent.risk risk usou 4 trechos da política (top-k=4)
2026-04-28 06:40:59,020 INFO graph [REC-00015] AGENT=risk OUT in 4969ms level=Crítico rag_chunks=4
2026-04-28 06:40:59,021 INFO graph [REC-00015] AGENT=report IN
2026-04-28 06:40:59,021 INFO graph [REC-00015] AGENT=report OUT in 0ms
2026-04-28 06:40:59,021 INFO graph [REC-00015] AGENT=guardrail_output IN
2026-04-28 06:40:59,436 INFO agent.risk risk usou 4 trechos da política (top-k=4)
2026-04-28 06:40:59,437 INFO graph [REC-00018] AGENT=risk OUT in 4819ms level=Crítico rag_chunks=4
2026-04-28 06:40:59,438 INFO graph [REC-00018] AGENT=report IN
2026-04-28 06:40:59,438 INFO graph [REC-00018] AGENT=report OUT in 0ms
2026-04-28 06:40:59,438 INFO graph [REC-00018] AGENT=guardrail_output IN
2026-04-28 06:40:59,476 WARNING agent.guardrail guardrail OUTPUT bloqueou campo=risk_justification — usando regex como fallback
2026-04-28 06:40:59,476 INFO graph [REC-00013] AGENT=guardrail_output OUT in 1218ms
2026-04-28 06:40:59,476 INFO graph [REC-00013] GRAPH END timings={'guardrail_input': 584, 'triage': 2196, 'risk': 5376, 'report': 0, 'guardrail_output': 1218}
2026-04-28 06:40:59,477 INFO graph [REC-00023] GRAPH START
2026-04-28 06:40:59,477 INFO graph [REC-00023] AGENT=guardrail_input IN text_len=670
2026-04-28 06:40:59,542 INFO graph [REC-00022] AGENT=triage OUT in 5519ms category=Fraude/Segurança product=Conta Corrente urgency=Crítica
2026-04-28 06:40:59,543 INFO graph [REC-00022] AGENT=risk IN triage_keys=['category', 'product', 'sentiment', 'urgency', 'summary']
2026-04-28 06:41:00,037 INFO agent.guardrail guardrail INPUT action=NONE
2026-04-28 06:41:00,037 INFO graph [REC-00023] AGENT=guardrail_input OUT in 560ms blocked=False reason=None
2026-04-28 06:41:00,038 INFO graph [REC-00023] AGENT=triage IN text_len=670 product_hint=Empréstimo
2026-04-28 06:41:00,041 WARNING agent.guardrail guardrail OUTPUT bloqueou campo=summary — usando regex como fallback
2026-04-28 06:41:00,296 INFO graph [REC-00015] AGENT=guardrail_output OUT in 1275ms
2026-04-28 06:41:00,297 INFO graph [REC-00015] GRAPH END timings={'guardrail_input': 586, 'triage': 2124, 'risk': 4969, 'report': 0, 'guardrail_output': 1275}
2026-04-28 06:41:00,297 INFO graph [REC-00024] GRAPH START
2026-04-28 06:41:00,298 INFO graph [REC-00024] AGENT=guardrail_input IN text_len=513
2026-04-28 06:41:00,623 WARNING agent.guardrail guardrail OUTPUT bloqueou campo=risk_justification — usando regex como fallback
2026-04-28 06:41:00,623 INFO graph [REC-00018] AGENT=guardrail_output OUT in 1185ms
2026-04-28 06:41:00,624 INFO graph [REC-00018] GRAPH END timings={'guardrail_input': 587, 'triage': 2270, 'risk': 4819, 'report': 0, 'guardrail_output': 1185}
2026-04-28 06:41:00,624 INFO graph [REC-00025] GRAPH START
2026-04-28 06:41:00,626 INFO graph [REC-00025] AGENT=guardrail_input IN text_len=524
2026-04-28 06:41:00,870 INFO agent.guardrail guardrail INPUT action=NONE
2026-04-28 06:41:00,870 INFO graph [REC-00024] AGENT=guardrail_input OUT in 572ms blocked=False reason=None
2026-04-28 06:41:00,871 INFO graph [REC-00024] AGENT=triage IN text_len=513 product_hint=None
2026-04-28 06:41:01,210 INFO agent.guardrail guardrail INPUT action=NONE
2026-04-28 06:41:01,210 INFO graph [REC-00025] AGENT=guardrail_input OUT in 584ms blocked=False reason=None
2026-04-28 06:41:01,211 INFO graph [REC-00025] AGENT=triage IN text_len=524 product_hint=Investimentos
2026-04-28 06:41:04,851 INFO graph [REC-00019] AGENT=triage OUT in 12248ms category=Outros product=Não Identificado urgency=Baixa
2026-04-28 06:41:04,852 INFO graph [REC-00019] AGENT=risk IN triage_keys=['category', 'product', 'sentiment', 'urgency', 'summary']
2026-04-28 06:41:05,410 INFO agent.risk risk usou 4 trechos da política (top-k=4)
2026-04-28 06:41:05,410 INFO graph [REC-00022] AGENT=risk OUT in 5867ms level=Crítico rag_chunks=4
2026-04-28 06:41:05,411 INFO graph [REC-00022] AGENT=report IN
2026-04-28 06:41:05,412 INFO graph [REC-00022] AGENT=report OUT in 1ms
2026-04-28 06:41:05,412 INFO graph [REC-00022] AGENT=guardrail_output IN
2026-04-28 06:41:06,656 WARNING app [REC-00025] tentativa 1/3 falhou — retry em 1s: An error occurred (ThrottlingException) when calling the InvokeModel operation (reached max retries: 4): Too many requests, please wait before trying again.
2026-04-28 06:41:06,923 INFO graph [REC-00022] AGENT=guardrail_output OUT in 1511ms
2026-04-28 06:41:06,924 INFO graph [REC-00022] GRAPH END timings={'guardrail_input': 661, 'triage': 5519, 'risk': 5867, 'report': 1, 'guardrail_output': 1511}
2026-04-28 06:41:06,925 INFO graph [REC-00026] GRAPH START
2026-04-28 06:41:06,927 INFO graph [REC-00026] AGENT=guardrail_input IN text_len=662
2026-04-28 06:41:07,506 INFO agent.guardrail guardrail INPUT action=NONE
2026-04-28 06:41:07,506 INFO graph [REC-00026] AGENT=guardrail_input OUT in 580ms blocked=False reason=None
2026-04-28 06:41:07,506 INFO graph [REC-00026] AGENT=triage IN text_len=662 product_hint=Investimentos
2026-04-28 06:41:07,657 INFO graph [REC-00025] GRAPH START
2026-04-28 06:41:07,658 INFO graph [REC-00025] AGENT=guardrail_input IN text_len=524
2026-04-28 06:41:08,268 INFO agent.guardrail guardrail INPUT action=NONE
2026-04-28 06:41:08,269 INFO graph [REC-00025] AGENT=guardrail_input OUT in 611ms blocked=False reason=None
2026-04-28 06:41:08,270 INFO graph [REC-00025] AGENT=triage IN text_len=524 product_hint=Investimentos
2026-04-28 06:41:09,875 WARNING app [REC-00023] tentativa 1/3 falhou — retry em 1s: An error occurred (ThrottlingException) when calling the InvokeModel operation (reached max retries: 4): Too many requests, please wait before trying again.
2026-04-28 06:41:10,876 INFO graph [REC-00023] GRAPH START
2026-04-28 06:41:10,878 INFO graph [REC-00023] AGENT=guardrail_input IN text_len=670
2026-04-28 06:41:11,057 INFO graph [REC-00025] AGENT=triage OUT in 2786ms category=Cobrança Indevida product=Investimentos urgency=Média
2026-04-28 06:41:11,057 INFO graph [REC-00025] AGENT=risk IN triage_keys=['category', 'product', 'sentiment', 'urgency', 'summary']
2026-04-28 06:41:11,517 INFO agent.guardrail guardrail INPUT action=NONE
2026-04-28 06:41:11,517 INFO graph [REC-00023] AGENT=guardrail_input OUT in 639ms blocked=False reason=None
2026-04-28 06:41:11,518 INFO graph [REC-00023] AGENT=triage IN text_len=670 product_hint=Empréstimo
2026-04-28 06:41:11,990 WARNING app [REC-00024] tentativa 1/3 falhou — retry em 1s: An error occurred (ThrottlingException) when calling the InvokeModel operation (reached max retries: 4): Too many requests, please wait before trying again.
2026-04-28 06:41:12,586 WARNING app [REC-00026] tentativa 1/3 falhou — retry em 1s: An error occurred (ThrottlingException) when calling the InvokeModel operation (reached max retries: 4): Too many requests, please wait before trying again.
2026-04-28 06:41:12,990 INFO graph [REC-00024] GRAPH START
2026-04-28 06:41:12,991 INFO graph [REC-00024] AGENT=guardrail_input IN text_len=513
2026-04-28 06:41:13,170 INFO agent.risk risk usou 4 trechos da política (top-k=4)
2026-04-28 06:41:13,170 INFO graph [REC-00019] AGENT=risk OUT in 8318ms level=Crítico rag_chunks=4
2026-04-28 06:41:13,171 INFO graph [REC-00019] AGENT=report IN
2026-04-28 06:41:13,171 INFO graph [REC-00019] AGENT=report OUT in 0ms
2026-04-28 06:41:13,171 INFO graph [REC-00019] AGENT=guardrail_output IN
2026-04-28 06:41:13,587 INFO graph [REC-00026] GRAPH START
2026-04-28 06:41:13,589 INFO graph [REC-00026] AGENT=guardrail_input IN text_len=662
2026-04-28 06:41:13,599 INFO agent.guardrail guardrail INPUT action=NONE
2026-04-28 06:41:13,599 INFO graph [REC-00024] AGENT=guardrail_input OUT in 608ms blocked=False reason=None
2026-04-28 06:41:13,601 INFO graph [REC-00024] AGENT=triage IN text_len=513 product_hint=None
2026-04-28 06:41:13,739 WARNING agent.guardrail guardrail OUTPUT bloqueou campo=summary — usando regex como fallback
2026-04-28 06:41:14,182 INFO agent.guardrail guardrail INPUT action=NONE
2026-04-28 06:41:14,182 INFO graph [REC-00026] AGENT=guardrail_input OUT in 593ms blocked=False reason=None
2026-04-28 06:41:14,184 INFO graph [REC-00026] AGENT=triage IN text_len=662 product_hint=Investimentos
2026-04-28 06:41:14,297 WARNING agent.guardrail guardrail OUTPUT bloqueou campo=risk_justification — usando regex como fallback
2026-04-28 06:41:14,297 INFO graph [REC-00019] AGENT=guardrail_output OUT in 1126ms
2026-04-28 06:41:14,298 INFO graph [REC-00019] GRAPH END timings={'guardrail_input': 556, 'triage': 12248, 'risk': 8318, 'report': 0, 'guardrail_output': 1126}
2026-04-28 06:41:14,299 INFO graph [REC-00027] GRAPH START
2026-04-28 06:41:14,301 INFO graph [REC-00027] AGENT=guardrail_input IN text_len=719
2026-04-28 06:41:14,886 INFO agent.guardrail guardrail INPUT action=NONE
2026-04-28 06:41:14,886 INFO graph [REC-00027] AGENT=guardrail_input OUT in 586ms blocked=False reason=None
2026-04-28 06:41:14,887 INFO graph [REC-00027] AGENT=triage IN text_len=719 product_hint=Cartão de Crédito
2026-04-28 06:41:16,487 INFO agent.risk risk usou 4 trechos da política (top-k=4)
2026-04-28 06:41:16,487 INFO graph [REC-00025] AGENT=risk OUT in 5430ms level=Médio rag_chunks=4
2026-04-28 06:41:16,488 INFO graph [REC-00025] AGENT=report IN
2026-04-28 06:41:16,488 INFO graph [REC-00025] AGENT=report OUT in 0ms
2026-04-28 06:41:16,488 INFO graph [REC-00025] AGENT=guardrail_output IN
2026-04-28 06:41:16,724 INFO graph [REC-00026] AGENT=triage OUT in 2540ms category=Cobrança Indevida product=Investimentos urgency=Alta
2026-04-28 06:41:16,725 INFO graph [REC-00026] AGENT=risk IN triage_keys=['category', 'product', 'sentiment', 'urgency', 'summary']
2026-04-28 06:41:17,817 INFO graph [REC-00025] AGENT=guardrail_output OUT in 1329ms
2026-04-28 06:41:17,818 INFO graph [REC-00025] GRAPH END timings={'guardrail_input': 611, 'triage': 2786, 'risk': 5430, 'report': 0, 'guardrail_output': 1329}
2026-04-28 06:41:17,819 INFO graph [REC-00028] GRAPH START
2026-04-28 06:41:17,820 INFO graph [REC-00028] AGENT=guardrail_input IN text_len=678
2026-04-28 06:41:18,449 INFO agent.guardrail guardrail INPUT action=NONE
2026-04-28 06:41:18,450 INFO graph [REC-00028] AGENT=guardrail_input OUT in 630ms blocked=False reason=None
2026-04-28 06:41:18,451 INFO graph [REC-00028] AGENT=triage IN text_len=678 product_hint=Conta Corrente
2026-04-28 06:41:20,294 WARNING app [REC-00023] tentativa 2/3 falhou — retry em 2s: An error occurred (ThrottlingException) when calling the InvokeModel operation (reached max retries: 4): Too many requests, please wait before trying again.
2026-04-28 06:41:22,232 INFO agent.risk risk usou 4 trechos da política (top-k=4)
2026-04-28 06:41:22,232 INFO graph [REC-00026] AGENT=risk OUT in 5507ms level=Alto rag_chunks=4
2026-04-28 06:41:22,233 INFO graph [REC-00026] AGENT=report IN
2026-04-28 06:41:22,233 INFO graph [REC-00026] AGENT=report OUT in 0ms
2026-04-28 06:41:22,233 INFO graph [REC-00026] AGENT=guardrail_output IN
2026-04-28 06:41:22,295 INFO graph [REC-00023] GRAPH START
2026-04-28 06:41:22,295 INFO graph [REC-00023] AGENT=guardrail_input IN text_len=670
2026-04-28 06:41:22,916 INFO agent.guardrail guardrail INPUT action=NONE
2026-04-28 06:41:22,917 INFO graph [REC-00023] AGENT=guardrail_input OUT in 622ms blocked=False reason=None
2026-04-28 06:41:22,918 INFO graph [REC-00023] AGENT=triage IN text_len=670 product_hint=Empréstimo
2026-04-28 06:41:23,555 WARNING agent.guardrail guardrail OUTPUT bloqueou campo=risk_justification — usando regex como fallback
2026-04-28 06:41:23,555 INFO graph [REC-00026] AGENT=guardrail_output OUT in 1322ms
2026-04-28 06:41:23,555 INFO graph [REC-00026] GRAPH END timings={'guardrail_input': 593, 'triage': 2540, 'risk': 5507, 'report': 0, 'guardrail_output': 1322}
2026-04-28 06:41:23,556 INFO graph [REC-00029] GRAPH START
2026-04-28 06:41:23,557 INFO graph [REC-00029] AGENT=guardrail_input IN text_len=608
2026-04-28 06:41:23,614 INFO graph [REC-00028] AGENT=triage OUT in 5163ms category=Cobrança Indevida product=Conta Corrente urgency=Crítica
2026-04-28 06:41:23,615 INFO graph [REC-00028] AGENT=risk IN triage_keys=['category', 'product', 'sentiment', 'urgency', 'summary']
2026-04-28 06:41:23,823 WARNING app [REC-00027] tentativa 1/3 falhou — retry em 1s: An error occurred (ThrottlingException) when calling the InvokeModel operation (reached max retries: 4): Too many requests, please wait before trying again.
2026-04-28 06:41:24,150 INFO agent.guardrail guardrail INPUT action=NONE
2026-04-28 06:41:24,150 INFO graph [REC-00029] AGENT=guardrail_input OUT in 593ms blocked=False reason=None
2026-04-28 06:41:24,151 INFO graph [REC-00029] AGENT=triage IN text_len=608 product_hint=Seguros
2026-04-28 06:41:24,824 INFO graph [REC-00027] GRAPH START
2026-04-28 06:41:24,826 INFO graph [REC-00027] AGENT=guardrail_input IN text_len=719
2026-04-28 06:41:25,441 INFO agent.guardrail guardrail INPUT action=NONE
2026-04-28 06:41:25,441 INFO graph [REC-00027] AGENT=guardrail_input OUT in 615ms blocked=False reason=None
2026-04-28 06:41:25,442 INFO graph [REC-00027] AGENT=triage IN text_len=719 product_hint=Cartão de Crédito
2026-04-28 06:41:25,868 WARNING app [REC-00024] tentativa 2/3 falhou — retry em 2s: An error occurred (ThrottlingException) when calling the InvokeModel operation (reached max retries: 4): Too many requests, please wait before trying again.
2026-04-28 06:41:27,868 INFO graph [REC-00024] GRAPH START
2026-04-28 06:41:27,869 INFO graph [REC-00024] AGENT=guardrail_input IN text_len=513
2026-04-28 06:41:28,484 INFO agent.guardrail guardrail INPUT action=NONE
2026-04-28 06:41:28,485 INFO graph [REC-00024] AGENT=guardrail_input OUT in 616ms blocked=False reason=None
2026-04-28 06:41:28,485 INFO graph [REC-00024] AGENT=triage IN text_len=513 product_hint=None
2026-04-28 06:41:28,603 INFO agent.risk risk usou 4 trechos da política (top-k=4)
2026-04-28 06:41:28,603 INFO graph [REC-00028] AGENT=risk OUT in 4988ms level=Crítico rag_chunks=4
2026-04-28 06:41:28,604 INFO graph [REC-00028] AGENT=report IN
2026-04-28 06:41:28,604 INFO graph [REC-00028] AGENT=report OUT in 0ms
2026-04-28 06:41:28,605 INFO graph [REC-00028] AGENT=guardrail_output IN
2026-04-28 06:41:29,242 WARNING agent.guardrail guardrail OUTPUT bloqueou campo=summary — usando regex como fallback
2026-04-28 06:41:29,792 INFO graph [REC-00028] AGENT=guardrail_output OUT in 1187ms
2026-04-28 06:41:29,793 INFO graph [REC-00028] GRAPH END timings={'guardrail_input': 630, 'triage': 5163, 'risk': 4988, 'report': 0, 'guardrail_output': 1187}
2026-04-28 06:41:29,793 INFO graph [REC-00030] GRAPH START
2026-04-28 06:41:29,794 INFO graph [REC-00030] AGENT=guardrail_input IN text_len=554
2026-04-28 06:41:30,002 INFO graph [REC-00027] AGENT=triage OUT in 4560ms category=Cobrança Indevida product=Cartão de Crédito urgency=Alta
2026-04-28 06:41:30,003 INFO graph [REC-00027] AGENT=risk IN triage_keys=['category', 'product', 'sentiment', 'urgency', 'summary']
2026-04-28 06:41:30,407 INFO agent.guardrail guardrail INPUT action=NONE
2026-04-28 06:41:30,407 INFO graph [REC-00030] AGENT=guardrail_input OUT in 613ms blocked=False reason=None
2026-04-28 06:41:30,408 INFO graph [REC-00030] AGENT=triage IN text_len=554 product_hint=Conta Corrente
2026-04-28 06:41:34,517 ERROR app [REC-00023] todas 3 tentativas falharam: An error occurred (ThrottlingException) when calling the InvokeModel operation (reached max retries: 4): Too many requests, please wait before trying again.
2026-04-28 06:41:34,517 WARNING app [REC-00023] throttling — agendado para próximo passe
2026-04-28 06:41:34,517 INFO graph [REC-00031] GRAPH START
2026-04-28 06:41:34,518 INFO graph [REC-00031] AGENT=guardrail_input IN text_len=481
2026-04-28 06:41:34,739 INFO agent.risk risk usou 4 trechos da política (top-k=4)
2026-04-28 06:41:34,739 INFO graph [REC-00027] AGENT=risk OUT in 4736ms level=Médio rag_chunks=4
2026-04-28 06:41:34,740 INFO graph [REC-00027] AGENT=report IN
2026-04-28 06:41:34,740 INFO graph [REC-00027] AGENT=report OUT in 0ms
2026-04-28 06:41:34,740 INFO graph [REC-00027] AGENT=guardrail_output IN
2026-04-28 06:41:35,105 ERROR app [REC-00024] todas 3 tentativas falharam: An error occurred (ThrottlingException) when calling the InvokeModel operation (reached max retries: 4): Too many requests, please wait before trying again.
2026-04-28 06:41:35,106 WARNING app [REC-00024] throttling — agendado para próximo passe
2026-04-28 06:41:35,106 INFO graph [REC-00032] GRAPH START
2026-04-28 06:41:35,106 INFO graph [REC-00032] AGENT=guardrail_input IN text_len=577
2026-04-28 06:41:35,137 INFO agent.guardrail guardrail INPUT action=NONE
2026-04-28 06:41:35,137 INFO graph [REC-00031] AGENT=guardrail_input OUT in 619ms blocked=False reason=None
2026-04-28 06:41:35,138 INFO graph [REC-00031] AGENT=triage IN text_len=481 product_hint=Conta Corrente
2026-04-28 06:41:35,382 INFO graph [REC-00029] AGENT=triage OUT in 11231ms category=Atendimento product=Seguros urgency=Alta
2026-04-28 06:41:35,382 INFO graph [REC-00029] AGENT=risk IN triage_keys=['category', 'product', 'sentiment', 'urgency', 'summary']
2026-04-28 06:41:35,689 INFO agent.guardrail guardrail INPUT action=NONE
2026-04-28 06:41:35,690 INFO graph [REC-00032] AGENT=guardrail_input OUT in 583ms blocked=False reason=None
2026-04-28 06:41:35,691 INFO graph [REC-00032] AGENT=triage IN text_len=577 product_hint=Cartão de Crédito
2026-04-28 06:41:35,930 WARNING agent.guardrail guardrail OUTPUT bloqueou campo=risk_justification — usando regex como fallback
2026-04-28 06:41:35,931 INFO graph [REC-00027] AGENT=guardrail_output OUT in 1191ms
2026-04-28 06:41:35,932 INFO graph [REC-00027] GRAPH END timings={'guardrail_input': 615, 'triage': 4560, 'risk': 4736, 'report': 0, 'guardrail_output': 1191}
2026-04-28 06:41:35,932 INFO graph [REC-00033] GRAPH START
2026-04-28 06:41:35,934 INFO graph [REC-00033] AGENT=guardrail_input IN text_len=652
2026-04-28 06:41:36,485 INFO agent.guardrail guardrail INPUT action=NONE
2026-04-28 06:41:36,485 INFO graph [REC-00033] AGENT=guardrail_input OUT in 551ms blocked=False reason=None
2026-04-28 06:41:36,486 INFO graph [REC-00033] AGENT=triage IN text_len=652 product_hint=None
2026-04-28 06:41:38,784 WARNING app [REC-00031] tentativa 1/3 falhou — retry em 1s: An error occurred (ThrottlingException) when calling the InvokeModel operation (reached max retries: 4): Too many requests, please wait before trying again.
2026-04-28 06:41:39,784 INFO graph [REC-00031] GRAPH START
2026-04-28 06:41:39,785 INFO graph [REC-00031] AGENT=guardrail_input IN text_len=481
2026-04-28 06:41:40,402 INFO agent.guardrail guardrail INPUT action=NONE
2026-04-28 06:41:40,403 INFO graph [REC-00031] AGENT=guardrail_input OUT in 618ms blocked=False reason=None
2026-04-28 06:41:40,404 INFO graph [REC-00031] AGENT=triage IN text_len=481 product_hint=Conta Corrente
2026-04-28 06:41:40,944 INFO agent.risk risk usou 4 trechos da política (top-k=4)
2026-04-28 06:41:40,944 INFO graph [REC-00029] AGENT=risk OUT in 5562ms level=Alto rag_chunks=4
2026-04-28 06:41:40,945 INFO graph [REC-00029] AGENT=report IN
2026-04-28 06:41:40,945 INFO graph [REC-00029] AGENT=report OUT in 0ms
2026-04-28 06:41:40,946 INFO graph [REC-00029] AGENT=guardrail_output IN
2026-04-28 06:41:41,038 INFO graph [REC-00033] AGENT=triage OUT in 4552ms category=Cobrança Indevida product=Conta Corrente urgency=Crítica
2026-04-28 06:41:41,039 INFO graph [REC-00033] AGENT=risk IN triage_keys=['category', 'product', 'sentiment', 'urgency', 'summary']
2026-04-28 06:41:42,058 WARNING app [REC-00030] tentativa 1/3 falhou — retry em 1s: An error occurred (ThrottlingException) when calling the InvokeModel operation (reached max retries: 4): Too many requests, please wait before trying again.
2026-04-28 06:41:42,138 WARNING agent.guardrail guardrail OUTPUT bloqueou campo=risk_justification — usando regex como fallback
2026-04-28 06:41:42,139 INFO graph [REC-00029] AGENT=guardrail_output OUT in 1193ms
2026-04-28 06:41:42,139 INFO graph [REC-00029] GRAPH END timings={'guardrail_input': 593, 'triage': 11231, 'risk': 5562, 'report': 0, 'guardrail_output': 1193}
2026-04-28 06:41:42,140 INFO graph [REC-00034] GRAPH START
2026-04-28 06:41:42,141 INFO graph [REC-00034] AGENT=guardrail_input IN text_len=632
2026-04-28 06:41:42,925 INFO agent.guardrail guardrail INPUT action=NONE
2026-04-28 06:41:42,926 INFO graph [REC-00034] AGENT=guardrail_input OUT in 785ms blocked=False reason=None
2026-04-28 06:41:42,927 INFO graph [REC-00034] AGENT=triage IN text_len=632 product_hint=Conta Corrente
2026-04-28 06:41:43,059 INFO graph [REC-00030] GRAPH START
2026-04-28 06:41:43,061 INFO graph [REC-00030] AGENT=guardrail_input IN text_len=554
2026-04-28 06:41:43,262 WARNING app [REC-00032] tentativa 1/3 falhou — retry em 1s: An error occurred (ThrottlingException) when calling the InvokeModel operation (reached max retries: 4): Too many requests, please wait before trying again.
2026-04-28 06:41:43,641 INFO agent.guardrail guardrail INPUT action=NONE
2026-04-28 06:41:43,642 INFO graph [REC-00030] AGENT=guardrail_input OUT in 581ms blocked=False reason=None
2026-04-28 06:41:43,642 INFO graph [REC-00030] AGENT=triage IN text_len=554 product_hint=Conta Corrente
2026-04-28 06:41:44,262 INFO graph [REC-00032] GRAPH START
2026-04-28 06:41:44,264 INFO graph [REC-00032] AGENT=guardrail_input IN text_len=577
2026-04-28 06:41:44,863 INFO agent.guardrail guardrail INPUT action=NONE
2026-04-28 06:41:44,863 INFO graph [REC-00032] AGENT=guardrail_input OUT in 599ms blocked=False reason=None
2026-04-28 06:41:44,864 INFO graph [REC-00032] AGENT=triage IN text_len=577 product_hint=Cartão de Crédito
2026-04-28 06:41:46,756 INFO graph [REC-00030] AGENT=triage OUT in 3114ms category=Atendimento product=Conta Corrente urgency=Crítica
2026-04-28 06:41:46,758 INFO graph [REC-00030] AGENT=risk IN triage_keys=['category', 'product', 'sentiment', 'urgency', 'summary']
2026-04-28 06:41:46,784 INFO agent.risk risk usou 4 trechos da política (top-k=4)
2026-04-28 06:41:46,784 INFO graph [REC-00033] AGENT=risk OUT in 5745ms level=Crítico rag_chunks=4
2026-04-28 06:41:46,785 INFO graph [REC-00033] AGENT=report IN
2026-04-28 06:41:46,785 INFO graph [REC-00033] AGENT=report OUT in 0ms
2026-04-28 06:41:46,786 INFO graph [REC-00033] AGENT=guardrail_output IN
2026-04-28 06:41:47,983 INFO graph [REC-00033] AGENT=guardrail_output OUT in 1197ms
2026-04-28 06:41:47,984 INFO graph [REC-00033] GRAPH END timings={'guardrail_input': 551, 'triage': 4552, 'risk': 5745, 'report': 0, 'guardrail_output': 1197}
2026-04-28 06:41:47,984 INFO graph [REC-00035] GRAPH START
2026-04-28 06:41:47,985 INFO graph [REC-00035] AGENT=guardrail_input IN text_len=733
2026-04-28 06:41:48,338 WARNING app [REC-00034] tentativa 1/3 falhou — retry em 1s: An error occurred (ThrottlingException) when calling the InvokeModel operation (reached max retries: 4): Too many requests, please wait before trying again.
2026-04-28 06:41:48,619 INFO agent.guardrail guardrail INPUT action=NONE
2026-04-28 06:41:48,619 INFO graph [REC-00035] AGENT=guardrail_input OUT in 634ms blocked=False reason=None
2026-04-28 06:41:48,620 INFO graph [REC-00035] AGENT=triage IN text_len=733 product_hint=Conta Corrente
2026-04-28 06:41:49,339 INFO graph [REC-00034] GRAPH START
2026-04-28 06:41:49,340 INFO graph [REC-00034] AGENT=guardrail_input IN text_len=632
2026-04-28 06:41:49,960 INFO agent.guardrail guardrail INPUT action=NONE
2026-04-28 06:41:49,960 INFO graph [REC-00034] AGENT=guardrail_input OUT in 620ms blocked=False reason=None
2026-04-28 06:41:49,961 INFO graph [REC-00034] AGENT=triage IN text_len=632 product_hint=Conta Corrente
2026-04-28 06:41:51,446 WARNING app [REC-00032] tentativa 2/3 falhou — retry em 2s: An error occurred (ThrottlingException) when calling the InvokeModel operation (reached max retries: 4): Too many requests, please wait before trying again.
2026-04-28 06:41:52,058 INFO agent.risk risk usou 4 trechos da política (top-k=4)
2026-04-28 06:41:52,058 INFO graph [REC-00030] AGENT=risk OUT in 5300ms level=Alto rag_chunks=4
2026-04-28 06:41:52,058 INFO graph [REC-00030] AGENT=report IN
2026-04-28 06:41:52,058 INFO graph [REC-00030] AGENT=report OUT in 0ms
2026-04-28 06:41:52,059 INFO graph [REC-00030] AGENT=guardrail_output IN
2026-04-28 06:41:52,416 INFO graph [REC-00031] AGENT=triage OUT in 12012ms category=Cobrança Indevida product=Conta Corrente urgency=Média
2026-04-28 06:41:52,417 INFO graph [REC-00031] AGENT=risk IN triage_keys=['category', 'product', 'sentiment', 'urgency', 'summary']
2026-04-28 06:41:53,446 INFO graph [REC-00032] GRAPH START
2026-04-28 06:41:53,447 INFO graph [REC-00032] AGENT=guardrail_input IN text_len=577
2026-04-28 06:41:53,676 INFO graph [REC-00030] AGENT=guardrail_output OUT in 1617ms
2026-04-28 06:41:53,676 INFO graph [REC-00030] GRAPH END timings={'guardrail_input': 581, 'triage': 3114, 'risk': 5300, 'report': 0, 'guardrail_output': 1617}
2026-04-28 06:41:53,677 INFO graph [REC-00036] GRAPH START
2026-04-28 06:41:53,677 INFO graph [REC-00036] AGENT=guardrail_input IN text_len=555
2026-04-28 06:41:54,316 INFO agent.guardrail guardrail INPUT action=NONE
2026-04-28 06:41:54,316 INFO graph [REC-00032] AGENT=guardrail_input OUT in 869ms blocked=False reason=None
2026-04-28 06:41:54,317 INFO graph [REC-00032] AGENT=triage IN text_len=577 product_hint=Cartão de Crédito
2026-04-28 06:41:54,566 WARNING app [REC-00035] tentativa 1/3 falhou — retry em 1s: An error occurred (ThrottlingException) when calling the InvokeModel operation (reached max retries: 4): Too many requests, please wait before trying again.
2026-04-28 06:41:54,800 INFO agent.guardrail guardrail INPUT action=NONE
2026-04-28 06:41:54,800 INFO graph [REC-00036] AGENT=guardrail_input OUT in 1123ms blocked=False reason=None
2026-04-28 06:41:54,800 INFO graph [REC-00036] AGENT=triage IN text_len=555 product_hint=None
2026-04-28 06:41:55,566 INFO graph [REC-00035] GRAPH START
2026-04-28 06:41:55,568 INFO graph [REC-00035] AGENT=guardrail_input IN text_len=733
2026-04-28 06:41:56,142 INFO agent.guardrail guardrail INPUT action=NONE
2026-04-28 06:41:56,142 INFO graph [REC-00035] AGENT=guardrail_input OUT in 575ms blocked=False reason=None
2026-04-28 06:41:56,142 INFO graph [REC-00035] AGENT=triage IN text_len=733 product_hint=Conta Corrente
2026-04-28 06:41:57,218 WARNING app [REC-00034] tentativa 2/3 falhou — retry em 2s: An error occurred (ThrottlingException) when calling the InvokeModel operation (reached max retries: 4): Too many requests, please wait before trying again.
2026-04-28 06:41:58,946 INFO graph [REC-00036] AGENT=triage OUT in 4146ms category=Cobrança Indevida product=Não Identificado urgency=Alta
2026-04-28 06:41:58,947 INFO graph [REC-00036] AGENT=risk IN triage_keys=['category', 'product', 'sentiment', 'urgency', 'summary']
2026-04-28 06:41:59,218 INFO graph [REC-00034] GRAPH START
2026-04-28 06:41:59,219 INFO graph [REC-00034] AGENT=guardrail_input IN text_len=632
2026-04-28 06:41:59,795 INFO agent.guardrail guardrail INPUT action=NONE
2026-04-28 06:41:59,796 INFO graph [REC-00034] AGENT=guardrail_input OUT in 576ms blocked=False reason=None
2026-04-28 06:41:59,796 INFO graph [REC-00034] AGENT=triage IN text_len=632 product_hint=Conta Corrente
2026-04-28 06:42:02,111 ERROR app [REC-00032] todas 3 tentativas falharam: An error occurred (ThrottlingException) when calling the InvokeModel operation (reached max retries: 4): Too many requests, please wait before trying again.
2026-04-28 06:42:02,111 WARNING app [REC-00032] throttling — agendado para próximo passe
2026-04-28 06:42:02,111 INFO graph [REC-00037] GRAPH START
2026-04-28 06:42:02,113 INFO graph [REC-00037] AGENT=guardrail_input IN text_len=571
2026-04-28 06:42:02,732 INFO agent.guardrail guardrail INPUT action=NONE
2026-04-28 06:42:02,732 INFO graph [REC-00037] AGENT=guardrail_input OUT in 619ms blocked=False reason=None
2026-04-28 06:42:02,733 INFO graph [REC-00037] AGENT=triage IN text_len=571 product_hint=None
2026-04-28 06:42:04,209 WARNING app [REC-00035] tentativa 2/3 falhou — retry em 2s: An error occurred (ThrottlingException) when calling the InvokeModel operation (reached max retries: 4): Too many requests, please wait before trying again.
2026-04-28 06:42:04,670 INFO graph [REC-00037] AGENT=triage OUT in 1937ms category=Cobrança Indevida product=Conta Corrente urgency=Alta
2026-04-28 06:42:04,670 INFO graph [REC-00037] AGENT=risk IN triage_keys=['category', 'product', 'sentiment', 'urgency', 'summary']
2026-04-28 06:42:04,745 INFO agent.risk risk usou 4 trechos da política (top-k=4)
2026-04-28 06:42:04,745 INFO graph [REC-00036] AGENT=risk OUT in 5798ms level=Médio rag_chunks=4
2026-04-28 06:42:04,746 INFO graph [REC-00036] AGENT=report IN
2026-04-28 06:42:04,746 INFO graph [REC-00036] AGENT=report OUT in 0ms
2026-04-28 06:42:04,746 INFO graph [REC-00036] AGENT=guardrail_output IN
2026-04-28 06:42:05,963 INFO graph [REC-00036] AGENT=guardrail_output OUT in 1217ms
2026-04-28 06:42:05,964 INFO graph [REC-00036] GRAPH END timings={'guardrail_input': 1123, 'triage': 4146, 'risk': 5798, 'report': 0, 'guardrail_output': 1217}
2026-04-28 06:42:05,964 INFO graph [REC-00038] GRAPH START
2026-04-28 06:42:05,965 INFO graph [REC-00038] AGENT=guardrail_input IN text_len=690
2026-04-28 06:42:06,210 INFO graph [REC-00035] GRAPH START
2026-04-28 06:42:06,211 INFO graph [REC-00035] AGENT=guardrail_input IN text_len=733
2026-04-28 06:42:06,530 INFO agent.guardrail guardrail INPUT action=NONE
2026-04-28 06:42:06,530 INFO graph [REC-00038] AGENT=guardrail_input OUT in 565ms blocked=False reason=None
2026-04-28 06:42:06,531 INFO graph [REC-00038] AGENT=triage IN text_len=690 product_hint=Seguros
2026-04-28 06:42:06,665 INFO agent.risk risk usou 4 trechos da política (top-k=4)
2026-04-28 06:42:06,666 INFO graph [REC-00031] AGENT=risk OUT in 14249ms level=Médio rag_chunks=4
2026-04-28 06:42:06,666 INFO graph [REC-00031] AGENT=report IN
2026-04-28 06:42:06,666 INFO graph [REC-00031] AGENT=report OUT in 0ms
2026-04-28 06:42:06,667 INFO graph [REC-00031] AGENT=guardrail_output IN
2026-04-28 06:42:06,788 INFO agent.guardrail guardrail INPUT action=NONE
2026-04-28 06:42:06,789 INFO graph [REC-00035] AGENT=guardrail_input OUT in 578ms blocked=False reason=None
2026-04-28 06:42:06,789 INFO graph [REC-00035] AGENT=triage IN text_len=733 product_hint=Conta Corrente
2026-04-28 06:42:07,947 WARNING agent.guardrail guardrail OUTPUT bloqueou campo=risk_justification — usando regex como fallback
2026-04-28 06:42:07,947 INFO graph [REC-00031] AGENT=guardrail_output OUT in 1280ms
2026-04-28 06:42:07,948 INFO graph [REC-00031] GRAPH END timings={'guardrail_input': 618, 'triage': 12012, 'risk': 14249, 'report': 0, 'guardrail_output': 1280}
2026-04-28 06:42:07,948 INFO graph [REC-00039] GRAPH START
2026-04-28 06:42:07,949 INFO graph [REC-00039] AGENT=guardrail_input IN text_len=527
2026-04-28 06:42:08,499 INFO agent.guardrail guardrail INPUT action=GUARDRAIL_INTERVENED
2026-04-28 06:42:08,499 INFO graph [REC-00039] AGENT=guardrail_input OUT in 550ms blocked=True reason=bedrock_guardrail
2026-04-28 06:42:08,500 INFO graph [REC-00039] GRAPH END timings={'guardrail_input': 550}
2026-04-28 06:42:08,500 WARNING app [REC-00039] bloqueada pelo guardrail
2026-04-28 06:42:08,500 INFO graph [REC-00040] GRAPH START
2026-04-28 06:42:08,501 INFO graph [REC-00040] AGENT=guardrail_input IN text_len=593
2026-04-28 06:42:09,057 INFO agent.guardrail guardrail INPUT action=NONE
2026-04-28 06:42:09,057 INFO graph [REC-00040] AGENT=guardrail_input OUT in 556ms blocked=False reason=None
2026-04-28 06:42:09,058 INFO graph [REC-00040] AGENT=triage IN text_len=593 product_hint=Investimentos
2026-04-28 06:42:10,305 INFO agent.risk risk usou 4 trechos da política (top-k=4)
2026-04-28 06:42:10,305 INFO graph [REC-00037] AGENT=risk OUT in 5635ms level=Alto rag_chunks=4
2026-04-28 06:42:10,306 INFO graph [REC-00037] AGENT=report IN
2026-04-28 06:42:10,306 INFO graph [REC-00037] AGENT=report OUT in 0ms
2026-04-28 06:42:10,307 INFO graph [REC-00037] AGENT=guardrail_output IN
2026-04-28 06:42:10,518 ERROR app [REC-00034] todas 3 tentativas falharam: An error occurred (ThrottlingException) when calling the InvokeModel operation (reached max retries: 4): Too many requests, please wait before trying again.
2026-04-28 06:42:10,518 WARNING app [REC-00034] throttling — agendado para próximo passe
2026-04-28 06:42:10,519 INFO graph [REC-00041] GRAPH START
2026-04-28 06:42:10,520 INFO graph [REC-00041] AGENT=guardrail_input IN text_len=428
2026-04-28 06:42:11,115 INFO agent.guardrail guardrail INPUT action=NONE
2026-04-28 06:42:11,116 INFO graph [REC-00041] AGENT=guardrail_input OUT in 596ms blocked=False reason=None
2026-04-28 06:42:11,117 INFO graph [REC-00041] AGENT=triage IN text_len=428 product_hint=None
2026-04-28 06:42:11,454 INFO graph [REC-00037] AGENT=guardrail_output OUT in 1147ms
2026-04-28 06:42:11,454 INFO graph [REC-00037] GRAPH END timings={'guardrail_input': 619, 'triage': 1937, 'risk': 5635, 'report': 0, 'guardrail_output': 1147}
2026-04-28 06:42:11,454 INFO graph [REC-00042] GRAPH START
2026-04-28 06:42:11,455 INFO graph [REC-00042] AGENT=guardrail_input IN text_len=443
2026-04-28 06:42:11,473 INFO graph [REC-00035] AGENT=triage OUT in 4683ms category=Produto/Serviço product=Conta Corrente urgency=Alta
2026-04-28 06:42:11,473 INFO graph [REC-00035] AGENT=risk IN triage_keys=['category', 'product', 'sentiment', 'urgency', 'summary']
2026-04-28 06:42:11,993 INFO agent.guardrail guardrail INPUT action=NONE
2026-04-28 06:42:11,993 INFO graph [REC-00042] AGENT=guardrail_input OUT in 538ms blocked=False reason=None
2026-04-28 06:42:11,994 INFO graph [REC-00042] AGENT=triage IN text_len=443 product_hint=Investimentos
2026-04-28 06:42:14,009 WARNING app [REC-00040] tentativa 1/3 falhou — retry em 1s: An error occurred (ThrottlingException) when calling the InvokeModel operation (reached max retries: 4): Too many requests, please wait before trying again.
2026-04-28 06:42:15,010 INFO graph [REC-00040] GRAPH START
2026-04-28 06:42:15,011 INFO graph [REC-00040] AGENT=guardrail_input IN text_len=593
2026-04-28 06:42:15,693 INFO agent.guardrail guardrail INPUT action=NONE
2026-04-28 06:42:15,693 INFO graph [REC-00040] AGENT=guardrail_input OUT in 682ms blocked=False reason=None
2026-04-28 06:42:15,694 INFO graph [REC-00040] AGENT=triage IN text_len=593 product_hint=Investimentos
2026-04-28 06:42:16,072 INFO agent.risk risk usou 4 trechos da política (top-k=4)
2026-04-28 06:42:16,073 INFO graph [REC-00035] AGENT=risk OUT in 4600ms level=Médio rag_chunks=4
2026-04-28 06:42:16,073 INFO graph [REC-00035] AGENT=report IN
2026-04-28 06:42:16,074 INFO graph [REC-00035] AGENT=report OUT in 0ms
2026-04-28 06:42:16,074 INFO graph [REC-00035] AGENT=guardrail_output IN
2026-04-28 06:42:16,553 INFO graph [REC-00042] AGENT=triage OUT in 4560ms category=Cobrança Indevida product=Investimentos urgency=Alta
2026-04-28 06:42:16,553 INFO graph [REC-00042] AGENT=risk IN triage_keys=['category', 'product', 'sentiment', 'urgency', 'summary']
2026-04-28 06:42:17,214 INFO graph [REC-00035] AGENT=guardrail_output OUT in 1140ms
2026-04-28 06:42:17,214 INFO graph [REC-00035] GRAPH END timings={'guardrail_input': 578, 'triage': 4683, 'risk': 4600, 'report': 0, 'guardrail_output': 1140}
2026-04-28 06:42:17,214 INFO graph [REC-00043] GRAPH START
2026-04-28 06:42:17,215 INFO graph [REC-00043] AGENT=guardrail_input IN text_len=723
2026-04-28 06:42:17,794 INFO agent.guardrail guardrail INPUT action=NONE
2026-04-28 06:42:17,795 INFO graph [REC-00043] AGENT=guardrail_input OUT in 580ms blocked=False reason=None
2026-04-28 06:42:17,795 INFO graph [REC-00043] AGENT=triage IN text_len=723 product_hint=Conta Corrente
2026-04-28 06:42:18,597 WARNING app [REC-00038] tentativa 1/3 falhou — retry em 1s: An error occurred (ThrottlingException) when calling the InvokeModel operation (reached max retries: 4): Too many requests, please wait before trying again.
2026-04-28 06:42:19,597 INFO graph [REC-00038] GRAPH START
2026-04-28 06:42:19,599 INFO graph [REC-00038] AGENT=guardrail_input IN text_len=690
2026-04-28 06:42:20,208 INFO agent.guardrail guardrail INPUT action=NONE
2026-04-28 06:42:20,209 INFO graph [REC-00038] AGENT=guardrail_input OUT in 610ms blocked=False reason=None
2026-04-28 06:42:20,209 INFO graph [REC-00038] AGENT=triage IN text_len=690 product_hint=Seguros
2026-04-28 06:42:22,423 INFO agent.risk risk usou 4 trechos da política (top-k=4)
2026-04-28 06:42:22,423 INFO graph [REC-00042] AGENT=risk OUT in 5870ms level=Médio rag_chunks=4
2026-04-28 06:42:22,424 INFO graph [REC-00042] AGENT=report IN
2026-04-28 06:42:22,424 INFO graph [REC-00042] AGENT=report OUT in 0ms
2026-04-28 06:42:22,424 INFO graph [REC-00042] AGENT=guardrail_output IN
2026-04-28 06:42:23,648 WARNING agent.guardrail guardrail OUTPUT bloqueou campo=risk_justification — usando regex como fallback
2026-04-28 06:42:23,648 INFO graph [REC-00042] AGENT=guardrail_output OUT in 1224ms
2026-04-28 06:42:23,649 INFO graph [REC-00042] GRAPH END timings={'guardrail_input': 538, 'triage': 4560, 'risk': 5870, 'report': 0, 'guardrail_output': 1224}
2026-04-28 06:42:23,650 INFO graph [REC-00044] GRAPH START
2026-04-28 06:42:23,651 INFO graph [REC-00044] AGENT=guardrail_input IN text_len=499
2026-04-28 06:42:24,258 INFO agent.guardrail guardrail INPUT action=NONE
2026-04-28 06:42:24,258 INFO graph [REC-00044] AGENT=guardrail_input OUT in 607ms blocked=False reason=None
2026-04-28 06:42:24,259 INFO graph [REC-00044] AGENT=triage IN text_len=499 product_hint=Seguros
2026-04-28 06:42:24,795 WARNING app [REC-00040] tentativa 2/3 falhou — retry em 2s: An error occurred (ThrottlingException) when calling the InvokeModel operation (reached max retries: 4): Too many requests, please wait before trying again.
2026-04-28 06:42:26,142 WARNING app [REC-00043] tentativa 1/3 falhou — retry em 1s: An error occurred (ThrottlingException) when calling the InvokeModel operation (reached max retries: 4): Too many requests, please wait before trying again.
2026-04-28 06:42:26,301 WARNING app [REC-00038] tentativa 2/3 falhou — retry em 2s: An error occurred (ThrottlingException) when calling the InvokeModel operation (reached max retries: 4): Too many requests, please wait before trying again.
2026-04-28 06:42:26,796 INFO graph [REC-00040] GRAPH START
2026-04-28 06:42:26,798 INFO graph [REC-00040] AGENT=guardrail_input IN text_len=593
2026-04-28 06:42:27,143 INFO graph [REC-00043] GRAPH START
2026-04-28 06:42:27,145 INFO graph [REC-00043] AGENT=guardrail_input IN text_len=723
2026-04-28 06:42:27,429 INFO agent.guardrail guardrail INPUT action=NONE
2026-04-28 06:42:27,429 INFO graph [REC-00040] AGENT=guardrail_input OUT in 631ms blocked=False reason=None
2026-04-28 06:42:27,430 INFO graph [REC-00040] AGENT=triage IN text_len=593 product_hint=Investimentos
2026-04-28 06:42:27,709 INFO agent.guardrail guardrail INPUT action=NONE
2026-04-28 06:42:27,710 INFO graph [REC-00043] AGENT=guardrail_input OUT in 566ms blocked=False reason=None
2026-04-28 06:42:27,711 INFO graph [REC-00043] AGENT=triage IN text_len=723 product_hint=Conta Corrente
2026-04-28 06:42:28,302 INFO graph [REC-00038] GRAPH START
2026-04-28 06:42:28,303 INFO graph [REC-00038] AGENT=guardrail_input IN text_len=690
2026-04-28 06:42:28,359 INFO graph [REC-00041] AGENT=triage OUT in 17243ms category=Outros product=Não Identificado urgency=Crítica
2026-04-28 06:42:28,360 INFO graph [REC-00041] AGENT=risk IN triage_keys=['category', 'product', 'sentiment', 'urgency', 'summary']
2026-04-28 06:42:28,762 INFO graph [REC-00044] AGENT=triage OUT in 4503ms category=Cobrança Indevida product=Seguros urgency=Alta
2026-04-28 06:42:28,763 INFO graph [REC-00044] AGENT=risk IN triage_keys=['category', 'product', 'sentiment', 'urgency', 'summary']
2026-04-28 06:42:28,888 INFO agent.guardrail guardrail INPUT action=NONE
2026-04-28 06:42:28,888 INFO graph [REC-00038] AGENT=guardrail_input OUT in 585ms blocked=False reason=None
2026-04-28 06:42:28,888 INFO graph [REC-00038] AGENT=triage IN text_len=690 product_hint=Seguros
2026-04-28 06:42:33,673 INFO agent.risk risk usou 4 trechos da política (top-k=4)
2026-04-28 06:42:33,673 INFO graph [REC-00041] AGENT=risk OUT in 5313ms level=Crítico rag_chunks=4
2026-04-28 06:42:33,674 INFO graph [REC-00041] AGENT=report IN
2026-04-28 06:42:33,675 INFO graph [REC-00041] AGENT=report OUT in 1ms
2026-04-28 06:42:33,675 INFO graph [REC-00041] AGENT=guardrail_output IN
2026-04-28 06:42:34,306 WARNING agent.guardrail guardrail OUTPUT bloqueou campo=summary — usando regex como fallback
2026-04-28 06:42:34,544 ERROR app [REC-00038] todas 3 tentativas falharam: An error occurred (ThrottlingException) when calling the InvokeModel operation (reached max retries: 4): Too many requests, please wait before trying again.
2026-04-28 06:42:34,544 WARNING app [REC-00038] throttling — agendado para próximo passe
2026-04-28 06:42:34,544 INFO graph [REC-00045] GRAPH START
2026-04-28 06:42:34,546 INFO graph [REC-00045] AGENT=guardrail_input IN text_len=425
2026-04-28 06:42:34,654 INFO agent.risk risk usou 4 trechos da política (top-k=4)
2026-04-28 06:42:34,654 INFO graph [REC-00044] AGENT=risk OUT in 5891ms level=Alto rag_chunks=4
2026-04-28 06:42:34,654 INFO graph [REC-00044] AGENT=report IN
2026-04-28 06:42:34,654 INFO graph [REC-00044] AGENT=report OUT in 0ms
2026-04-28 06:42:34,654 INFO graph [REC-00044] AGENT=guardrail_output IN
2026-04-28 06:42:34,954 WARNING agent.guardrail guardrail OUTPUT bloqueou campo=risk_justification — usando regex como fallback
2026-04-28 06:42:34,954 INFO graph [REC-00041] AGENT=guardrail_output OUT in 1279ms
2026-04-28 06:42:34,955 INFO graph [REC-00041] GRAPH END timings={'guardrail_input': 596, 'triage': 17243, 'risk': 5313, 'report': 1, 'guardrail_output': 1279}
2026-04-28 06:42:34,956 INFO graph [REC-00046] GRAPH START
2026-04-28 06:42:34,957 INFO graph [REC-00046] AGENT=guardrail_input IN text_len=589
2026-04-28 06:42:35,109 INFO agent.guardrail guardrail INPUT action=NONE
2026-04-28 06:42:35,109 INFO graph [REC-00045] AGENT=guardrail_input OUT in 563ms blocked=False reason=None
2026-04-28 06:42:35,110 INFO graph [REC-00045] AGENT=triage IN text_len=425 product_hint=Conta Corrente
2026-04-28 06:42:35,171 INFO graph [REC-00043] AGENT=triage OUT in 7460ms category=Cobrança Indevida product=Conta Corrente urgency=Alta
2026-04-28 06:42:35,172 INFO graph [REC-00043] AGENT=risk IN triage_keys=['category', 'product', 'sentiment', 'urgency', 'summary']
2026-04-28 06:42:35,538 INFO agent.guardrail guardrail INPUT action=NONE
2026-04-28 06:42:35,538 INFO graph [REC-00046] AGENT=guardrail_input OUT in 581ms blocked=False reason=None
2026-04-28 06:42:35,538 INFO graph [REC-00046] AGENT=triage IN text_len=589 product_hint=None
2026-04-28 06:42:35,756 WARNING agent.guardrail guardrail OUTPUT bloqueou campo=risk_justification — usando regex como fallback
2026-04-28 06:42:35,757 INFO graph [REC-00044] AGENT=guardrail_output OUT in 1103ms
2026-04-28 06:42:35,757 INFO graph [REC-00044] GRAPH END timings={'guardrail_input': 607, 'triage': 4503, 'risk': 5891, 'report': 0, 'guardrail_output': 1103}
2026-04-28 06:42:35,758 INFO graph [REC-00047] GRAPH START
2026-04-28 06:42:35,758 INFO graph [REC-00047] AGENT=guardrail_input IN text_len=647
2026-04-28 06:42:36,298 INFO agent.guardrail guardrail INPUT action=NONE
2026-04-28 06:42:36,298 INFO graph [REC-00047] AGENT=guardrail_input OUT in 540ms blocked=False reason=None
2026-04-28 06:42:36,299 INFO graph [REC-00047] AGENT=triage IN text_len=647 product_hint=None
2026-04-28 06:42:37,529 ERROR app [REC-00040] todas 3 tentativas falharam: An error occurred (ThrottlingException) when calling the InvokeModel operation (reached max retries: 4): Too many requests, please wait before trying again.
2026-04-28 06:42:37,529 WARNING app [REC-00040] throttling — agendado para próximo passe
2026-04-28 06:42:37,529 INFO graph [REC-00048] GRAPH START
2026-04-28 06:42:37,530 INFO graph [REC-00048] AGENT=guardrail_input IN text_len=649
2026-04-28 06:42:38,115 INFO agent.guardrail guardrail INPUT action=NONE
2026-04-28 06:42:38,115 INFO graph [REC-00048] AGENT=guardrail_input OUT in 585ms blocked=False reason=None
2026-04-28 06:42:38,116 INFO graph [REC-00048] AGENT=triage IN text_len=649 product_hint=Conta Corrente
2026-04-28 06:42:39,788 INFO agent.risk risk usou 4 trechos da política (top-k=4)
2026-04-28 06:42:39,788 INFO graph [REC-00043] AGENT=risk OUT in 4616ms level=Médio rag_chunks=4
2026-04-28 06:42:39,789 INFO graph [REC-00043] AGENT=report IN
2026-04-28 06:42:39,789 INFO graph [REC-00043] AGENT=report OUT in 0ms
2026-04-28 06:42:39,790 INFO graph [REC-00043] AGENT=guardrail_output IN
2026-04-28 06:42:40,676 INFO graph [REC-00047] AGENT=triage OUT in 4377ms category=Atendimento product=Não Identificado urgency=Crítica
2026-04-28 06:42:40,676 INFO graph [REC-00047] AGENT=risk IN triage_keys=['category', 'product', 'sentiment', 'urgency', 'summary']
2026-04-28 06:42:40,988 INFO graph [REC-00043] AGENT=guardrail_output OUT in 1198ms
2026-04-28 06:42:40,989 INFO graph [REC-00043] GRAPH END timings={'guardrail_input': 566, 'triage': 7460, 'risk': 4616, 'report': 0, 'guardrail_output': 1198}
2026-04-28 06:42:40,989 INFO graph [REC-00049] GRAPH START
2026-04-28 06:42:40,991 INFO graph [REC-00049] AGENT=guardrail_input IN text_len=588
2026-04-28 06:42:41,536 INFO agent.guardrail guardrail INPUT action=NONE
2026-04-28 06:42:41,537 INFO graph [REC-00049] AGENT=guardrail_input OUT in 546ms blocked=False reason=None
2026-04-28 06:42:41,538 INFO graph [REC-00049] AGENT=triage IN text_len=588 product_hint=Investimentos
2026-04-28 06:42:44,817 WARNING app [REC-00045] tentativa 1/3 falhou — retry em 1s: An error occurred (ThrottlingException) when calling the InvokeModel operation (reached max retries: 4): Too many requests, please wait before trying again.
2026-04-28 06:42:44,950 WARNING app [REC-00048] tentativa 1/3 falhou — retry em 1s: An error occurred (ThrottlingException) when calling the InvokeModel operation (reached max retries: 4): Too many requests, please wait before trying again.
2026-04-28 06:42:45,642 INFO agent.risk risk usou 4 trechos da política (top-k=4)
2026-04-28 06:42:45,642 INFO graph [REC-00047] AGENT=risk OUT in 4966ms level=Crítico rag_chunks=4
2026-04-28 06:42:45,643 INFO graph [REC-00047] AGENT=report IN
2026-04-28 06:42:45,643 INFO graph [REC-00047] AGENT=report OUT in 0ms
2026-04-28 06:42:45,643 INFO graph [REC-00047] AGENT=guardrail_output IN
2026-04-28 06:42:45,817 INFO graph [REC-00045] GRAPH START
2026-04-28 06:42:45,818 INFO graph [REC-00045] AGENT=guardrail_input IN text_len=425
2026-04-28 06:42:45,951 INFO graph [REC-00048] GRAPH START
2026-04-28 06:42:45,952 INFO graph [REC-00048] AGENT=guardrail_input IN text_len=649
2026-04-28 06:42:46,382 INFO agent.guardrail guardrail INPUT action=NONE
2026-04-28 06:42:46,383 INFO graph [REC-00045] AGENT=guardrail_input OUT in 565ms blocked=False reason=None
2026-04-28 06:42:46,384 INFO graph [REC-00045] AGENT=triage IN text_len=425 product_hint=Conta Corrente
2026-04-28 06:42:46,530 INFO agent.guardrail guardrail INPUT action=NONE
2026-04-28 06:42:46,530 INFO graph [REC-00048] AGENT=guardrail_input OUT in 578ms blocked=False reason=None
2026-04-28 06:42:46,531 INFO graph [REC-00048] AGENT=triage IN text_len=649 product_hint=Conta Corrente
2026-04-28 06:42:46,843 WARNING agent.guardrail guardrail OUTPUT bloqueou campo=risk_justification — usando regex como fallback
2026-04-28 06:42:46,844 INFO graph [REC-00047] AGENT=guardrail_output OUT in 1201ms
2026-04-28 06:42:46,845 INFO graph [REC-00047] GRAPH END timings={'guardrail_input': 540, 'triage': 4377, 'risk': 4966, 'report': 0, 'guardrail_output': 1201}
2026-04-28 06:42:46,845 INFO graph [REC-00050] GRAPH START
2026-04-28 06:42:46,846 INFO graph [REC-00050] AGENT=guardrail_input IN text_len=652
2026-04-28 06:42:47,390 INFO agent.guardrail guardrail INPUT action=NONE
2026-04-28 06:42:47,391 INFO graph [REC-00050] AGENT=guardrail_input OUT in 545ms blocked=False reason=None
2026-04-28 06:42:47,392 INFO graph [REC-00050] AGENT=triage IN text_len=652 product_hint=Conta Corrente
2026-04-28 06:42:47,656 INFO graph [REC-00049] AGENT=triage OUT in 6118ms category=Atendimento product=Investimentos urgency=Alta
2026-04-28 06:42:47,657 INFO graph [REC-00049] AGENT=risk IN triage_keys=['category', 'product', 'sentiment', 'urgency', 'summary']
2026-04-28 06:42:47,909 WARNING app [REC-00046] tentativa 1/3 falhou — retry em 1s: An error occurred (ThrottlingException) when calling the InvokeModel operation (reached max retries: 4): Too many requests, please wait before trying again.
2026-04-28 06:42:48,910 INFO graph [REC-00046] GRAPH START
2026-04-28 06:42:48,911 INFO graph [REC-00046] AGENT=guardrail_input IN text_len=589
2026-04-28 06:42:49,488 INFO agent.guardrail guardrail INPUT action=NONE
2026-04-28 06:42:49,489 INFO graph [REC-00046] AGENT=guardrail_input OUT in 578ms blocked=False reason=None
2026-04-28 06:42:49,490 INFO graph [REC-00046] AGENT=triage IN text_len=589 product_hint=None
2026-04-28 06:42:52,587 INFO agent.risk risk usou 4 trechos da política (top-k=4)
2026-04-28 06:42:52,588 INFO graph [REC-00049] AGENT=risk OUT in 4932ms level=Alto rag_chunks=4
2026-04-28 06:42:52,589 INFO graph [REC-00049] AGENT=report IN
2026-04-28 06:42:52,589 INFO graph [REC-00049] AGENT=report OUT in 0ms
2026-04-28 06:42:52,589 INFO graph [REC-00049] AGENT=guardrail_output IN
2026-04-28 06:42:53,799 WARNING agent.guardrail guardrail OUTPUT bloqueou campo=risk_justification — usando regex como fallback
2026-04-28 06:42:53,799 INFO graph [REC-00049] AGENT=guardrail_output OUT in 1210ms
2026-04-28 06:42:53,799 INFO graph [REC-00049] GRAPH END timings={'guardrail_input': 546, 'triage': 6118, 'risk': 4932, 'report': 0, 'guardrail_output': 1210}
2026-04-28 06:42:53,800 INFO graph [REC-00051] GRAPH START
2026-04-28 06:42:53,801 INFO graph [REC-00051] AGENT=guardrail_input IN text_len=603
2026-04-28 06:42:54,010 WARNING app [REC-00050] tentativa 1/3 falhou — retry em 1s: An error occurred (ThrottlingException) when calling the InvokeModel operation (reached max retries: 4): Too many requests, please wait before trying again.
2026-04-28 06:42:54,022 INFO graph [REC-00046] AGENT=triage OUT in 4532ms category=Atendimento product=Não Identificado urgency=Média
2026-04-28 06:42:54,022 INFO graph [REC-00046] AGENT=risk IN triage_keys=['category', 'product', 'sentiment', 'urgency', 'summary']
2026-04-28 06:42:54,364 INFO agent.guardrail guardrail INPUT action=NONE
2026-04-28 06:42:54,365 INFO graph [REC-00051] AGENT=guardrail_input OUT in 564ms blocked=False reason=None
2026-04-28 06:42:54,366 INFO graph [REC-00051] AGENT=triage IN text_len=603 product_hint=None
2026-04-28 06:42:54,619 WARNING app [REC-00045] tentativa 2/3 falhou — retry em 2s: An error occurred (ThrottlingException) when calling the InvokeModel operation (reached max retries: 4): Too many requests, please wait before trying again.
2026-04-28 06:42:55,011 INFO graph [REC-00050] GRAPH START
2026-04-28 06:42:55,012 INFO graph [REC-00050] AGENT=guardrail_input IN text_len=652
2026-04-28 06:42:55,605 INFO agent.guardrail guardrail INPUT action=NONE
2026-04-28 06:42:55,605 INFO graph [REC-00050] AGENT=guardrail_input OUT in 593ms blocked=False reason=None
2026-04-28 06:42:55,606 INFO graph [REC-00050] AGENT=triage IN text_len=652 product_hint=Conta Corrente
2026-04-28 06:42:56,619 INFO graph [REC-00045] GRAPH START
2026-04-28 06:42:56,622 INFO graph [REC-00045] AGENT=guardrail_input IN text_len=425
2026-04-28 06:42:57,202 INFO agent.guardrail guardrail INPUT action=NONE
2026-04-28 06:42:57,202 INFO graph [REC-00045] AGENT=guardrail_input OUT in 580ms blocked=False reason=None
2026-04-28 06:42:57,203 INFO graph [REC-00045] AGENT=triage IN text_len=425 product_hint=Conta Corrente
2026-04-28 06:42:58,514 WARNING app [REC-00048] tentativa 2/3 falhou — retry em 2s: An error occurred (ThrottlingException) when calling the InvokeModel operation (reached max retries: 4): Too many requests, please wait before trying again.
2026-04-28 06:42:59,084 INFO graph [REC-00045] AGENT=triage OUT in 1881ms category=Outros product=Não Identificado urgency=Crítica
2026-04-28 06:42:59,085 INFO graph [REC-00045] AGENT=risk IN triage_keys=['category', 'product', 'sentiment', 'urgency', 'summary']
2026-04-28 06:42:59,771 INFO agent.risk risk usou 4 trechos da política (top-k=4)
2026-04-28 06:42:59,771 INFO graph [REC-00046] AGENT=risk OUT in 5749ms level=Médio rag_chunks=4
2026-04-28 06:42:59,772 INFO graph [REC-00046] AGENT=report IN
2026-04-28 06:42:59,772 INFO graph [REC-00046] AGENT=report OUT in 0ms
2026-04-28 06:42:59,773 INFO graph [REC-00046] AGENT=guardrail_output IN
2026-04-28 06:43:00,511 INFO graph [REC-00048] GRAPH START
2026-04-28 06:43:00,513 INFO graph [REC-00048] AGENT=guardrail_input IN text_len=649
2026-04-28 06:43:00,606 WARNING app [REC-00050] tentativa 2/3 falhou — retry em 2s: An error occurred (ThrottlingException) when calling the InvokeModel operation (reached max retries: 4): Too many requests, please wait before trying again.
2026-04-28 06:43:00,927 INFO graph [REC-00046] AGENT=guardrail_output OUT in 1154ms
2026-04-28 06:43:00,928 INFO graph [REC-00046] GRAPH END timings={'guardrail_input': 578, 'triage': 4532, 'risk': 5749, 'report': 0, 'guardrail_output': 1154}
2026-04-28 06:43:00,928 INFO graph [REC-00052] GRAPH START
2026-04-28 06:43:00,928 INFO graph [REC-00052] AGENT=guardrail_input IN text_len=600
2026-04-28 06:43:01,092 INFO agent.guardrail guardrail INPUT action=NONE
2026-04-28 06:43:01,093 INFO graph [REC-00048] AGENT=guardrail_input OUT in 580ms blocked=False reason=None
2026-04-28 06:43:01,094 INFO graph [REC-00048] AGENT=triage IN text_len=649 product_hint=Conta Corrente
2026-04-28 06:43:01,518 INFO agent.guardrail guardrail INPUT action=NONE
2026-04-28 06:43:01,518 INFO graph [REC-00052] AGENT=guardrail_input OUT in 590ms blocked=False reason=None
2026-04-28 06:43:01,519 INFO graph [REC-00052] AGENT=triage IN text_len=600 product_hint=Cartão de Crédito
2026-04-28 06:43:02,606 INFO graph [REC-00050] GRAPH START
2026-04-28 06:43:02,607 INFO graph [REC-00050] AGENT=guardrail_input IN text_len=652
2026-04-28 06:43:03,188 INFO agent.guardrail guardrail INPUT action=NONE
2026-04-28 06:43:03,189 INFO graph [REC-00050] AGENT=guardrail_input OUT in 582ms blocked=False reason=None
2026-04-28 06:43:03,190 INFO graph [REC-00050] AGENT=triage IN text_len=652 product_hint=Conta Corrente
2026-04-28 06:43:03,608 INFO agent.risk risk usou 4 trechos da política (top-k=4)
2026-04-28 06:43:03,608 INFO graph [REC-00045] AGENT=risk OUT in 4523ms level=Crítico rag_chunks=4
2026-04-28 06:43:03,609 INFO graph [REC-00045] AGENT=report IN
2026-04-28 06:43:03,609 INFO graph [REC-00045] AGENT=report OUT in 0ms
2026-04-28 06:43:03,610 INFO graph [REC-00045] AGENT=guardrail_output IN
2026-04-28 06:43:04,201 WARNING agent.guardrail guardrail OUTPUT bloqueou campo=summary — usando regex como fallback
2026-04-28 06:43:04,788 WARNING agent.guardrail guardrail OUTPUT bloqueou campo=risk_justification — usando regex como fallback
2026-04-28 06:43:04,788 INFO graph [REC-00045] AGENT=guardrail_output OUT in 1178ms
2026-04-28 06:43:04,789 INFO graph [REC-00045] GRAPH END timings={'guardrail_input': 580, 'triage': 1881, 'risk': 4523, 'report': 0, 'guardrail_output': 1178}
2026-04-28 06:43:04,790 INFO graph [REC-00053] GRAPH START
2026-04-28 06:43:04,791 INFO graph [REC-00053] AGENT=guardrail_input IN text_len=676
2026-04-28 06:43:04,848 INFO graph [REC-00051] AGENT=triage OUT in 10482ms category=Cancelamento product=Conta Corrente urgency=Alta
2026-04-28 06:43:04,849 INFO graph [REC-00051] AGENT=risk IN triage_keys=['category', 'product', 'sentiment', 'urgency', 'summary']
2026-04-28 06:43:05,380 INFO agent.guardrail guardrail INPUT action=NONE
2026-04-28 06:43:05,380 INFO graph [REC-00053] AGENT=guardrail_input OUT in 589ms blocked=False reason=None
2026-04-28 06:43:05,381 INFO graph [REC-00053] AGENT=triage IN text_len=676 product_hint=Conta Corrente
2026-04-28 06:43:10,053 INFO agent.risk risk usou 4 trechos da política (top-k=4)
2026-04-28 06:43:10,053 INFO graph [REC-00051] AGENT=risk OUT in 5204ms level=Alto rag_chunks=4
2026-04-28 06:43:10,054 INFO graph [REC-00051] AGENT=report IN
2026-04-28 06:43:10,054 INFO graph [REC-00051] AGENT=report OUT in 0ms
2026-04-28 06:43:10,055 INFO graph [REC-00051] AGENT=guardrail_output IN
2026-04-28 06:43:11,270 INFO graph [REC-00051] AGENT=guardrail_output OUT in 1215ms
2026-04-28 06:43:11,271 INFO graph [REC-00051] GRAPH END timings={'guardrail_input': 564, 'triage': 10482, 'risk': 5204, 'report': 0, 'guardrail_output': 1215}
2026-04-28 06:43:11,271 INFO graph [REC-00054] GRAPH START
2026-04-28 06:43:11,273 INFO graph [REC-00054] AGENT=guardrail_input IN text_len=736
2026-04-28 06:43:11,824 ERROR app [REC-00048] todas 3 tentativas falharam: An error occurred (ThrottlingException) when calling the InvokeModel operation (reached max retries: 4): Too many requests, please wait before trying again.
2026-04-28 06:43:11,824 WARNING app [REC-00048] throttling — agendado para próximo passe
2026-04-28 06:43:11,824 INFO graph [REC-00055] GRAPH START
2026-04-28 06:43:11,826 INFO graph [REC-00055] AGENT=guardrail_input IN text_len=680
2026-04-28 06:43:11,874 INFO agent.guardrail guardrail INPUT action=GUARDRAIL_INTERVENED
2026-04-28 06:43:11,874 INFO graph [REC-00054] AGENT=guardrail_input OUT in 601ms blocked=True reason=bedrock_guardrail
2026-04-28 06:43:11,875 INFO graph [REC-00054] GRAPH END timings={'guardrail_input': 601}
2026-04-28 06:43:11,875 WARNING app [REC-00054] bloqueada pelo guardrail
2026-04-28 06:43:11,875 INFO graph [REC-00056] GRAPH START
2026-04-28 06:43:11,876 INFO graph [REC-00056] AGENT=guardrail_input IN text_len=357
2026-04-28 06:43:12,088 INFO graph [REC-00053] AGENT=triage OUT in 6707ms category=Cobrança Indevida product=Conta Corrente urgency=Alta
2026-04-28 06:43:12,088 INFO graph [REC-00053] AGENT=risk IN triage_keys=['category', 'product', 'sentiment', 'urgency', 'summary']
2026-04-28 06:43:12,431 INFO agent.guardrail guardrail INPUT action=NONE
2026-04-28 06:43:12,431 INFO graph [REC-00055] AGENT=guardrail_input OUT in 605ms blocked=False reason=None
2026-04-28 06:43:12,432 INFO graph [REC-00055] AGENT=triage IN text_len=680 product_hint=Cartão de Crédito
2026-04-28 06:43:12,440 INFO agent.guardrail guardrail INPUT action=NONE
2026-04-28 06:43:12,440 INFO graph [REC-00056] AGENT=guardrail_input OUT in 564ms blocked=False reason=None
2026-04-28 06:43:12,441 INFO graph [REC-00056] AGENT=triage IN text_len=357 product_hint=Investimentos
2026-04-28 06:43:12,476 WARNING app [REC-00052] tentativa 1/3 falhou — retry em 1s: An error occurred (ThrottlingException) when calling the InvokeModel operation (reached max retries: 4): Too many requests, please wait before trying again.
2026-04-28 06:43:13,477 INFO graph [REC-00052] GRAPH START
2026-04-28 06:43:13,478 INFO graph [REC-00052] AGENT=guardrail_input IN text_len=600
2026-04-28 06:43:14,052 INFO agent.guardrail guardrail INPUT action=NONE
2026-04-28 06:43:14,052 INFO graph [REC-00052] AGENT=guardrail_input OUT in 574ms blocked=False reason=None
2026-04-28 06:43:14,053 INFO graph [REC-00052] AGENT=triage IN text_len=600 product_hint=Cartão de Crédito
2026-04-28 06:43:14,371 ERROR app [REC-00050] todas 3 tentativas falharam: An error occurred (ThrottlingException) when calling the InvokeModel operation (reached max retries: 4): Too many requests, please wait before trying again.
2026-04-28 06:43:14,371 WARNING app [REC-00050] throttling — agendado para próximo passe
2026-04-28 06:43:14,371 INFO graph [REC-00057] GRAPH START
2026-04-28 06:43:14,372 INFO graph [REC-00057] AGENT=guardrail_input IN text_len=433
2026-04-28 06:43:14,914 INFO agent.guardrail guardrail INPUT action=NONE
2026-04-28 06:43:14,915 INFO graph [REC-00057] AGENT=guardrail_input OUT in 543ms blocked=False reason=None
2026-04-28 06:43:14,916 INFO graph [REC-00057] AGENT=triage IN text_len=433 product_hint=Conta Corrente
2026-04-28 06:43:15,503 WARNING app [REC-00056] tentativa 1/3 falhou — retry em 1s: An error occurred (ThrottlingException) when calling the InvokeModel operation (reached max retries: 4): Too many requests, please wait before trying again.
2026-04-28 06:43:16,503 INFO graph [REC-00056] GRAPH START
2026-04-28 06:43:16,505 INFO graph [REC-00056] AGENT=guardrail_input IN text_len=357
2026-04-28 06:43:17,208 INFO agent.guardrail guardrail INPUT action=NONE
2026-04-28 06:43:17,209 INFO graph [REC-00056] AGENT=guardrail_input OUT in 704ms blocked=False reason=None
2026-04-28 06:43:17,209 INFO graph [REC-00056] AGENT=triage IN text_len=357 product_hint=Investimentos
2026-04-28 06:43:17,784 INFO graph [REC-00055] AGENT=triage OUT in 5352ms category=Cobrança Indevida product=Cartão de Crédito urgency=Crítica
2026-04-28 06:43:17,785 INFO graph [REC-00055] AGENT=risk IN triage_keys=['category', 'product', 'sentiment', 'urgency', 'summary']
2026-04-28 06:43:17,874 INFO agent.risk risk usou 4 trechos da política (top-k=4)
2026-04-28 06:43:17,874 INFO graph [REC-00053] AGENT=risk OUT in 5786ms level=Médio rag_chunks=4
2026-04-28 06:43:17,875 INFO graph [REC-00053] AGENT=report IN
2026-04-28 06:43:17,875 INFO graph [REC-00053] AGENT=report OUT in 0ms
2026-04-28 06:43:17,876 INFO graph [REC-00053] AGENT=guardrail_output IN
2026-04-28 06:43:19,154 WARNING agent.guardrail guardrail OUTPUT bloqueou campo=risk_justification — usando regex como fallback
2026-04-28 06:43:19,155 INFO graph [REC-00053] AGENT=guardrail_output OUT in 1279ms
2026-04-28 06:43:19,155 INFO graph [REC-00053] GRAPH END timings={'guardrail_input': 589, 'triage': 6707, 'risk': 5786, 'report': 0, 'guardrail_output': 1279}
2026-04-28 06:43:19,156 INFO graph [REC-00058] GRAPH START
2026-04-28 06:43:19,157 INFO graph [REC-00058] AGENT=guardrail_input IN text_len=530
2026-04-28 06:43:19,739 INFO agent.guardrail guardrail INPUT action=NONE
2026-04-28 06:43:19,739 INFO graph [REC-00058] AGENT=guardrail_input OUT in 582ms blocked=False reason=None
2026-04-28 06:43:19,740 INFO graph [REC-00058] AGENT=triage IN text_len=530 product_hint=None
2026-04-28 06:43:20,970 WARNING app [REC-00057] tentativa 1/3 falhou — retry em 1s: An error occurred (ThrottlingException) when calling the InvokeModel operation (reached max retries: 4): Too many requests, please wait before trying again.
2026-04-28 06:43:21,971 INFO graph [REC-00057] GRAPH START
2026-04-28 06:43:21,973 INFO graph [REC-00057] AGENT=guardrail_input IN text_len=433
2026-04-28 06:43:22,601 INFO agent.guardrail guardrail INPUT action=NONE
2026-04-28 06:43:22,602 INFO graph [REC-00057] AGENT=guardrail_input OUT in 629ms blocked=False reason=None
2026-04-28 06:43:22,603 INFO graph [REC-00057] AGENT=triage IN text_len=433 product_hint=Conta Corrente
2026-04-28 06:43:23,157 INFO agent.risk risk usou 4 trechos da política (top-k=4)
2026-04-28 06:43:23,157 INFO graph [REC-00055] AGENT=risk OUT in 5372ms level=Crítico rag_chunks=4
2026-04-28 06:43:23,158 INFO graph [REC-00055] AGENT=report IN
2026-04-28 06:43:23,158 INFO graph [REC-00055] AGENT=report OUT in 0ms
2026-04-28 06:43:23,158 INFO graph [REC-00055] AGENT=guardrail_output IN
2026-04-28 06:43:23,918 INFO graph [REC-00052] AGENT=triage OUT in 9865ms category=Atendimento product=Cartão de Crédito urgency=Alta
2026-04-28 06:43:23,919 INFO graph [REC-00052] AGENT=risk IN triage_keys=['category', 'product', 'sentiment', 'urgency', 'summary']
2026-04-28 06:43:24,325 WARNING agent.guardrail guardrail OUTPUT bloqueou campo=risk_justification — usando regex como fallback
2026-04-28 06:43:24,325 INFO graph [REC-00055] AGENT=guardrail_output OUT in 1167ms
2026-04-28 06:43:24,326 INFO graph [REC-00055] GRAPH END timings={'guardrail_input': 605, 'triage': 5352, 'risk': 5372, 'report': 0, 'guardrail_output': 1167}
2026-04-28 06:43:24,327 INFO graph [REC-00059] GRAPH START
2026-04-28 06:43:24,328 INFO graph [REC-00059] AGENT=guardrail_input IN text_len=640
2026-04-28 06:43:24,882 INFO agent.guardrail guardrail INPUT action=NONE
2026-04-28 06:43:24,882 INFO graph [REC-00059] AGENT=guardrail_input OUT in 554ms blocked=False reason=None
2026-04-28 06:43:24,883 INFO graph [REC-00059] AGENT=triage IN text_len=640 product_hint=Cartão de Crédito
2026-04-28 06:43:28,981 INFO graph [REC-00058] AGENT=triage OUT in 9241ms category=Cancelamento product=Não Identificado urgency=Alta
2026-04-28 06:43:28,982 INFO graph [REC-00058] AGENT=risk IN triage_keys=['category', 'product', 'sentiment', 'urgency', 'summary']
2026-04-28 06:43:29,025 WARNING app [REC-00056] tentativa 2/3 falhou — retry em 2s: An error occurred (ThrottlingException) when calling the InvokeModel operation (reached max retries: 4): Too many requests, please wait before trying again.
2026-04-28 06:43:30,880 INFO agent.risk risk usou 4 trechos da política (top-k=4)
2026-04-28 06:43:30,880 INFO graph [REC-00052] AGENT=risk OUT in 6961ms level=Médio rag_chunks=4
2026-04-28 06:43:30,881 INFO graph [REC-00052] AGENT=report IN
2026-04-28 06:43:30,881 INFO graph [REC-00052] AGENT=report OUT in 0ms
2026-04-28 06:43:30,882 INFO graph [REC-00052] AGENT=guardrail_output IN
2026-04-28 06:43:31,021 INFO graph [REC-00056] GRAPH START
2026-04-28 06:43:31,022 INFO graph [REC-00056] AGENT=guardrail_input IN text_len=357
2026-04-28 06:43:31,578 INFO agent.guardrail guardrail INPUT action=NONE
2026-04-28 06:43:31,579 INFO graph [REC-00056] AGENT=guardrail_input OUT in 557ms blocked=False reason=None
2026-04-28 06:43:31,579 INFO graph [REC-00056] AGENT=triage IN text_len=357 product_hint=Investimentos
2026-04-28 06:43:31,845 WARNING app [REC-00059] tentativa 1/3 falhou — retry em 1s: An error occurred (ThrottlingException) when calling the InvokeModel operation (reached max retries: 4): Too many requests, please wait before trying again.
2026-04-28 06:43:32,082 WARNING agent.guardrail guardrail OUTPUT bloqueou campo=risk_justification — usando regex como fallback
2026-04-28 06:43:32,083 INFO graph [REC-00052] AGENT=guardrail_output OUT in 1201ms
2026-04-28 06:43:32,083 INFO graph [REC-00052] GRAPH END timings={'guardrail_input': 574, 'triage': 9865, 'risk': 6961, 'report': 0, 'guardrail_output': 1201}
2026-04-28 06:43:32,084 INFO graph [REC-00060] GRAPH START
2026-04-28 06:43:32,085 INFO graph [REC-00060] AGENT=guardrail_input IN text_len=705
2026-04-28 06:43:32,687 INFO agent.guardrail guardrail INPUT action=NONE
2026-04-28 06:43:32,687 INFO graph [REC-00060] AGENT=guardrail_input OUT in 602ms blocked=False reason=None
2026-04-28 06:43:32,689 INFO graph [REC-00060] AGENT=triage IN text_len=705 product_hint=Seguros
2026-04-28 06:43:32,845 INFO graph [REC-00059] GRAPH START
2026-04-28 06:43:32,846 INFO graph [REC-00059] AGENT=guardrail_input IN text_len=640
2026-04-28 06:43:33,470 INFO agent.guardrail guardrail INPUT action=NONE
2026-04-28 06:43:33,471 INFO graph [REC-00059] AGENT=guardrail_input OUT in 625ms blocked=False reason=None
2026-04-28 06:43:33,472 INFO graph [REC-00059] AGENT=triage IN text_len=640 product_hint=Cartão de Crédito
2026-04-28 06:43:34,787 INFO graph [REC-00060] AGENT=triage OUT in 2098ms category=Produto/Serviço product=Seguros urgency=Crítica
2026-04-28 06:43:34,788 INFO graph [REC-00060] AGENT=risk IN triage_keys=['category', 'product', 'sentiment', 'urgency', 'summary']
2026-04-28 06:43:35,840 WARNING app [REC-00057] tentativa 2/3 falhou — retry em 2s: An error occurred (ThrottlingException) when calling the InvokeModel operation (reached max retries: 4): Too many requests, please wait before trying again.
2026-04-28 06:43:36,498 INFO agent.risk risk usou 4 trechos da política (top-k=4)
2026-04-28 06:43:36,498 INFO graph [REC-00058] AGENT=risk OUT in 7516ms level=Médio rag_chunks=4
2026-04-28 06:43:36,499 INFO graph [REC-00058] AGENT=report IN
2026-04-28 06:43:36,499 INFO graph [REC-00058] AGENT=report OUT in 0ms
2026-04-28 06:43:36,499 INFO graph [REC-00058] AGENT=guardrail_output IN
2026-04-28 06:43:37,654 INFO graph [REC-00058] AGENT=guardrail_output OUT in 1155ms
2026-04-28 06:43:37,655 INFO graph [REC-00058] GRAPH END timings={'guardrail_input': 582, 'triage': 9241, 'risk': 7516, 'report': 0, 'guardrail_output': 1155}
2026-04-28 06:43:37,655 INFO graph [REC-00061] GRAPH START
2026-04-28 06:43:37,656 INFO graph [REC-00061] AGENT=guardrail_input IN text_len=526
2026-04-28 06:43:37,840 INFO graph [REC-00057] GRAPH START
2026-04-28 06:43:37,841 INFO graph [REC-00057] AGENT=guardrail_input IN text_len=433
2026-04-28 06:43:38,250 INFO agent.guardrail guardrail INPUT action=NONE
2026-04-28 06:43:38,250 INFO graph [REC-00061] AGENT=guardrail_input OUT in 594ms blocked=False reason=None
2026-04-28 06:43:38,251 INFO graph [REC-00061] AGENT=triage IN text_len=526 product_hint=Conta Corrente
2026-04-28 06:43:38,418 INFO agent.guardrail guardrail INPUT action=NONE
2026-04-28 06:43:38,419 INFO graph [REC-00057] AGENT=guardrail_input OUT in 578ms blocked=False reason=None
2026-04-28 06:43:38,420 INFO graph [REC-00057] AGENT=triage IN text_len=433 product_hint=Conta Corrente
2026-04-28 06:43:40,126 WARNING app [REC-00059] tentativa 2/3 falhou — retry em 2s: An error occurred (ThrottlingException) when calling the InvokeModel operation (reached max retries: 4): Too many requests, please wait before trying again.
2026-04-28 06:43:40,397 INFO agent.risk risk usou 4 trechos da política (top-k=4)
2026-04-28 06:43:40,398 INFO graph [REC-00060] AGENT=risk OUT in 5610ms level=Alto rag_chunks=4
2026-04-28 06:43:40,399 INFO graph [REC-00060] AGENT=report IN
2026-04-28 06:43:40,399 INFO graph [REC-00060] AGENT=report OUT in 0ms
2026-04-28 06:43:40,399 INFO graph [REC-00060] AGENT=guardrail_output IN
2026-04-28 06:43:40,690 INFO graph [REC-00057] AGENT=triage OUT in 2270ms category=Cobrança Indevida product=Conta Corrente urgency=Média
2026-04-28 06:43:40,691 INFO graph [REC-00057] AGENT=risk IN triage_keys=['category', 'product', 'sentiment', 'urgency', 'summary']
2026-04-28 06:43:41,696 INFO graph [REC-00060] AGENT=guardrail_output OUT in 1297ms
2026-04-28 06:43:41,696 INFO graph [REC-00060] GRAPH END timings={'guardrail_input': 602, 'triage': 2098, 'risk': 5610, 'report': 0, 'guardrail_output': 1297}
2026-04-28 06:43:41,697 INFO graph [REC-00062] GRAPH START
2026-04-28 06:43:41,697 INFO graph [REC-00062] AGENT=guardrail_input IN text_len=662
2026-04-28 06:43:42,059 ERROR app [REC-00056] todas 3 tentativas falharam: An error occurred (ThrottlingException) when calling the InvokeModel operation (reached max retries: 4): Too many requests, please wait before trying again.
2026-04-28 06:43:42,059 WARNING app [REC-00056] throttling — agendado para próximo passe
2026-04-28 06:43:42,059 INFO graph [REC-00063] GRAPH START
2026-04-28 06:43:42,061 INFO graph [REC-00063] AGENT=guardrail_input IN text_len=661
2026-04-28 06:43:42,127 INFO graph [REC-00059] GRAPH START
2026-04-28 06:43:42,128 INFO graph [REC-00059] AGENT=guardrail_input IN text_len=640
2026-04-28 06:43:42,302 INFO agent.guardrail guardrail INPUT action=NONE
2026-04-28 06:43:42,303 INFO graph [REC-00062] AGENT=guardrail_input OUT in 606ms blocked=False reason=None
2026-04-28 06:43:42,304 INFO graph [REC-00062] AGENT=triage IN text_len=662 product_hint=Conta Corrente
2026-04-28 06:43:42,651 INFO agent.guardrail guardrail INPUT action=NONE
2026-04-28 06:43:42,651 INFO graph [REC-00063] AGENT=guardrail_input OUT in 590ms blocked=False reason=None
2026-04-28 06:43:42,652 INFO graph [REC-00063] AGENT=triage IN text_len=661 product_hint=Cartão de Crédito
2026-04-28 06:43:42,702 INFO agent.guardrail guardrail INPUT action=NONE
2026-04-28 06:43:42,703 INFO graph [REC-00059] AGENT=guardrail_input OUT in 575ms blocked=False reason=None
2026-04-28 06:43:42,703 INFO graph [REC-00059] AGENT=triage IN text_len=640 product_hint=Cartão de Crédito
2026-04-28 06:43:45,577 INFO agent.risk risk usou 4 trechos da política (top-k=4)
2026-04-28 06:43:45,577 INFO graph [REC-00057] AGENT=risk OUT in 4886ms level=Baixo rag_chunks=4
2026-04-28 06:43:45,578 INFO graph [REC-00057] AGENT=report IN
2026-04-28 06:43:45,578 INFO graph [REC-00057] AGENT=report OUT in 0ms
2026-04-28 06:43:45,579 INFO graph [REC-00057] AGENT=guardrail_output IN
2026-04-28 06:43:46,442 WARNING app [REC-00061] tentativa 1/3 falhou — retry em 1s: An error occurred (ThrottlingException) when calling the InvokeModel operation (reached max retries: 4): Too many requests, please wait before trying again.
2026-04-28 06:43:46,764 INFO graph [REC-00057] AGENT=guardrail_output OUT in 1185ms
2026-04-28 06:43:46,765 INFO graph [REC-00057] GRAPH END timings={'guardrail_input': 578, 'triage': 2270, 'risk': 4886, 'report': 0, 'guardrail_output': 1185}
2026-04-28 06:43:46,766 INFO graph [REC-00064] GRAPH START
2026-04-28 06:43:46,767 INFO graph [REC-00064] AGENT=guardrail_input IN text_len=751
2026-04-28 06:43:47,353 INFO agent.guardrail guardrail INPUT action=NONE
2026-04-28 06:43:47,354 INFO graph [REC-00064] AGENT=guardrail_input OUT in 587ms blocked=False reason=None
2026-04-28 06:43:47,355 INFO graph [REC-00064] AGENT=triage IN text_len=751 product_hint=Investimentos
2026-04-28 06:43:47,442 INFO graph [REC-00061] GRAPH START
2026-04-28 06:43:47,443 INFO graph [REC-00061] AGENT=guardrail_input IN text_len=526
2026-04-28 06:43:47,657 INFO graph [REC-00059] AGENT=triage OUT in 4954ms category=Atendimento product=Cartão de Crédito urgency=Alta
2026-04-28 06:43:47,657 INFO graph [REC-00059] AGENT=risk IN triage_keys=['category', 'product', 'sentiment', 'urgency', 'summary']
2026-04-28 06:43:47,979 WARNING app [REC-00062] tentativa 1/3 falhou — retry em 1s: An error occurred (ThrottlingException) when calling the InvokeModel operation (reached max retries: 4): Too many requests, please wait before trying again.
2026-04-28 06:43:48,003 INFO agent.guardrail guardrail INPUT action=NONE
2026-04-28 06:43:48,004 INFO graph [REC-00061] AGENT=guardrail_input OUT in 561ms blocked=False reason=None
2026-04-28 06:43:48,004 INFO graph [REC-00061] AGENT=triage IN text_len=526 product_hint=Conta Corrente
2026-04-28 06:43:48,979 INFO graph [REC-00062] GRAPH START
2026-04-28 06:43:48,981 INFO graph [REC-00062] AGENT=guardrail_input IN text_len=662
2026-04-28 06:43:49,561 INFO agent.guardrail guardrail INPUT action=NONE
2026-04-28 06:43:49,562 INFO graph [REC-00062] AGENT=guardrail_input OUT in 581ms blocked=False reason=None
2026-04-28 06:43:49,563 INFO graph [REC-00062] AGENT=triage IN text_len=662 product_hint=Conta Corrente
2026-04-28 06:43:51,553 WARNING app [REC-00063] tentativa 1/3 falhou — retry em 1s: An error occurred (ThrottlingException) when calling the InvokeModel operation (reached max retries: 4): Too many requests, please wait before trying again.
2026-04-28 06:43:52,554 INFO graph [REC-00063] GRAPH START
2026-04-28 06:43:52,556 INFO graph [REC-00063] AGENT=guardrail_input IN text_len=661
2026-04-28 06:43:52,933 INFO agent.risk risk usou 4 trechos da política (top-k=4)
2026-04-28 06:43:52,933 INFO graph [REC-00059] AGENT=risk OUT in 5276ms level=Médio rag_chunks=4
2026-04-28 06:43:52,933 INFO graph [REC-00059] AGENT=report IN
2026-04-28 06:43:52,933 INFO graph [REC-00059] AGENT=report OUT in 0ms
2026-04-28 06:43:52,934 INFO graph [REC-00059] AGENT=guardrail_output IN
2026-04-28 06:43:52,978 INFO graph [REC-00062] AGENT=triage OUT in 3415ms category=Atendimento product=Conta Corrente urgency=Crítica
2026-04-28 06:43:52,979 INFO graph [REC-00062] AGENT=risk IN triage_keys=['category', 'product', 'sentiment', 'urgency', 'summary']
2026-04-28 06:43:53,221 INFO agent.guardrail guardrail INPUT action=NONE
2026-04-28 06:43:53,221 INFO graph [REC-00063] AGENT=guardrail_input OUT in 665ms blocked=False reason=None
2026-04-28 06:43:53,222 INFO graph [REC-00063] AGENT=triage IN text_len=661 product_hint=Cartão de Crédito
2026-04-28 06:43:53,500 WARNING agent.guardrail guardrail OUTPUT bloqueou campo=summary — usando regex como fallback
2026-04-28 06:43:54,089 INFO graph [REC-00059] AGENT=guardrail_output OUT in 1155ms
2026-04-28 06:43:54,090 INFO graph [REC-00059] GRAPH END timings={'guardrail_input': 575, 'triage': 4954, 'risk': 5276, 'report': 0, 'guardrail_output': 1155}
2026-04-28 06:43:54,090 INFO graph [REC-00065] GRAPH START
2026-04-28 06:43:54,092 INFO graph [REC-00065] AGENT=guardrail_input IN text_len=652
2026-04-28 06:43:54,650 INFO agent.guardrail guardrail INPUT action=NONE
2026-04-28 06:43:54,650 INFO graph [REC-00065] AGENT=guardrail_input OUT in 558ms blocked=False reason=None
2026-04-28 06:43:54,651 INFO graph [REC-00065] AGENT=triage IN text_len=652 product_hint=Cartão de Crédito
2026-04-28 06:43:55,552 WARNING app [REC-00061] tentativa 2/3 falhou — retry em 2s: An error occurred (ThrottlingException) when calling the InvokeModel operation (reached max retries: 4): Too many requests, please wait before trying again.
2026-04-28 06:43:57,553 INFO graph [REC-00061] GRAPH START
2026-04-28 06:43:57,554 INFO graph [REC-00061] AGENT=guardrail_input IN text_len=526
2026-04-28 06:43:58,249 INFO agent.guardrail guardrail INPUT action=NONE
2026-04-28 06:43:58,249 INFO graph [REC-00061] AGENT=guardrail_input OUT in 695ms blocked=False reason=None
2026-04-28 06:43:58,250 INFO graph [REC-00061] AGENT=triage IN text_len=526 product_hint=Conta Corrente
2026-04-28 06:43:58,637 INFO graph [REC-00065] AGENT=triage OUT in 3986ms category=Cancelamento product=Cartão de Crédito urgency=Crítica
2026-04-28 06:43:58,638 INFO graph [REC-00065] AGENT=risk IN triage_keys=['category', 'product', 'sentiment', 'urgency', 'summary']
2026-04-28 06:43:59,711 WARNING app [REC-00064] tentativa 1/3 falhou — retry em 1s: An error occurred (ThrottlingException) when calling the InvokeModel operation (reached max retries: 4): Too many requests, please wait before trying again.
2026-04-28 06:44:00,292 INFO agent.risk risk usou 4 trechos da política (top-k=4)
2026-04-28 06:44:00,292 INFO graph [REC-00062] AGENT=risk OUT in 7313ms level=Crítico rag_chunks=4
2026-04-28 06:44:00,293 INFO graph [REC-00062] AGENT=report IN
2026-04-28 06:44:00,293 INFO graph [REC-00062] AGENT=report OUT in 0ms
2026-04-28 06:44:00,293 INFO graph [REC-00062] AGENT=guardrail_output IN
2026-04-28 06:44:00,429 WARNING app [REC-00063] tentativa 2/3 falhou — retry em 2s: An error occurred (ThrottlingException) when calling the InvokeModel operation (reached max retries: 4): Too many requests, please wait before trying again.
2026-04-28 06:44:00,709 INFO graph [REC-00064] GRAPH START
2026-04-28 06:44:00,711 INFO graph [REC-00064] AGENT=guardrail_input IN text_len=751
2026-04-28 06:44:01,296 INFO agent.guardrail guardrail INPUT action=NONE
2026-04-28 06:44:01,296 INFO graph [REC-00064] AGENT=guardrail_input OUT in 585ms blocked=False reason=None
2026-04-28 06:44:01,297 INFO graph [REC-00064] AGENT=triage IN text_len=751 product_hint=Investimentos
2026-04-28 06:44:01,443 WARNING agent.guardrail guardrail OUTPUT bloqueou campo=risk_justification — usando regex como fallback
2026-04-28 06:44:01,443 INFO graph [REC-00062] AGENT=guardrail_output OUT in 1150ms
2026-04-28 06:44:01,444 INFO graph [REC-00062] GRAPH END timings={'guardrail_input': 581, 'triage': 3415, 'risk': 7313, 'report': 0, 'guardrail_output': 1150}
2026-04-28 06:44:01,444 INFO graph [REC-00066] GRAPH START
2026-04-28 06:44:01,445 INFO graph [REC-00066] AGENT=guardrail_input IN text_len=431
2026-04-28 06:44:02,239 INFO agent.guardrail guardrail INPUT action=NONE
2026-04-28 06:44:02,239 INFO graph [REC-00066] AGENT=guardrail_input OUT in 794ms blocked=False reason=None
2026-04-28 06:44:02,240 INFO graph [REC-00066] AGENT=triage IN text_len=431 product_hint=None
2026-04-28 06:44:02,429 INFO graph [REC-00063] GRAPH START
2026-04-28 06:44:02,431 INFO graph [REC-00063] AGENT=guardrail_input IN text_len=661
2026-04-28 06:44:03,013 INFO agent.guardrail guardrail INPUT action=NONE
2026-04-28 06:44:03,013 INFO graph [REC-00063] AGENT=guardrail_input OUT in 582ms blocked=False reason=None
2026-04-28 06:44:03,014 INFO graph [REC-00063] AGENT=triage IN text_len=661 product_hint=Cartão de Crédito
2026-04-28 06:44:03,832 INFO agent.risk risk usou 4 trechos da política (top-k=4)
2026-04-28 06:44:03,832 INFO graph [REC-00065] AGENT=risk OUT in 5194ms level=Alto rag_chunks=4
2026-04-28 06:44:03,833 INFO graph [REC-00065] AGENT=report IN
2026-04-28 06:44:03,833 INFO graph [REC-00065] AGENT=report OUT in 0ms
2026-04-28 06:44:03,834 INFO graph [REC-00065] AGENT=guardrail_output IN
2026-04-28 06:44:05,003 INFO graph [REC-00064] AGENT=triage OUT in 3706ms category=Fraude/Segurança product=Investimentos urgency=Crítica
2026-04-28 06:44:05,004 INFO graph [REC-00064] AGENT=risk IN triage_keys=['category', 'product', 'sentiment', 'urgency', 'summary']
2026-04-28 06:44:05,043 INFO graph [REC-00065] AGENT=guardrail_output OUT in 1209ms
2026-04-28 06:44:05,044 INFO graph [REC-00065] GRAPH END timings={'guardrail_input': 558, 'triage': 3986, 'risk': 5194, 'report': 0, 'guardrail_output': 1209}
2026-04-28 06:44:05,044 INFO graph [REC-00067] GRAPH START
2026-04-28 06:44:05,045 INFO graph [REC-00067] AGENT=guardrail_input IN text_len=705
2026-04-28 06:44:05,624 INFO agent.guardrail guardrail INPUT action=NONE
2026-04-28 06:44:05,624 INFO graph [REC-00067] AGENT=guardrail_input OUT in 579ms blocked=False reason=None
2026-04-28 06:44:05,625 INFO graph [REC-00067] AGENT=triage IN text_len=705 product_hint=Conta Corrente
2026-04-28 06:44:07,661 WARNING app [REC-00066] tentativa 1/3 falhou — retry em 1s: An error occurred (ThrottlingException) when calling the InvokeModel operation (reached max retries: 4): Too many requests, please wait before trying again.
2026-04-28 06:44:08,566 ERROR app [REC-00061] todas 3 tentativas falharam: An error occurred (ThrottlingException) when calling the InvokeModel operation (reached max retries: 4): Too many requests, please wait before trying again.
2026-04-28 06:44:08,566 WARNING app [REC-00061] throttling — agendado para próximo passe
2026-04-28 06:44:08,566 INFO graph [REC-00068] GRAPH START
2026-04-28 06:44:08,568 INFO graph [REC-00068] AGENT=guardrail_input IN text_len=583
2026-04-28 06:44:08,661 INFO graph [REC-00066] GRAPH START
2026-04-28 06:44:08,663 INFO graph [REC-00066] AGENT=guardrail_input IN text_len=431
2026-04-28 06:44:09,223 INFO agent.guardrail guardrail INPUT action=NONE
2026-04-28 06:44:09,224 INFO graph [REC-00066] AGENT=guardrail_input OUT in 561ms blocked=False reason=None
2026-04-28 06:44:09,225 INFO graph [REC-00066] AGENT=triage IN text_len=431 product_hint=None
2026-04-28 06:44:09,253 INFO agent.guardrail guardrail INPUT action=NONE
2026-04-28 06:44:09,253 INFO graph [REC-00068] AGENT=guardrail_input OUT in 685ms blocked=False reason=None
2026-04-28 06:44:09,254 INFO graph [REC-00068] AGENT=triage IN text_len=583 product_hint=Cartão de Crédito
2026-04-28 06:44:11,274 INFO graph [REC-00063] AGENT=triage OUT in 8260ms category=Produto/Serviço product=Cartão de Crédito urgency=Alta
2026-04-28 06:44:11,275 INFO graph [REC-00063] AGENT=risk IN triage_keys=['category', 'product', 'sentiment', 'urgency', 'summary']
2026-04-28 06:44:11,666 INFO agent.risk risk usou 4 trechos da política (top-k=4)
2026-04-28 06:44:11,667 INFO graph [REC-00064] AGENT=risk OUT in 6663ms level=Crítico rag_chunks=4
2026-04-28 06:44:11,667 INFO graph [REC-00064] AGENT=report IN
2026-04-28 06:44:11,667 INFO graph [REC-00064] AGENT=report OUT in 0ms
2026-04-28 06:44:11,668 INFO graph [REC-00064] AGENT=guardrail_output IN
2026-04-28 06:44:12,844 INFO graph [REC-00064] AGENT=guardrail_output OUT in 1176ms
2026-04-28 06:44:12,845 INFO graph [REC-00064] GRAPH END timings={'guardrail_input': 585, 'triage': 3706, 'risk': 6663, 'report': 0, 'guardrail_output': 1176}
2026-04-28 06:44:12,845 INFO graph [REC-00069] GRAPH START
2026-04-28 06:44:12,846 INFO graph [REC-00069] AGENT=guardrail_input IN text_len=725
2026-04-28 06:44:13,410 INFO agent.guardrail guardrail INPUT action=NONE
2026-04-28 06:44:13,411 INFO graph [REC-00069] AGENT=guardrail_input OUT in 565ms blocked=False reason=None
2026-04-28 06:44:13,411 INFO graph [REC-00069] AGENT=triage IN text_len=725 product_hint=Empréstimo
2026-04-28 06:44:13,757 WARNING app [REC-00067] tentativa 1/3 falhou — retry em 1s: An error occurred (ThrottlingException) when calling the InvokeModel operation (reached max retries: 4): Too many requests, please wait before trying again.
2026-04-28 06:44:14,758 INFO graph [REC-00067] GRAPH START
2026-04-28 06:44:14,759 INFO graph [REC-00067] AGENT=guardrail_input IN text_len=705
2026-04-28 06:44:15,346 INFO agent.guardrail guardrail INPUT action=NONE
2026-04-28 06:44:15,346 INFO graph [REC-00067] AGENT=guardrail_input OUT in 587ms blocked=False reason=None
2026-04-28 06:44:15,347 INFO graph [REC-00067] AGENT=triage IN text_len=705 product_hint=Conta Corrente
2026-04-28 06:44:16,141 INFO agent.risk risk usou 4 trechos da política (top-k=4)
2026-04-28 06:44:16,142 INFO graph [REC-00063] AGENT=risk OUT in 4867ms level=Médio rag_chunks=4
2026-04-28 06:44:16,142 INFO graph [REC-00063] AGENT=report IN
2026-04-28 06:44:16,142 INFO graph [REC-00063] AGENT=report OUT in 0ms
2026-04-28 06:44:16,143 INFO graph [REC-00063] AGENT=guardrail_output IN
2026-04-28 06:44:17,287 INFO graph [REC-00063] AGENT=guardrail_output OUT in 1144ms
2026-04-28 06:44:17,287 INFO graph [REC-00063] GRAPH END timings={'guardrail_input': 582, 'triage': 8260, 'risk': 4867, 'report': 0, 'guardrail_output': 1144}
2026-04-28 06:44:17,287 INFO graph [REC-00070] GRAPH START
2026-04-28 06:44:17,289 INFO graph [REC-00070] AGENT=guardrail_input IN text_len=718
2026-04-28 06:44:17,680 INFO graph [REC-00069] AGENT=triage OUT in 4269ms category=Cobrança Indevida product=Empréstimo urgency=Alta
2026-04-28 06:44:17,681 INFO graph [REC-00069] AGENT=risk IN triage_keys=['category', 'product', 'sentiment', 'urgency', 'summary']
2026-04-28 06:44:17,840 INFO agent.guardrail guardrail INPUT action=NONE
2026-04-28 06:44:17,840 INFO graph [REC-00070] AGENT=guardrail_input OUT in 551ms blocked=False reason=None
2026-04-28 06:44:17,841 INFO graph [REC-00070] AGENT=triage IN text_len=718 product_hint=Empréstimo
2026-04-28 06:44:18,798 WARNING app [REC-00066] tentativa 2/3 falhou — retry em 2s: An error occurred (ThrottlingException) when calling the InvokeModel operation (reached max retries: 4): Too many requests, please wait before trying again.
2026-04-28 06:44:20,799 INFO graph [REC-00066] GRAPH START
2026-04-28 06:44:20,801 INFO graph [REC-00066] AGENT=guardrail_input IN text_len=431
2026-04-28 06:44:21,402 INFO agent.guardrail guardrail INPUT action=NONE
2026-04-28 06:44:21,402 INFO graph [REC-00066] AGENT=guardrail_input OUT in 601ms blocked=False reason=None
2026-04-28 06:44:21,403 INFO graph [REC-00066] AGENT=triage IN text_len=431 product_hint=None
2026-04-28 06:44:22,250 WARNING app [REC-00068] tentativa 1/3 falhou — retry em 1s: An error occurred (ThrottlingException) when calling the InvokeModel operation (reached max retries: 4): Too many requests, please wait before trying again.
2026-04-28 06:44:23,113 INFO graph [REC-00070] AGENT=triage OUT in 5272ms category=Fraude/Segurança product=Empréstimo urgency=Crítica
2026-04-28 06:44:23,114 INFO graph [REC-00070] AGENT=risk IN triage_keys=['category', 'product', 'sentiment', 'urgency', 'summary']
2026-04-28 06:44:23,250 INFO graph [REC-00068] GRAPH START
2026-04-28 06:44:23,252 INFO graph [REC-00068] AGENT=guardrail_input IN text_len=583
2026-04-28 06:44:23,324 INFO agent.risk risk usou 4 trechos da política (top-k=4)
2026-04-28 06:44:23,324 INFO graph [REC-00069] AGENT=risk OUT in 5643ms level=Alto rag_chunks=4
2026-04-28 06:44:23,325 INFO graph [REC-00069] AGENT=report IN
2026-04-28 06:44:23,325 INFO graph [REC-00069] AGENT=report OUT in 0ms
2026-04-28 06:44:23,325 INFO graph [REC-00069] AGENT=guardrail_output IN
2026-04-28 06:44:23,549 WARNING app [REC-00067] tentativa 2/3 falhou — retry em 2s: An error occurred (ThrottlingException) when calling the InvokeModel operation (reached max retries: 4): Too many requests, please wait before trying again.
2026-04-28 06:44:23,845 INFO agent.guardrail guardrail INPUT action=NONE
2026-04-28 06:44:23,845 INFO graph [REC-00068] AGENT=guardrail_input OUT in 593ms blocked=False reason=None
2026-04-28 06:44:23,846 INFO graph [REC-00068] AGENT=triage IN text_len=583 product_hint=Cartão de Crédito
2026-04-28 06:44:24,448 INFO graph [REC-00069] AGENT=guardrail_output OUT in 1123ms
2026-04-28 06:44:24,449 INFO graph [REC-00069] GRAPH END timings={'guardrail_input': 565, 'triage': 4269, 'risk': 5643, 'report': 0, 'guardrail_output': 1123}
2026-04-28 06:44:24,449 INFO graph [REC-00071] GRAPH START
2026-04-28 06:44:24,451 INFO graph [REC-00071] AGENT=guardrail_input IN text_len=425
2026-04-28 06:44:25,016 INFO agent.guardrail guardrail INPUT action=NONE
2026-04-28 06:44:25,016 INFO graph [REC-00071] AGENT=guardrail_input OUT in 565ms blocked=False reason=None
2026-04-28 06:44:25,017 INFO graph [REC-00071] AGENT=triage IN text_len=425 product_hint=None
2026-04-28 06:44:25,550 INFO graph [REC-00067] GRAPH START
2026-04-28 06:44:25,551 INFO graph [REC-00067] AGENT=guardrail_input IN text_len=705
2026-04-28 06:44:26,149 INFO agent.guardrail guardrail INPUT action=NONE
2026-04-28 06:44:26,149 INFO graph [REC-00067] AGENT=guardrail_input OUT in 598ms blocked=False reason=None
2026-04-28 06:44:26,150 INFO graph [REC-00067] AGENT=triage IN text_len=705 product_hint=Conta Corrente
2026-04-28 06:44:28,661 INFO agent.risk risk usou 4 trechos da política (top-k=4)
2026-04-28 06:44:28,662 INFO graph [REC-00070] AGENT=risk OUT in 5547ms level=Crítico rag_chunks=4
2026-04-28 06:44:28,662 INFO graph [REC-00070] AGENT=report IN
2026-04-28 06:44:28,662 INFO graph [REC-00070] AGENT=report OUT in 0ms
2026-04-28 06:44:28,663 INFO graph [REC-00070] AGENT=guardrail_output IN
2026-04-28 06:44:29,749 INFO graph [REC-00067] AGENT=triage OUT in 3599ms category=Cancelamento product=Conta Corrente urgency=Crítica
2026-04-28 06:44:29,750 INFO graph [REC-00067] AGENT=risk IN triage_keys=['category', 'product', 'sentiment', 'urgency', 'summary']
2026-04-28 06:44:29,806 WARNING agent.guardrail guardrail OUTPUT bloqueou campo=risk_justification — usando regex como fallback
2026-04-28 06:44:29,807 INFO graph [REC-00070] AGENT=guardrail_output OUT in 1144ms
2026-04-28 06:44:29,807 INFO graph [REC-00070] GRAPH END timings={'guardrail_input': 551, 'triage': 5272, 'risk': 5547, 'report': 0, 'guardrail_output': 1144}
2026-04-28 06:44:29,807 INFO graph [REC-00072] GRAPH START
2026-04-28 06:44:29,808 INFO graph [REC-00072] AGENT=guardrail_input IN text_len=563
2026-04-28 06:44:30,384 INFO agent.guardrail guardrail INPUT action=NONE
2026-04-28 06:44:30,385 INFO graph [REC-00072] AGENT=guardrail_input OUT in 577ms blocked=False reason=None
2026-04-28 06:44:30,385 INFO graph [REC-00072] AGENT=triage IN text_len=563 product_hint=Conta Corrente
2026-04-28 06:44:34,154 WARNING app [REC-00071] tentativa 1/3 falhou — retry em 1s: An error occurred (ThrottlingException) when calling the InvokeModel operation (reached max retries: 4): Too many requests, please wait before trying again.
2026-04-28 06:44:34,571 INFO agent.risk risk usou 4 trechos da política (top-k=4)
2026-04-28 06:44:34,572 INFO graph [REC-00067] AGENT=risk OUT in 4822ms level=Crítico rag_chunks=4
2026-04-28 06:44:34,573 INFO graph [REC-00067] AGENT=report IN
2026-04-28 06:44:34,573 INFO graph [REC-00067] AGENT=report OUT in 0ms
2026-04-28 06:44:34,573 INFO graph [REC-00067] AGENT=guardrail_output IN
2026-04-28 06:44:34,932 INFO graph [REC-00066] AGENT=triage OUT in 13529ms category=Cancelamento product=Conta Corrente urgency=Alta
2026-04-28 06:44:34,933 INFO graph [REC-00066] AGENT=risk IN triage_keys=['category', 'product', 'sentiment', 'urgency', 'summary']
2026-04-28 06:44:35,155 INFO graph [REC-00071] GRAPH START
2026-04-28 06:44:35,157 INFO graph [REC-00071] AGENT=guardrail_input IN text_len=425
2026-04-28 06:44:35,229 WARNING agent.guardrail guardrail OUTPUT bloqueou campo=summary — usando regex como fallback
2026-04-28 06:44:35,762 INFO agent.guardrail guardrail INPUT action=NONE
2026-04-28 06:44:35,762 INFO graph [REC-00071] AGENT=guardrail_input OUT in 605ms blocked=False reason=None
2026-04-28 06:44:35,763 INFO graph [REC-00071] AGENT=triage IN text_len=425 product_hint=None
2026-04-28 06:44:35,805 INFO graph [REC-00067] AGENT=guardrail_output OUT in 1232ms
2026-04-28 06:44:35,805 INFO graph [REC-00067] GRAPH END timings={'guardrail_input': 598, 'triage': 3599, 'risk': 4822, 'report': 0, 'guardrail_output': 1232}
2026-04-28 06:44:35,806 INFO graph [REC-00073] GRAPH START
2026-04-28 06:44:35,806 INFO graph [REC-00073] AGENT=guardrail_input IN text_len=718
2026-04-28 06:44:36,373 INFO agent.guardrail guardrail INPUT action=NONE
2026-04-28 06:44:36,373 INFO graph [REC-00073] AGENT=guardrail_input OUT in 567ms blocked=False reason=None
2026-04-28 06:44:36,375 INFO graph [REC-00073] AGENT=triage IN text_len=718 product_hint=Conta Corrente
2026-04-28 06:44:37,505 WARNING app [REC-00068] tentativa 2/3 falhou — retry em 2s: An error occurred (ThrottlingException) when calling the InvokeModel operation (reached max retries: 4): Too many requests, please wait before trying again.
2026-04-28 06:44:39,505 INFO graph [REC-00068] GRAPH START
2026-04-28 06:44:39,507 INFO graph [REC-00068] AGENT=guardrail_input IN text_len=583
2026-04-28 06:44:40,112 INFO agent.guardrail guardrail INPUT action=NONE
2026-04-28 06:44:40,112 INFO graph [REC-00068] AGENT=guardrail_input OUT in 605ms blocked=False reason=None
2026-04-28 06:44:40,113 INFO graph [REC-00068] AGENT=triage IN text_len=583 product_hint=Cartão de Crédito
2026-04-28 06:44:40,402 WARNING app [REC-00072] tentativa 1/3 falhou — retry em 1s: An error occurred (ThrottlingException) when calling the InvokeModel operation (reached max retries: 4): Too many requests, please wait before trying again.
2026-04-28 06:44:41,092 INFO graph [REC-00073] AGENT=triage OUT in 4717ms category=Produto/Serviço product=Conta Corrente urgency=Crítica
2026-04-28 06:44:41,093 INFO graph [REC-00073] AGENT=risk IN triage_keys=['category', 'product', 'sentiment', 'urgency', 'summary']
2026-04-28 06:44:41,101 INFO agent.risk risk usou 4 trechos da política (top-k=4)
2026-04-28 06:44:41,101 INFO graph [REC-00066] AGENT=risk OUT in 6168ms level=Médio rag_chunks=4
2026-04-28 06:44:41,102 INFO graph [REC-00066] AGENT=report IN
2026-04-28 06:44:41,102 INFO graph [REC-00066] AGENT=report OUT in 0ms
2026-04-28 06:44:41,102 INFO graph [REC-00066] AGENT=guardrail_output IN
2026-04-28 06:44:41,402 INFO graph [REC-00072] GRAPH START
2026-04-28 06:44:41,404 INFO graph [REC-00072] AGENT=guardrail_input IN text_len=563
2026-04-28 06:44:42,109 INFO agent.guardrail guardrail INPUT action=NONE
2026-04-28 06:44:42,109 INFO graph [REC-00072] AGENT=guardrail_input OUT in 705ms blocked=False reason=None
2026-04-28 06:44:42,110 INFO graph [REC-00072] AGENT=triage IN text_len=563 product_hint=Conta Corrente
2026-04-28 06:44:42,858 INFO graph [REC-00066] AGENT=guardrail_output OUT in 1756ms
2026-04-28 06:44:42,859 INFO graph [REC-00066] GRAPH END timings={'guardrail_input': 601, 'triage': 13529, 'risk': 6168, 'report': 0, 'guardrail_output': 1756}
2026-04-28 06:44:42,859 INFO graph [REC-00074] GRAPH START
2026-04-28 06:44:42,861 INFO graph [REC-00074] AGENT=guardrail_input IN text_len=536
2026-04-28 06:44:43,450 INFO agent.guardrail guardrail INPUT action=NONE
2026-04-28 06:44:43,450 INFO graph [REC-00074] AGENT=guardrail_input OUT in 589ms blocked=False reason=None
2026-04-28 06:44:43,451 INFO graph [REC-00074] AGENT=triage IN text_len=536 product_hint=Conta Corrente
2026-04-28 06:44:47,317 INFO graph [REC-00071] AGENT=triage OUT in 11554ms category=Outros product=Não Identificado urgency=Baixa
2026-04-28 06:44:47,318 INFO graph [REC-00071] AGENT=risk IN triage_keys=['category', 'product', 'sentiment', 'urgency', 'summary']
2026-04-28 06:44:47,674 ERROR app [REC-00068] todas 3 tentativas falharam: An error occurred (ThrottlingException) when calling the InvokeModel operation (reached max retries: 4): Too many requests, please wait before trying again.
2026-04-28 06:44:47,674 WARNING app [REC-00068] throttling — agendado para próximo passe
2026-04-28 06:44:47,674 INFO graph [REC-00075] GRAPH START
2026-04-28 06:44:47,676 INFO graph [REC-00075] AGENT=guardrail_input IN text_len=664
2026-04-28 06:44:48,123 INFO agent.risk risk usou 4 trechos da política (top-k=4)
2026-04-28 06:44:48,123 INFO graph [REC-00073] AGENT=risk OUT in 7030ms level=Alto rag_chunks=4
2026-04-28 06:44:48,124 INFO graph [REC-00073] AGENT=report IN
2026-04-28 06:44:48,124 INFO graph [REC-00073] AGENT=report OUT in 0ms
2026-04-28 06:44:48,125 INFO graph [REC-00073] AGENT=guardrail_output IN
2026-04-28 06:44:48,236 INFO agent.guardrail guardrail INPUT action=NONE
2026-04-28 06:44:48,237 INFO graph [REC-00075] AGENT=guardrail_input OUT in 561ms blocked=False reason=None
2026-04-28 06:44:48,238 INFO graph [REC-00075] AGENT=triage IN text_len=664 product_hint=Cartão de Crédito
2026-04-28 06:44:49,340 WARNING agent.guardrail guardrail OUTPUT bloqueou campo=risk_justification — usando regex como fallback
2026-04-28 06:44:49,340 INFO graph [REC-00073] AGENT=guardrail_output OUT in 1215ms
2026-04-28 06:44:49,341 INFO graph [REC-00073] GRAPH END timings={'guardrail_input': 567, 'triage': 4717, 'risk': 7030, 'report': 0, 'guardrail_output': 1215}
2026-04-28 06:44:49,341 INFO graph [REC-00076] GRAPH START
2026-04-28 06:44:49,342 INFO graph [REC-00076] AGENT=guardrail_input IN text_len=436
2026-04-28 06:44:49,940 INFO agent.guardrail guardrail INPUT action=NONE
2026-04-28 06:44:49,940 INFO graph [REC-00076] AGENT=guardrail_input OUT in 598ms blocked=False reason=None
2026-04-28 06:44:49,941 INFO graph [REC-00076] AGENT=triage IN text_len=436 product_hint=Conta Corrente
2026-04-28 06:44:50,732 WARNING app [REC-00074] tentativa 1/3 falhou — retry em 1s: An error occurred (ThrottlingException) when calling the InvokeModel operation (reached max retries: 4): Too many requests, please wait before trying again.
2026-04-28 06:44:51,733 INFO graph [REC-00074] GRAPH START
2026-04-28 06:44:51,735 INFO graph [REC-00074] AGENT=guardrail_input IN text_len=536
2026-04-28 06:44:52,193 INFO agent.risk risk usou 4 trechos da política (top-k=4)
2026-04-28 06:44:52,193 INFO graph [REC-00071] AGENT=risk OUT in 4875ms level=Crítico rag_chunks=4
2026-04-28 06:44:52,194 INFO graph [REC-00071] AGENT=report IN
2026-04-28 06:44:52,194 INFO graph [REC-00071] AGENT=report OUT in 0ms
2026-04-28 06:44:52,194 INFO graph [REC-00071] AGENT=guardrail_output IN
2026-04-28 06:44:52,308 INFO agent.guardrail guardrail INPUT action=NONE
2026-04-28 06:44:52,309 INFO graph [REC-00074] AGENT=guardrail_input OUT in 574ms blocked=False reason=None
2026-04-28 06:44:52,310 INFO graph [REC-00074] AGENT=triage IN text_len=536 product_hint=Conta Corrente
2026-04-28 06:44:52,756 WARNING agent.guardrail guardrail OUTPUT bloqueou campo=summary — usando regex como fallback
2026-04-28 06:44:53,044 WARNING app [REC-00072] tentativa 2/3 falhou — retry em 2s: An error occurred (ThrottlingException) when calling the InvokeModel operation (reached max retries: 4): Too many requests, please wait before trying again.
2026-04-28 06:44:53,375 WARNING agent.guardrail guardrail OUTPUT bloqueou campo=risk_justification — usando regex como fallback
2026-04-28 06:44:53,375 INFO graph [REC-00071] AGENT=guardrail_output OUT in 1181ms
2026-04-28 06:44:53,376 INFO graph [REC-00071] GRAPH END timings={'guardrail_input': 605, 'triage': 11554, 'risk': 4875, 'report': 0, 'guardrail_output': 1181}
2026-04-28 06:44:53,376 INFO graph [REC-00077] GRAPH START
2026-04-28 06:44:53,377 INFO graph [REC-00077] AGENT=guardrail_input IN text_len=637
2026-04-28 06:44:53,391 INFO graph [REC-00075] AGENT=triage OUT in 5153ms category=Atendimento product=Cartão de Crédito urgency=Crítica
2026-04-28 06:44:53,391 INFO graph [REC-00075] AGENT=risk IN triage_keys=['category', 'product', 'sentiment', 'urgency', 'summary']
2026-04-28 06:44:53,948 INFO agent.guardrail guardrail INPUT action=NONE
2026-04-28 06:44:53,948 INFO graph [REC-00077] AGENT=guardrail_input OUT in 571ms blocked=False reason=None
2026-04-28 06:44:53,949 INFO graph [REC-00077] AGENT=triage IN text_len=637 product_hint=Conta Corrente
2026-04-28 06:44:55,044 INFO graph [REC-00072] GRAPH START
2026-04-28 06:44:55,046 INFO graph [REC-00072] AGENT=guardrail_input IN text_len=563
2026-04-28 06:44:55,200 WARNING app [REC-00076] tentativa 1/3 falhou — retry em 1s: An error occurred (ThrottlingException) when calling the InvokeModel operation (reached max retries: 4): Too many requests, please wait before trying again.
2026-04-28 06:44:55,640 INFO agent.guardrail guardrail INPUT action=NONE
2026-04-28 06:44:55,640 INFO graph [REC-00072] AGENT=guardrail_input OUT in 594ms blocked=False reason=None
2026-04-28 06:44:55,641 INFO graph [REC-00072] AGENT=triage IN text_len=563 product_hint=Conta Corrente
2026-04-28 06:44:56,201 INFO graph [REC-00076] GRAPH START
2026-04-28 06:44:56,203 INFO graph [REC-00076] AGENT=guardrail_input IN text_len=436
2026-04-28 06:44:56,740 INFO agent.guardrail guardrail INPUT action=NONE
2026-04-28 06:44:56,740 INFO graph [REC-00076] AGENT=guardrail_input OUT in 537ms blocked=False reason=None
2026-04-28 06:44:56,740 INFO graph [REC-00076] AGENT=triage IN text_len=436 product_hint=Conta Corrente
2026-04-28 06:44:58,532 INFO agent.risk risk usou 4 trechos da política (top-k=4)
2026-04-28 06:44:58,532 INFO graph [REC-00075] AGENT=risk OUT in 5141ms level=Alto rag_chunks=4
2026-04-28 06:44:58,533 INFO graph [REC-00075] AGENT=report IN
2026-04-28 06:44:58,533 INFO graph [REC-00075] AGENT=report OUT in 0ms
2026-04-28 06:44:58,533 INFO graph [REC-00075] AGENT=guardrail_output IN
2026-04-28 06:44:58,581 INFO graph [REC-00076] AGENT=triage OUT in 1841ms category=Cobrança Indevida product=Conta Corrente urgency=Média
2026-04-28 06:44:58,581 INFO graph [REC-00076] AGENT=risk IN triage_keys=['category', 'product', 'sentiment', 'urgency', 'summary']
2026-04-28 06:44:59,144 WARNING app [REC-00077] tentativa 1/3 falhou — retry em 1s: An error occurred (ThrottlingException) when calling the InvokeModel operation (reached max retries: 4): Too many requests, please wait before trying again.
2026-04-28 06:44:59,835 INFO graph [REC-00075] AGENT=guardrail_output OUT in 1302ms
2026-04-28 06:44:59,836 INFO graph [REC-00075] GRAPH END timings={'guardrail_input': 561, 'triage': 5153, 'risk': 5141, 'report': 0, 'guardrail_output': 1302}
2026-04-28 06:44:59,837 INFO graph [REC-00078] GRAPH START
2026-04-28 06:44:59,838 INFO graph [REC-00078] AGENT=guardrail_input IN text_len=626
2026-04-28 06:45:00,141 INFO graph [REC-00077] GRAPH START
2026-04-28 06:45:00,143 INFO graph [REC-00077] AGENT=guardrail_input IN text_len=637
2026-04-28 06:45:00,443 INFO agent.guardrail guardrail INPUT action=NONE
2026-04-28 06:45:00,443 INFO graph [REC-00078] AGENT=guardrail_input OUT in 605ms blocked=False reason=None
2026-04-28 06:45:00,444 INFO graph [REC-00078] AGENT=triage IN text_len=626 product_hint=Conta Corrente
2026-04-28 06:45:00,734 INFO agent.guardrail guardrail INPUT action=NONE
2026-04-28 06:45:00,735 INFO graph [REC-00077] AGENT=guardrail_input OUT in 592ms blocked=False reason=None
2026-04-28 06:45:00,736 INFO graph [REC-00077] AGENT=triage IN text_len=637 product_hint=Conta Corrente
2026-04-28 06:45:02,472 WARNING app [REC-00074] tentativa 2/3 falhou — retry em 2s: An error occurred (ThrottlingException) when calling the InvokeModel operation (reached max retries: 4): Too many requests, please wait before trying again.
2026-04-28 06:45:03,776 INFO agent.risk risk usou 4 trechos da política (top-k=4)
2026-04-28 06:45:03,776 INFO graph [REC-00076] AGENT=risk OUT in 5195ms level=Baixo rag_chunks=4
2026-04-28 06:45:03,776 INFO graph [REC-00076] AGENT=report IN
2026-04-28 06:45:03,777 INFO graph [REC-00076] AGENT=report OUT in 1ms
2026-04-28 06:45:03,777 INFO graph [REC-00076] AGENT=guardrail_output IN
2026-04-28 06:45:04,472 INFO graph [REC-00074] GRAPH START
2026-04-28 06:45:04,474 INFO graph [REC-00074] AGENT=guardrail_input IN text_len=536
2026-04-28 06:45:04,982 INFO graph [REC-00077] AGENT=triage OUT in 4246ms category=Produto/Serviço product=Conta Corrente urgency=Crítica
2026-04-28 06:45:04,982 INFO graph [REC-00077] AGENT=risk IN triage_keys=['category', 'product', 'sentiment', 'urgency', 'summary']
2026-04-28 06:45:05,031 INFO agent.guardrail guardrail INPUT action=NONE
2026-04-28 06:45:05,032 INFO graph [REC-00074] AGENT=guardrail_input OUT in 558ms blocked=False reason=None
2026-04-28 06:45:05,033 INFO graph [REC-00074] AGENT=triage IN text_len=536 product_hint=Conta Corrente
2026-04-28 06:45:05,038 INFO graph [REC-00076] AGENT=guardrail_output OUT in 1261ms
2026-04-28 06:45:05,038 INFO graph [REC-00076] GRAPH END timings={'guardrail_input': 537, 'triage': 1841, 'risk': 5195, 'report': 1, 'guardrail_output': 1261}
2026-04-28 06:45:05,038 INFO graph [REC-00079] GRAPH START
2026-04-28 06:45:05,039 INFO graph [REC-00079] AGENT=guardrail_input IN text_len=760
2026-04-28 06:45:05,600 INFO agent.guardrail guardrail INPUT action=GUARDRAIL_INTERVENED
2026-04-28 06:45:05,600 INFO graph [REC-00079] AGENT=guardrail_input OUT in 561ms blocked=True reason=bedrock_guardrail
2026-04-28 06:45:05,601 INFO graph [REC-00079] GRAPH END timings={'guardrail_input': 561}
2026-04-28 06:45:05,601 WARNING app [REC-00079] bloqueada pelo guardrail
2026-04-28 06:45:05,602 INFO graph [REC-00080] GRAPH START
2026-04-28 06:45:05,603 INFO graph [REC-00080] AGENT=guardrail_input IN text_len=489
2026-04-28 06:45:06,145 INFO agent.guardrail guardrail INPUT action=NONE
2026-04-28 06:45:06,145 INFO graph [REC-00080] AGENT=guardrail_input OUT in 542ms blocked=False reason=None
2026-04-28 06:45:06,146 INFO graph [REC-00080] AGENT=triage IN text_len=489 product_hint=Conta Corrente
2026-04-28 06:45:08,128 ERROR app [REC-00072] todas 3 tentativas falharam: An error occurred (ThrottlingException) when calling the InvokeModel operation (reached max retries: 4): Too many requests, please wait before trying again.
2026-04-28 06:45:08,129 WARNING app [REC-00072] throttling — agendado para próximo passe
2026-04-28 06:45:08,129 INFO graph [REC-00081] GRAPH START
2026-04-28 06:45:08,131 INFO graph [REC-00081] AGENT=guardrail_input IN text_len=620
2026-04-28 06:45:08,683 INFO agent.guardrail guardrail INPUT action=NONE
2026-04-28 06:45:08,684 INFO graph [REC-00081] AGENT=guardrail_input OUT in 553ms blocked=False reason=None
2026-04-28 06:45:08,684 INFO graph [REC-00081] AGENT=triage IN text_len=620 product_hint=None
2026-04-28 06:45:10,058 INFO agent.risk risk usou 4 trechos da política (top-k=4)
2026-04-28 06:45:10,059 INFO graph [REC-00077] AGENT=risk OUT in 5077ms level=Médio rag_chunks=4
2026-04-28 06:45:10,059 INFO graph [REC-00077] AGENT=report IN
2026-04-28 06:45:10,060 INFO graph [REC-00077] AGENT=report OUT in 1ms
2026-04-28 06:45:10,060 INFO graph [REC-00077] AGENT=guardrail_output IN
2026-04-28 06:45:10,772 INFO graph [REC-00081] AGENT=triage OUT in 2088ms category=Atendimento product=Não Identificado urgency=Alta
2026-04-28 06:45:10,773 INFO graph [REC-00081] AGENT=risk IN triage_keys=['category', 'product', 'sentiment', 'urgency', 'summary']
2026-04-28 06:45:11,288 INFO graph [REC-00077] AGENT=guardrail_output OUT in 1228ms
2026-04-28 06:45:11,289 INFO graph [REC-00077] GRAPH END timings={'guardrail_input': 592, 'triage': 4246, 'risk': 5077, 'report': 1, 'guardrail_output': 1228}
2026-04-28 06:45:11,290 INFO graph [REC-00082] GRAPH START
2026-04-28 06:45:11,291 INFO graph [REC-00082] AGENT=guardrail_input IN text_len=651
2026-04-28 06:45:11,924 INFO agent.guardrail guardrail INPUT action=GUARDRAIL_INTERVENED
2026-04-28 06:45:11,924 INFO graph [REC-00082] AGENT=guardrail_input OUT in 633ms blocked=True reason=bedrock_guardrail
2026-04-28 06:45:11,925 INFO graph [REC-00082] GRAPH END timings={'guardrail_input': 633}
2026-04-28 06:45:11,926 WARNING app [REC-00082] bloqueada pelo guardrail
2026-04-28 06:45:11,926 INFO graph [REC-00083] GRAPH START
2026-04-28 06:45:11,928 INFO graph [REC-00083] AGENT=guardrail_input IN text_len=523
2026-04-28 06:45:12,158 WARNING app [REC-00078] tentativa 1/3 falhou — retry em 1s: An error occurred (ThrottlingException) when calling the InvokeModel operation (reached max retries: 4): Too many requests, please wait before trying again.
2026-04-28 06:45:12,574 INFO agent.guardrail guardrail INPUT action=NONE
2026-04-28 06:45:12,574 INFO graph [REC-00083] AGENT=guardrail_input OUT in 647ms blocked=False reason=None
2026-04-28 06:45:12,575 INFO graph [REC-00083] AGENT=triage IN text_len=523 product_hint=Conta Corrente
2026-04-28 06:45:13,159 INFO graph [REC-00078] GRAPH START
2026-04-28 06:45:13,160 INFO graph [REC-00078] AGENT=guardrail_input IN text_len=626
2026-04-28 06:45:13,736 INFO agent.guardrail guardrail INPUT action=NONE
2026-04-28 06:45:13,737 INFO graph [REC-00078] AGENT=guardrail_input OUT in 577ms blocked=False reason=None
2026-04-28 06:45:13,737 INFO graph [REC-00078] AGENT=triage IN text_len=626 product_hint=Conta Corrente
2026-04-28 06:45:14,078 ERROR app [REC-00074] todas 3 tentativas falharam: An error occurred (ThrottlingException) when calling the InvokeModel operation (reached max retries: 4): Too many requests, please wait before trying again.
2026-04-28 06:45:14,079 WARNING app [REC-00074] throttling — agendado para próximo passe
2026-04-28 06:45:14,079 INFO graph [REC-00084] GRAPH START
2026-04-28 06:45:14,080 INFO graph [REC-00084] AGENT=guardrail_input IN text_len=680
2026-04-28 06:45:14,646 INFO agent.guardrail guardrail INPUT action=NONE
2026-04-28 06:45:14,646 INFO graph [REC-00084] AGENT=guardrail_input OUT in 566ms blocked=False reason=None
2026-04-28 06:45:14,647 INFO graph [REC-00084] AGENT=triage IN text_len=680 product_hint=Cartão de Crédito
2026-04-28 06:45:15,093 WARNING app [REC-00080] tentativa 1/3 falhou — retry em 1s: An error occurred (ThrottlingException) when calling the InvokeModel operation (reached max retries: 4): Too many requests, please wait before trying again.
2026-04-28 06:45:15,952 INFO agent.risk risk usou 4 trechos da política (top-k=4)
2026-04-28 06:45:15,952 INFO graph [REC-00081] AGENT=risk OUT in 5179ms level=Médio rag_chunks=4
2026-04-28 06:45:15,953 INFO graph [REC-00081] AGENT=report IN
2026-04-28 06:45:15,953 INFO graph [REC-00081] AGENT=report OUT in 0ms
2026-04-28 06:45:15,954 INFO graph [REC-00081] AGENT=guardrail_output IN
2026-04-28 06:45:16,094 INFO graph [REC-00080] GRAPH START
2026-04-28 06:45:16,095 INFO graph [REC-00080] AGENT=guardrail_input IN text_len=489
2026-04-28 06:45:16,665 INFO agent.guardrail guardrail INPUT action=NONE
2026-04-28 06:45:16,666 INFO graph [REC-00080] AGENT=guardrail_input OUT in 570ms blocked=False reason=None
2026-04-28 06:45:16,667 INFO graph [REC-00080] AGENT=triage IN text_len=489 product_hint=Conta Corrente
2026-04-28 06:45:16,849 INFO graph [REC-00084] AGENT=triage OUT in 2202ms category=Cobrança Indevida product=Cartão de Crédito urgency=Crítica
2026-04-28 06:45:16,850 INFO graph [REC-00084] AGENT=risk IN triage_keys=['category', 'product', 'sentiment', 'urgency', 'summary']
2026-04-28 06:45:17,189 INFO graph [REC-00081] AGENT=guardrail_output OUT in 1235ms
2026-04-28 06:45:17,190 INFO graph [REC-00081] GRAPH END timings={'guardrail_input': 553, 'triage': 2088, 'risk': 5179, 'report': 0, 'guardrail_output': 1235}
2026-04-28 06:45:17,190 INFO graph [REC-00085] GRAPH START
2026-04-28 06:45:17,192 INFO graph [REC-00085] AGENT=guardrail_input IN text_len=703
2026-04-28 06:45:17,776 INFO agent.guardrail guardrail INPUT action=GUARDRAIL_INTERVENED
2026-04-28 06:45:17,776 INFO graph [REC-00085] AGENT=guardrail_input OUT in 584ms blocked=True reason=bedrock_guardrail
2026-04-28 06:45:17,777 INFO graph [REC-00085] GRAPH END timings={'guardrail_input': 584}
2026-04-28 06:45:17,777 WARNING app [REC-00085] bloqueada pelo guardrail
2026-04-28 06:45:17,777 INFO graph [REC-00086] GRAPH START
2026-04-28 06:45:17,778 INFO graph [REC-00086] AGENT=guardrail_input IN text_len=529
2026-04-28 06:45:18,351 INFO agent.guardrail guardrail INPUT action=NONE
2026-04-28 06:45:18,352 INFO graph [REC-00086] AGENT=guardrail_input OUT in 574ms blocked=False reason=None
2026-04-28 06:45:18,352 INFO graph [REC-00086] AGENT=triage IN text_len=529 product_hint=Conta Corrente
2026-04-28 06:45:21,911 INFO agent.risk risk usou 4 trechos da política (top-k=4)
2026-04-28 06:45:21,912 INFO graph [REC-00084] AGENT=risk OUT in 5062ms level=Alto rag_chunks=4
2026-04-28 06:45:21,913 INFO graph [REC-00084] AGENT=report IN
2026-04-28 06:45:21,913 INFO graph [REC-00084] AGENT=report OUT in 1ms
2026-04-28 06:45:21,913 INFO graph [REC-00084] AGENT=guardrail_output IN
2026-04-28 06:45:22,839 WARNING app [REC-00078] tentativa 2/3 falhou — retry em 2s: An error occurred (ThrottlingException) when calling the InvokeModel operation (reached max retries: 4): Too many requests, please wait before trying again.
2026-04-28 06:45:23,097 INFO graph [REC-00084] AGENT=guardrail_output OUT in 1184ms
2026-04-28 06:45:23,098 INFO graph [REC-00084] GRAPH END timings={'guardrail_input': 566, 'triage': 2202, 'risk': 5062, 'report': 1, 'guardrail_output': 1184}
2026-04-28 06:45:23,098 INFO graph [REC-00087] GRAPH START
2026-04-28 06:45:23,099 INFO graph [REC-00087] AGENT=guardrail_input IN text_len=428
2026-04-28 06:45:23,258 WARNING app [REC-00083] tentativa 1/3 falhou — retry em 1s: An error occurred (ThrottlingException) when calling the InvokeModel operation (reached max retries: 4): Too many requests, please wait before trying again.
2026-04-28 06:45:23,567 WARNING app [REC-00080] tentativa 2/3 falhou — retry em 2s: An error occurred (ThrottlingException) when calling the InvokeModel operation (reached max retries: 4): Too many requests, please wait before trying again.
2026-04-28 06:45:23,665 INFO agent.guardrail guardrail INPUT action=GUARDRAIL_INTERVENED
2026-04-28 06:45:23,666 INFO graph [REC-00087] AGENT=guardrail_input OUT in 567ms blocked=True reason=bedrock_guardrail
2026-04-28 06:45:23,668 INFO graph [REC-00087] GRAPH END timings={'guardrail_input': 567}
2026-04-28 06:45:23,668 WARNING app [REC-00087] bloqueada pelo guardrail
2026-04-28 06:45:23,668 INFO graph [REC-00088] GRAPH START
2026-04-28 06:45:23,670 INFO graph [REC-00088] AGENT=guardrail_input IN text_len=616
2026-04-28 06:45:24,187 INFO graph [REC-00086] AGENT=triage OUT in 5835ms category=Cobrança Indevida product=Conta Corrente urgency=Crítica
2026-04-28 06:45:24,188 INFO graph [REC-00086] AGENT=risk IN triage_keys=['category', 'product', 'sentiment', 'urgency', 'summary']
2026-04-28 06:45:24,252 INFO agent.guardrail guardrail INPUT action=NONE
2026-04-28 06:45:24,252 INFO graph [REC-00088] AGENT=guardrail_input OUT in 582ms blocked=False reason=None
2026-04-28 06:45:24,254 INFO graph [REC-00088] AGENT=triage IN text_len=616 product_hint=Empréstimo
2026-04-28 06:45:24,259 INFO graph [REC-00083] GRAPH START
2026-04-28 06:45:24,260 INFO graph [REC-00083] AGENT=guardrail_input IN text_len=523
2026-04-28 06:45:24,839 INFO graph [REC-00078] GRAPH START
2026-04-28 06:45:24,841 INFO graph [REC-00078] AGENT=guardrail_input IN text_len=626
2026-04-28 06:45:24,887 INFO agent.guardrail guardrail INPUT action=NONE
2026-04-28 06:45:24,888 INFO graph [REC-00083] AGENT=guardrail_input OUT in 628ms blocked=False reason=None
2026-04-28 06:45:24,888 INFO graph [REC-00083] AGENT=triage IN text_len=523 product_hint=Conta Corrente
2026-04-28 06:45:25,435 INFO agent.guardrail guardrail INPUT action=NONE
2026-04-28 06:45:25,435 INFO graph [REC-00078] AGENT=guardrail_input OUT in 594ms blocked=False reason=None
2026-04-28 06:45:25,436 INFO graph [REC-00078] AGENT=triage IN text_len=626 product_hint=Conta Corrente
2026-04-28 06:45:25,567 INFO graph [REC-00080] GRAPH START
2026-04-28 06:45:25,569 INFO graph [REC-00080] AGENT=guardrail_input IN text_len=489
2026-04-28 06:45:26,162 INFO agent.guardrail guardrail INPUT action=NONE
2026-04-28 06:45:26,162 INFO graph [REC-00080] AGENT=guardrail_input OUT in 593ms blocked=False reason=None
2026-04-28 06:45:26,164 INFO graph [REC-00080] AGENT=triage IN text_len=489 product_hint=Conta Corrente
2026-04-28 06:45:26,954 WARNING app [REC-00088] tentativa 1/3 falhou — retry em 1s: An error occurred (ThrottlingException) when calling the InvokeModel operation (reached max retries: 4): Too many requests, please wait before trying again.
2026-04-28 06:45:27,955 INFO graph [REC-00088] GRAPH START
2026-04-28 06:45:27,956 INFO graph [REC-00088] AGENT=guardrail_input IN text_len=616
2026-04-28 06:45:28,554 INFO agent.guardrail guardrail INPUT action=NONE
2026-04-28 06:45:28,554 INFO graph [REC-00088] AGENT=guardrail_input OUT in 598ms blocked=False reason=None
2026-04-28 06:45:28,555 INFO graph [REC-00088] AGENT=triage IN text_len=616 product_hint=Empréstimo
2026-04-28 06:45:28,716 INFO graph [REC-00083] AGENT=triage OUT in 3828ms category=Fraude/Segurança product=Conta Corrente urgency=Alta
2026-04-28 06:45:28,716 INFO graph [REC-00083] AGENT=risk IN triage_keys=['category', 'product', 'sentiment', 'urgency', 'summary']
2026-04-28 06:45:29,685 INFO agent.risk risk usou 4 trechos da política (top-k=4)
2026-04-28 06:45:29,685 INFO graph [REC-00086] AGENT=risk OUT in 5498ms level=Crítico rag_chunks=4
2026-04-28 06:45:29,686 INFO graph [REC-00086] AGENT=report IN
2026-04-28 06:45:29,686 INFO graph [REC-00086] AGENT=report OUT in 0ms
2026-04-28 06:45:29,687 INFO graph [REC-00086] AGENT=guardrail_output IN
2026-04-28 06:45:30,795 INFO graph [REC-00086] AGENT=guardrail_output OUT in 1108ms
2026-04-28 06:45:30,795 INFO graph [REC-00086] GRAPH END timings={'guardrail_input': 574, 'triage': 5835, 'risk': 5498, 'report': 0, 'guardrail_output': 1108}
2026-04-28 06:45:30,796 INFO graph [REC-00089] GRAPH START
2026-04-28 06:45:30,796 INFO graph [REC-00089] AGENT=guardrail_input IN text_len=455
2026-04-28 06:45:31,418 INFO agent.guardrail guardrail INPUT action=NONE
2026-04-28 06:45:31,418 INFO graph [REC-00089] AGENT=guardrail_input OUT in 622ms blocked=False reason=None
2026-04-28 06:45:31,419 INFO graph [REC-00089] AGENT=triage IN text_len=455 product_hint=Conta Corrente
2026-04-28 06:45:34,773 INFO agent.risk risk usou 4 trechos da política (top-k=4)
2026-04-28 06:45:34,773 INFO graph [REC-00083] AGENT=risk OUT in 6057ms level=Alto rag_chunks=4
2026-04-28 06:45:34,774 INFO graph [REC-00083] AGENT=report IN
2026-04-28 06:45:34,774 INFO graph [REC-00083] AGENT=report OUT in 0ms
2026-04-28 06:45:34,775 INFO graph [REC-00083] AGENT=guardrail_output IN
2026-04-28 06:45:35,951 INFO graph [REC-00083] AGENT=guardrail_output OUT in 1176ms
2026-04-28 06:45:35,951 INFO graph [REC-00083] GRAPH END timings={'guardrail_input': 628, 'triage': 3828, 'risk': 6057, 'report': 0, 'guardrail_output': 1176}
2026-04-28 06:45:35,952 INFO graph [REC-00090] GRAPH START
2026-04-28 06:45:35,952 INFO graph [REC-00090] AGENT=guardrail_input IN text_len=713
2026-04-28 06:45:36,535 INFO agent.guardrail guardrail INPUT action=NONE
2026-04-28 06:45:36,535 INFO graph [REC-00090] AGENT=guardrail_input OUT in 583ms blocked=False reason=None
2026-04-28 06:45:36,537 INFO graph [REC-00090] AGENT=triage IN text_len=713 product_hint=None
2026-04-28 06:45:36,933 ERROR app [REC-00080] todas 3 tentativas falharam: An error occurred (ThrottlingException) when calling the InvokeModel operation (reached max retries: 4): Too many requests, please wait before trying again.
2026-04-28 06:45:36,933 WARNING app [REC-00080] throttling — agendado para próximo passe
2026-04-28 06:45:36,934 INFO graph [REC-00091] GRAPH START
2026-04-28 06:45:36,934 INFO graph [REC-00091] AGENT=guardrail_input IN text_len=656
2026-04-28 06:45:37,563 INFO agent.guardrail guardrail INPUT action=NONE
2026-04-28 06:45:37,563 INFO graph [REC-00091] AGENT=guardrail_input OUT in 629ms blocked=False reason=None
2026-04-28 06:45:37,565 INFO graph [REC-00091] AGENT=triage IN text_len=656 product_hint=Conta Corrente
2026-04-28 06:45:38,109 WARNING app [REC-00088] tentativa 2/3 falhou — retry em 2s: An error occurred (ThrottlingException) when calling the InvokeModel operation (reached max retries: 4): Too many requests, please wait before trying again.
2026-04-28 06:45:38,147 INFO graph [REC-00089] AGENT=triage OUT in 6728ms category=Cobrança Indevida product=Conta Corrente urgency=Alta
2026-04-28 06:45:38,148 INFO graph [REC-00089] AGENT=risk IN triage_keys=['category', 'product', 'sentiment', 'urgency', 'summary']
2026-04-28 06:45:40,110 INFO graph [REC-00088] GRAPH START
2026-04-28 06:45:40,112 INFO graph [REC-00088] AGENT=guardrail_input IN text_len=616
2026-04-28 06:45:40,759 INFO agent.guardrail guardrail INPUT action=NONE
2026-04-28 06:45:40,759 INFO graph [REC-00088] AGENT=guardrail_input OUT in 647ms blocked=False reason=None
2026-04-28 06:45:40,761 INFO graph [REC-00088] AGENT=triage IN text_len=616 product_hint=Empréstimo
2026-04-28 06:45:40,925 INFO graph [REC-00078] AGENT=triage OUT in 15489ms category=Cobrança Indevida product=Conta Corrente urgency=Alta
2026-04-28 06:45:40,926 INFO graph [REC-00078] AGENT=risk IN triage_keys=['category', 'product', 'sentiment', 'urgency', 'summary']
2026-04-28 06:45:43,248 INFO agent.risk risk usou 4 trechos da política (top-k=4)
2026-04-28 06:45:43,248 INFO graph [REC-00089] AGENT=risk OUT in 5100ms level=Médio rag_chunks=4
2026-04-28 06:45:43,249 INFO graph [REC-00089] AGENT=report IN
2026-04-28 06:45:43,249 INFO graph [REC-00089] AGENT=report OUT in 0ms
2026-04-28 06:45:43,249 INFO graph [REC-00089] AGENT=guardrail_output IN
2026-04-28 06:45:44,108 WARNING app [REC-00090] tentativa 1/3 falhou — retry em 1s: An error occurred (ThrottlingException) when calling the InvokeModel operation (reached max retries: 4): Too many requests, please wait before trying again.
2026-04-28 06:45:44,180 ERROR app [REC-00088] todas 3 tentativas falharam: An error occurred (ThrottlingException) when calling the InvokeModel operation (reached max retries: 4): Too many requests, please wait before trying again.
2026-04-28 06:45:44,180 WARNING app [REC-00088] throttling — agendado para próximo passe
2026-04-28 06:45:44,180 INFO graph [REC-00092] GRAPH START
2026-04-28 06:45:44,181 INFO graph [REC-00092] AGENT=guardrail_input IN text_len=705
2026-04-28 06:45:44,442 INFO graph [REC-00089] AGENT=guardrail_output OUT in 1193ms
2026-04-28 06:45:44,443 INFO graph [REC-00089] GRAPH END timings={'guardrail_input': 622, 'triage': 6728, 'risk': 5100, 'report': 0, 'guardrail_output': 1193}
2026-04-28 06:45:44,444 INFO graph [REC-00093] GRAPH START
2026-04-28 06:45:44,445 INFO graph [REC-00093] AGENT=guardrail_input IN text_len=630
2026-04-28 06:45:44,744 INFO agent.guardrail guardrail INPUT action=GUARDRAIL_INTERVENED
2026-04-28 06:45:44,744 INFO graph [REC-00092] AGENT=guardrail_input OUT in 563ms blocked=True reason=bedrock_guardrail
2026-04-28 06:45:44,745 INFO graph [REC-00092] GRAPH END timings={'guardrail_input': 563}
2026-04-28 06:45:44,745 WARNING app [REC-00092] bloqueada pelo guardrail
2026-04-28 06:45:44,745 INFO graph [REC-00094] GRAPH START
2026-04-28 06:45:44,746 INFO graph [REC-00094] AGENT=guardrail_input IN text_len=696
2026-04-28 06:45:45,028 INFO agent.guardrail guardrail INPUT action=NONE
2026-04-28 06:45:45,028 INFO graph [REC-00093] AGENT=guardrail_input OUT in 583ms blocked=False reason=None
2026-04-28 06:45:45,029 INFO graph [REC-00093] AGENT=triage IN text_len=630 product_hint=Seguros
2026-04-28 06:45:45,109 INFO graph [REC-00090] GRAPH START
2026-04-28 06:45:45,110 INFO graph [REC-00090] AGENT=guardrail_input IN text_len=713
2026-04-28 06:45:45,311 INFO agent.guardrail guardrail INPUT action=NONE
2026-04-28 06:45:45,311 INFO graph [REC-00094] AGENT=guardrail_input OUT in 565ms blocked=False reason=None
2026-04-28 06:45:45,311 INFO graph [REC-00094] AGENT=triage IN text_len=696 product_hint=Cartão de Crédito
2026-04-28 06:45:45,750 INFO agent.guardrail guardrail INPUT action=NONE
2026-04-28 06:45:45,751 INFO graph [REC-00090] AGENT=guardrail_input OUT in 641ms blocked=False reason=None
2026-04-28 06:45:45,752 INFO graph [REC-00090] AGENT=triage IN text_len=713 product_hint=None
2026-04-28 06:45:46,352 INFO agent.risk risk usou 4 trechos da política (top-k=4)
2026-04-28 06:45:46,352 INFO graph [REC-00078] AGENT=risk OUT in 5426ms level=Alto rag_chunks=4
2026-04-28 06:45:46,353 INFO graph [REC-00078] AGENT=report IN
2026-04-28 06:45:46,353 INFO graph [REC-00078] AGENT=report OUT in 0ms
2026-04-28 06:45:46,354 INFO graph [REC-00078] AGENT=guardrail_output IN
2026-04-28 06:45:46,918 INFO graph [REC-00093] AGENT=triage OUT in 1889ms category=Cobrança Indevida product=Seguros urgency=Alta
2026-04-28 06:45:46,918 INFO graph [REC-00093] AGENT=risk IN triage_keys=['category', 'product', 'sentiment', 'urgency', 'summary']
2026-04-28 06:45:47,049 WARNING app [REC-00091] tentativa 1/3 falhou — retry em 1s: An error occurred (ThrottlingException) when calling the InvokeModel operation (reached max retries: 4): Too many requests, please wait before trying again.
2026-04-28 06:45:47,547 INFO graph [REC-00078] AGENT=guardrail_output OUT in 1193ms
2026-04-28 06:45:47,548 INFO graph [REC-00078] GRAPH END timings={'guardrail_input': 594, 'triage': 15489, 'risk': 5426, 'report': 0, 'guardrail_output': 1193}
2026-04-28 06:45:47,548 INFO graph [REC-00095] GRAPH START
2026-04-28 06:45:47,550 INFO graph [REC-00095] AGENT=guardrail_input IN text_len=683
2026-04-28 06:45:48,050 INFO graph [REC-00091] GRAPH START
2026-04-28 06:45:48,051 INFO graph [REC-00091] AGENT=guardrail_input IN text_len=656
2026-04-28 06:45:48,126 INFO agent.guardrail guardrail INPUT action=NONE
2026-04-28 06:45:48,126 INFO graph [REC-00095] AGENT=guardrail_input OUT in 576ms blocked=False reason=None
2026-04-28 06:45:48,127 INFO graph [REC-00095] AGENT=triage IN text_len=683 product_hint=None
2026-04-28 06:45:48,644 INFO agent.guardrail guardrail INPUT action=NONE
2026-04-28 06:45:48,644 INFO graph [REC-00091] AGENT=guardrail_input OUT in 593ms blocked=False reason=None
2026-04-28 06:45:48,645 INFO graph [REC-00091] AGENT=triage IN text_len=656 product_hint=Conta Corrente
2026-04-28 06:45:52,212 WARNING app [REC-00090] tentativa 2/3 falhou — retry em 2s: An error occurred (ThrottlingException) when calling the InvokeModel operation (reached max retries: 4): Too many requests, please wait before trying again.
2026-04-28 06:45:52,668 INFO agent.risk risk usou 4 trechos da política (top-k=4)
2026-04-28 06:45:52,668 INFO graph [REC-00093] AGENT=risk OUT in 5750ms level=Médio rag_chunks=4
2026-04-28 06:45:52,669 INFO graph [REC-00093] AGENT=report IN
2026-04-28 06:45:52,669 INFO graph [REC-00093] AGENT=report OUT in 0ms
2026-04-28 06:45:52,670 INFO graph [REC-00093] AGENT=guardrail_output IN
2026-04-28 06:45:52,983 INFO graph [REC-00091] AGENT=triage OUT in 4338ms category=Cancelamento product=Conta Corrente urgency=Alta
2026-04-28 06:45:52,984 INFO graph [REC-00091] AGENT=risk IN triage_keys=['category', 'product', 'sentiment', 'urgency', 'summary']
2026-04-28 06:45:53,890 WARNING agent.guardrail guardrail OUTPUT bloqueou campo=risk_justification — usando regex como fallback
2026-04-28 06:45:53,890 INFO graph [REC-00093] AGENT=guardrail_output OUT in 1220ms
2026-04-28 06:45:53,891 INFO graph [REC-00093] GRAPH END timings={'guardrail_input': 583, 'triage': 1889, 'risk': 5750, 'report': 0, 'guardrail_output': 1220}
2026-04-28 06:45:53,891 INFO graph [REC-00096] GRAPH START
2026-04-28 06:45:53,892 INFO graph [REC-00096] AGENT=guardrail_input IN text_len=481
2026-04-28 06:45:54,212 INFO graph [REC-00090] GRAPH START
2026-04-28 06:45:54,214 INFO graph [REC-00090] AGENT=guardrail_input IN text_len=713
2026-04-28 06:45:54,453 INFO agent.guardrail guardrail INPUT action=NONE
2026-04-28 06:45:54,454 INFO graph [REC-00096] AGENT=guardrail_input OUT in 562ms blocked=False reason=None
2026-04-28 06:45:54,455 INFO graph [REC-00096] AGENT=triage IN text_len=481 product_hint=Cartão de Crédito
2026-04-28 06:45:54,784 INFO agent.guardrail guardrail INPUT action=NONE
2026-04-28 06:45:54,785 INFO graph [REC-00090] AGENT=guardrail_input OUT in 571ms blocked=False reason=None
2026-04-28 06:45:54,785 INFO graph [REC-00090] AGENT=triage IN text_len=713 product_hint=None
2026-04-28 06:45:56,352 WARNING app [REC-00094] tentativa 1/3 falhou — retry em 1s: An error occurred (ThrottlingException) when calling the InvokeModel operation (reached max retries: 4): Too many requests, please wait before trying again.
2026-04-28 06:45:56,589 WARNING app [REC-00095] tentativa 1/3 falhou — retry em 1s: An error occurred (ThrottlingException) when calling the InvokeModel operation (reached max retries: 4): Too many requests, please wait before trying again.
2026-04-28 06:45:57,352 INFO graph [REC-00094] GRAPH START
2026-04-28 06:45:57,355 INFO graph [REC-00094] AGENT=guardrail_input IN text_len=696
2026-04-28 06:45:57,590 INFO graph [REC-00095] GRAPH START
2026-04-28 06:45:57,592 INFO graph [REC-00095] AGENT=guardrail_input IN text_len=683
2026-04-28 06:45:57,942 INFO agent.guardrail guardrail INPUT action=NONE
2026-04-28 06:45:57,943 INFO graph [REC-00094] AGENT=guardrail_input OUT in 588ms blocked=False reason=None
2026-04-28 06:45:57,944 INFO graph [REC-00094] AGENT=triage IN text_len=696 product_hint=Cartão de Crédito
2026-04-28 06:45:58,018 INFO agent.risk risk usou 4 trechos da política (top-k=4)
2026-04-28 06:45:58,018 INFO graph [REC-00091] AGENT=risk OUT in 5034ms level=Alto rag_chunks=4
2026-04-28 06:45:58,019 INFO graph [REC-00091] AGENT=report IN
2026-04-28 06:45:58,019 INFO graph [REC-00091] AGENT=report OUT in 0ms
2026-04-28 06:45:58,019 INFO graph [REC-00091] AGENT=guardrail_output IN
2026-04-28 06:45:58,153 INFO agent.guardrail guardrail INPUT action=NONE
2026-04-28 06:45:58,154 INFO graph [REC-00095] AGENT=guardrail_input OUT in 562ms blocked=False reason=None
2026-04-28 06:45:58,154 INFO graph [REC-00095] AGENT=triage IN text_len=683 product_hint=None
2026-04-28 06:45:59,255 INFO graph [REC-00091] AGENT=guardrail_output OUT in 1236ms
2026-04-28 06:45:59,256 INFO graph [REC-00091] GRAPH END timings={'guardrail_input': 593, 'triage': 4338, 'risk': 5034, 'report': 0, 'guardrail_output': 1236}
2026-04-28 06:45:59,256 INFO graph [REC-00097] GRAPH START
2026-04-28 06:45:59,258 INFO graph [REC-00097] AGENT=guardrail_input IN text_len=583
2026-04-28 06:45:59,436 INFO graph [REC-00090] AGENT=triage OUT in 4651ms category=Cobrança Indevida product=Não Identificado urgency=Crítica
2026-04-28 06:45:59,437 INFO graph [REC-00090] AGENT=risk IN triage_keys=['category', 'product', 'sentiment', 'urgency', 'summary']
2026-04-28 06:45:59,908 INFO agent.guardrail guardrail INPUT action=NONE
2026-04-28 06:45:59,908 INFO graph [REC-00097] AGENT=guardrail_input OUT in 650ms blocked=False reason=None
2026-04-28 06:45:59,908 INFO graph [REC-00097] AGENT=triage IN text_len=583 product_hint=None
2026-04-28 06:46:04,894 WARNING app [REC-00096] tentativa 1/3 falhou — retry em 1s: An error occurred (ThrottlingException) when calling the InvokeModel operation (reached max retries: 4): Too many requests, please wait before trying again.
2026-04-28 06:46:05,148 INFO agent.risk risk usou 4 trechos da política (top-k=4)
2026-04-28 06:46:05,149 INFO graph [REC-00090] AGENT=risk OUT in 5712ms level=Crítico rag_chunks=4
2026-04-28 06:46:05,149 INFO graph [REC-00090] AGENT=report IN
2026-04-28 06:46:05,150 INFO graph [REC-00090] AGENT=report OUT in 1ms
2026-04-28 06:46:05,150 INFO graph [REC-00090] AGENT=guardrail_output IN
2026-04-28 06:46:05,895 INFO graph [REC-00096] GRAPH START
2026-04-28 06:46:05,896 INFO graph [REC-00096] AGENT=guardrail_input IN text_len=481
2026-04-28 06:46:06,235 INFO graph [REC-00095] AGENT=triage OUT in 8080ms category=Atendimento product=Conta Corrente urgency=Alta
2026-04-28 06:46:06,235 INFO graph [REC-00095] AGENT=risk IN triage_keys=['category', 'product', 'sentiment', 'urgency', 'summary']
2026-04-28 06:46:06,331 INFO graph [REC-00090] AGENT=guardrail_output OUT in 1181ms
2026-04-28 06:46:06,331 INFO graph [REC-00090] GRAPH END timings={'guardrail_input': 571, 'triage': 4651, 'risk': 5712, 'report': 1, 'guardrail_output': 1181}
2026-04-28 06:46:06,332 INFO graph [REC-00098] GRAPH START
2026-04-28 06:46:06,333 INFO graph [REC-00098] AGENT=guardrail_input IN text_len=562
2026-04-28 06:46:06,476 INFO agent.guardrail guardrail INPUT action=NONE
2026-04-28 06:46:06,477 INFO graph [REC-00096] AGENT=guardrail_input OUT in 581ms blocked=False reason=None
2026-04-28 06:46:06,478 INFO graph [REC-00096] AGENT=triage IN text_len=481 product_hint=Cartão de Crédito
2026-04-28 06:46:06,916 INFO agent.guardrail guardrail INPUT action=NONE
2026-04-28 06:46:06,917 INFO graph [REC-00098] AGENT=guardrail_input OUT in 584ms blocked=False reason=None
2026-04-28 06:46:06,918 INFO graph [REC-00098] AGENT=triage IN text_len=562 product_hint=Seguros
2026-04-28 06:46:06,945 WARNING app [REC-00097] tentativa 1/3 falhou — retry em 1s: An error occurred (ThrottlingException) when calling the InvokeModel operation (reached max retries: 4): Too many requests, please wait before trying again.
2026-04-28 06:46:07,950 INFO graph [REC-00097] GRAPH START
2026-04-28 06:46:07,952 INFO graph [REC-00097] AGENT=guardrail_input IN text_len=583
2026-04-28 06:46:08,512 INFO agent.guardrail guardrail INPUT action=NONE
2026-04-28 06:46:08,513 INFO graph [REC-00097] AGENT=guardrail_input OUT in 561ms blocked=False reason=None
2026-04-28 06:46:08,514 INFO graph [REC-00097] AGENT=triage IN text_len=583 product_hint=None
2026-04-28 06:46:09,495 WARNING app [REC-00094] tentativa 2/3 falhou — retry em 2s: An error occurred (ThrottlingException) when calling the InvokeModel operation (reached max retries: 4): Too many requests, please wait before trying again.
2026-04-28 06:46:10,702 INFO graph [REC-00097] AGENT=triage OUT in 2188ms category=Cobrança Indevida product=Seguros urgency=Alta
2026-04-28 06:46:10,703 INFO graph [REC-00097] AGENT=risk IN triage_keys=['category', 'product', 'sentiment', 'urgency', 'summary']
2026-04-28 06:46:11,335 INFO agent.risk risk usou 4 trechos da política (top-k=4)
2026-04-28 06:46:11,335 INFO graph [REC-00095] AGENT=risk OUT in 5100ms level=Alto rag_chunks=4
2026-04-28 06:46:11,336 INFO graph [REC-00095] AGENT=report IN
2026-04-28 06:46:11,336 INFO graph [REC-00095] AGENT=report OUT in 0ms
2026-04-28 06:46:11,337 INFO graph [REC-00095] AGENT=guardrail_output IN
2026-04-28 06:46:11,495 INFO graph [REC-00094] GRAPH START
2026-04-28 06:46:11,497 INFO graph [REC-00094] AGENT=guardrail_input IN text_len=696
2026-04-28 06:46:11,908 WARNING agent.guardrail guardrail OUTPUT bloqueou campo=summary — usando regex como fallback
2026-04-28 06:46:12,058 INFO agent.guardrail guardrail INPUT action=NONE
2026-04-28 06:46:12,059 INFO graph [REC-00094] AGENT=guardrail_input OUT in 562ms blocked=False reason=None
2026-04-28 06:46:12,059 INFO graph [REC-00094] AGENT=triage IN text_len=696 product_hint=Cartão de Crédito
2026-04-28 06:46:12,466 WARNING agent.guardrail guardrail OUTPUT bloqueou campo=risk_justification — usando regex como fallback
2026-04-28 06:46:12,466 INFO graph [REC-00095] AGENT=guardrail_output OUT in 1129ms
2026-04-28 06:46:12,467 INFO graph [REC-00095] GRAPH END timings={'guardrail_input': 562, 'triage': 8080, 'risk': 5100, 'report': 0, 'guardrail_output': 1129}
2026-04-28 06:46:12,467 INFO graph [REC-00099] GRAPH START
2026-04-28 06:46:12,468 INFO graph [REC-00099] AGENT=guardrail_input IN text_len=570
2026-04-28 06:46:13,018 INFO agent.guardrail guardrail INPUT action=GUARDRAIL_INTERVENED
2026-04-28 06:46:13,018 INFO graph [REC-00099] AGENT=guardrail_input OUT in 550ms blocked=True reason=bedrock_guardrail
2026-04-28 06:46:13,019 INFO graph [REC-00099] GRAPH END timings={'guardrail_input': 550}
2026-04-28 06:46:13,019 WARNING app [REC-00099] bloqueada pelo guardrail
2026-04-28 06:46:13,020 INFO graph [REC-00100] GRAPH START
2026-04-28 06:46:13,021 INFO graph [REC-00100] AGENT=guardrail_input IN text_len=525
2026-04-28 06:46:13,584 INFO agent.guardrail guardrail INPUT action=NONE
2026-04-28 06:46:13,585 INFO graph [REC-00100] AGENT=guardrail_input OUT in 564ms blocked=False reason=None
2026-04-28 06:46:13,585 INFO graph [REC-00100] AGENT=triage IN text_len=525 product_hint=Cartão de Crédito
2026-04-28 06:46:13,710 WARNING app [REC-00096] tentativa 2/3 falhou — retry em 2s: An error occurred (ThrottlingException) when calling the InvokeModel operation (reached max retries: 4): Too many requests, please wait before trying again.
2026-04-28 06:46:15,710 INFO graph [REC-00096] GRAPH START
2026-04-28 06:46:15,712 INFO graph [REC-00096] AGENT=guardrail_input IN text_len=481
2026-04-28 06:46:16,351 INFO agent.guardrail guardrail INPUT action=NONE
2026-04-28 06:46:16,352 INFO graph [REC-00096] AGENT=guardrail_input OUT in 640ms blocked=False reason=None
2026-04-28 06:46:16,353 INFO graph [REC-00096] AGENT=triage IN text_len=481 product_hint=Cartão de Crédito
2026-04-28 06:46:16,469 INFO agent.risk risk usou 4 trechos da política (top-k=4)
2026-04-28 06:46:16,469 INFO graph [REC-00097] AGENT=risk OUT in 5766ms level=Alto rag_chunks=4
2026-04-28 06:46:16,469 INFO graph [REC-00097] AGENT=report IN
2026-04-28 06:46:16,469 INFO graph [REC-00097] AGENT=report OUT in 0ms
2026-04-28 06:46:16,470 INFO graph [REC-00097] AGENT=guardrail_output IN
2026-04-28 06:46:16,680 WARNING app [REC-00098] tentativa 1/3 falhou — retry em 1s: An error occurred (ThrottlingException) when calling the InvokeModel operation (reached max retries: 4): Too many requests, please wait before trying again.
2026-04-28 06:46:16,751 INFO graph [REC-00100] AGENT=triage OUT in 3166ms category=Atendimento product=Cartão de Crédito urgency=Crítica
2026-04-28 06:46:16,752 INFO graph [REC-00100] AGENT=risk IN triage_keys=['category', 'product', 'sentiment', 'urgency', 'summary']
2026-04-28 06:46:17,680 INFO graph [REC-00098] GRAPH START
2026-04-28 06:46:17,681 INFO graph [REC-00098] AGENT=guardrail_input IN text_len=562
2026-04-28 06:46:17,710 WARNING agent.guardrail guardrail OUTPUT bloqueou campo=risk_justification — usando regex como fallback
2026-04-28 06:46:17,710 INFO graph [REC-00097] AGENT=guardrail_output OUT in 1240ms
2026-04-28 06:46:17,710 INFO graph [REC-00097] GRAPH END timings={'guardrail_input': 561, 'triage': 2188, 'risk': 5766, 'report': 0, 'guardrail_output': 1240}
2026-04-28 06:46:18,261 INFO agent.guardrail guardrail INPUT action=NONE
2026-04-28 06:46:18,262 INFO graph [REC-00098] AGENT=guardrail_input OUT in 581ms blocked=False reason=None
2026-04-28 06:46:18,263 INFO graph [REC-00098] AGENT=triage IN text_len=562 product_hint=Seguros
2026-04-28 06:46:18,849 ERROR app [REC-00094] todas 3 tentativas falharam: An error occurred (ThrottlingException) when calling the InvokeModel operation (reached max retries: 4): Too many requests, please wait before trying again.
2026-04-28 06:46:18,850 WARNING app [REC-00094] throttling — agendado para próximo passe
2026-04-28 06:46:22,822 INFO agent.risk risk usou 4 trechos da política (top-k=4)
2026-04-28 06:46:22,822 INFO graph [REC-00100] AGENT=risk OUT in 6070ms level=Alto rag_chunks=4
2026-04-28 06:46:22,823 INFO graph [REC-00100] AGENT=report IN
2026-04-28 06:46:22,823 INFO graph [REC-00100] AGENT=report OUT in 0ms
2026-04-28 06:46:22,823 INFO graph [REC-00100] AGENT=guardrail_output IN
2026-04-28 06:46:24,168 WARNING agent.guardrail guardrail OUTPUT bloqueou campo=risk_justification — usando regex como fallback
2026-04-28 06:46:24,168 INFO graph [REC-00100] AGENT=guardrail_output OUT in 1345ms
2026-04-28 06:46:24,169 INFO graph [REC-00100] GRAPH END timings={'guardrail_input': 564, 'triage': 3166, 'risk': 6070, 'report': 0, 'guardrail_output': 1345}
2026-04-28 06:46:24,588 INFO graph [REC-00098] AGENT=triage OUT in 6325ms category=Cobrança Indevida product=Seguros urgency=Alta
2026-04-28 06:46:24,589 INFO graph [REC-00098] AGENT=risk IN triage_keys=['category', 'product', 'sentiment', 'urgency', 'summary']
2026-04-28 06:46:26,510 ERROR app [REC-00096] todas 3 tentativas falharam: An error occurred (ThrottlingException) when calling the InvokeModel operation (reached max retries: 4): Too many requests, please wait before trying again.
2026-04-28 06:46:26,510 WARNING app [REC-00096] throttling — agendado para próximo passe
2026-04-28 06:46:29,541 INFO agent.risk risk usou 4 trechos da política (top-k=4)
2026-04-28 06:46:29,542 INFO graph [REC-00098] AGENT=risk OUT in 4953ms level=Médio rag_chunks=4
2026-04-28 06:46:29,543 INFO graph [REC-00098] AGENT=report IN
2026-04-28 06:46:29,543 INFO graph [REC-00098] AGENT=report OUT in 0ms
2026-04-28 06:46:29,544 INFO graph [REC-00098] AGENT=guardrail_output IN
2026-04-28 06:46:30,724 INFO graph [REC-00098] AGENT=guardrail_output OUT in 1180ms
2026-04-28 06:46:30,725 INFO graph [REC-00098] GRAPH END timings={'guardrail_input': 581, 'triage': 6325, 'risk': 4953, 'report': 0, 'guardrail_output': 1180}
2026-04-28 06:46:30,729 INFO app batch passe 1/3: sucesso=83 throttled=17 (17%) | 359.6s | 13.9 reg/min
2026-04-28 06:46:30,729 INFO app AIMD ↓ throttle=17% → workers=2 delay=1.00s
2026-04-28 06:46:30,738 WARNING app batch passe 1/3: 17 registros pendentes → failed_report_2026-04-28-06-40-31.json
2026-04-28 06:46:30,738 INFO app batch passe 2/3: aguardando 18s (throttle_rate anterior=17%)
2026-04-28 06:46:48,289 INFO app batch passe 2/3: 17 registros | workers=2 delay=1.00s retries=1
2026-04-28 06:46:49,290 INFO graph [REC-00023] GRAPH START
2026-04-28 06:46:49,291 INFO graph [REC-00023] AGENT=guardrail_input IN text_len=670
2026-04-28 06:46:49,294 INFO graph [REC-00024] GRAPH START
2026-04-28 06:46:49,298 INFO graph [REC-00024] AGENT=guardrail_input IN text_len=513
2026-04-28 06:46:49,882 INFO agent.guardrail guardrail INPUT action=NONE
2026-04-28 06:46:49,884 INFO agent.guardrail guardrail INPUT action=NONE
2026-04-28 06:46:49,884 INFO graph [REC-00024] AGENT=guardrail_input OUT in 586ms blocked=False reason=None
2026-04-28 06:46:49,884 INFO graph [REC-00023] AGENT=guardrail_input OUT in 593ms blocked=False reason=None
2026-04-28 06:46:49,886 INFO graph [REC-00024] AGENT=triage IN text_len=513 product_hint=None
2026-04-28 06:46:49,887 INFO graph [REC-00023] AGENT=triage IN text_len=670 product_hint=Empréstimo
2026-04-28 06:46:51,790 INFO graph [REC-00023] AGENT=triage OUT in 1903ms category=Cobrança Indevida product=Empréstimo urgency=Crítica
2026-04-28 06:46:51,791 INFO graph [REC-00023] AGENT=risk IN triage_keys=['category', 'product', 'sentiment', 'urgency', 'summary']
2026-04-28 06:46:52,261 INFO graph [REC-00024] AGENT=triage OUT in 2375ms category=Produto/Serviço product=Conta Corrente urgency=Alta
2026-04-28 06:46:52,262 INFO graph [REC-00024] AGENT=risk IN triage_keys=['category', 'product', 'sentiment', 'urgency', 'summary']
2026-04-28 06:46:57,131 INFO agent.risk risk usou 4 trechos da política (top-k=4)
2026-04-28 06:46:57,131 INFO graph [REC-00023] AGENT=risk OUT in 5340ms level=Crítico rag_chunks=4
2026-04-28 06:46:57,132 INFO graph [REC-00023] AGENT=report IN
2026-04-28 06:46:57,132 INFO graph [REC-00023] AGENT=report OUT in 0ms
2026-04-28 06:46:57,132 INFO graph [REC-00023] AGENT=guardrail_output IN
2026-04-28 06:46:57,968 INFO agent.risk risk usou 4 trechos da política (top-k=4)
2026-04-28 06:46:57,968 INFO graph [REC-00024] AGENT=risk OUT in 5706ms level=Médio rag_chunks=4
2026-04-28 06:46:57,968 INFO graph [REC-00024] AGENT=report IN
2026-04-28 06:46:57,969 INFO graph [REC-00024] AGENT=report OUT in 1ms
2026-04-28 06:46:57,969 INFO graph [REC-00024] AGENT=guardrail_output IN
2026-04-28 06:46:58,313 WARNING agent.guardrail guardrail OUTPUT bloqueou campo=risk_justification — usando regex como fallback
2026-04-28 06:46:58,313 INFO graph [REC-00023] AGENT=guardrail_output OUT in 1181ms
2026-04-28 06:46:58,314 INFO graph [REC-00023] GRAPH END timings={'guardrail_input': 593, 'triage': 1903, 'risk': 5340, 'report': 0, 'guardrail_output': 1181}
2026-04-28 06:46:59,162 INFO graph [REC-00024] AGENT=guardrail_output OUT in 1193ms
2026-04-28 06:46:59,163 INFO graph [REC-00024] GRAPH END timings={'guardrail_input': 586, 'triage': 2375, 'risk': 5706, 'report': 1, 'guardrail_output': 1193}
2026-04-28 06:46:59,314 INFO graph [REC-00032] GRAPH START
2026-04-28 06:46:59,316 INFO graph [REC-00032] AGENT=guardrail_input IN text_len=577
2026-04-28 06:46:59,878 INFO agent.guardrail guardrail INPUT action=NONE
2026-04-28 06:46:59,878 INFO graph [REC-00032] AGENT=guardrail_input OUT in 562ms blocked=False reason=None
2026-04-28 06:46:59,879 INFO graph [REC-00032] AGENT=triage IN text_len=577 product_hint=Cartão de Crédito
2026-04-28 06:47:00,161 INFO graph [REC-00034] GRAPH START
2026-04-28 06:47:00,163 INFO graph [REC-00034] AGENT=guardrail_input IN text_len=632
2026-04-28 06:47:00,763 INFO agent.guardrail guardrail INPUT action=NONE
2026-04-28 06:47:00,763 INFO graph [REC-00034] AGENT=guardrail_input OUT in 600ms blocked=False reason=None
2026-04-28 06:47:00,764 INFO graph [REC-00034] AGENT=triage IN text_len=632 product_hint=Conta Corrente
2026-04-28 06:47:01,805 INFO graph [REC-00032] AGENT=triage OUT in 1926ms category=Cobrança Indevida product=Cartão de Crédito urgency=Alta
2026-04-28 06:47:01,806 INFO graph [REC-00032] AGENT=risk IN triage_keys=['category', 'product', 'sentiment', 'urgency', 'summary']
2026-04-28 06:47:02,924 INFO graph [REC-00034] AGENT=triage OUT in 2160ms category=Cancelamento product=Conta Corrente urgency=Crítica
2026-04-28 06:47:02,925 INFO graph [REC-00034] AGENT=risk IN triage_keys=['category', 'product', 'sentiment', 'urgency', 'summary']
2026-04-28 06:47:07,844 INFO agent.risk risk usou 4 trechos da política (top-k=4)
2026-04-28 06:47:07,844 INFO graph [REC-00034] AGENT=risk OUT in 4919ms level=Alto rag_chunks=4
2026-04-28 06:47:07,844 INFO graph [REC-00034] AGENT=report IN
2026-04-28 06:47:07,845 INFO graph [REC-00034] AGENT=report OUT in 1ms
2026-04-28 06:47:07,845 INFO graph [REC-00034] AGENT=guardrail_output IN
2026-04-28 06:47:07,912 INFO agent.risk risk usou 4 trechos da política (top-k=4)
2026-04-28 06:47:07,913 INFO graph [REC-00032] AGENT=risk OUT in 6107ms level=Alto rag_chunks=4
2026-04-28 06:47:07,913 INFO graph [REC-00032] AGENT=report IN
2026-04-28 06:47:07,913 INFO graph [REC-00032] AGENT=report OUT in 0ms
2026-04-28 06:47:07,913 INFO graph [REC-00032] AGENT=guardrail_output IN
2026-04-28 06:47:09,032 INFO graph [REC-00032] AGENT=guardrail_output OUT in 1119ms
2026-04-28 06:47:09,033 INFO graph [REC-00032] GRAPH END timings={'guardrail_input': 562, 'triage': 1926, 'risk': 6107, 'report': 0, 'guardrail_output': 1119}
2026-04-28 06:47:09,034 WARNING agent.guardrail guardrail OUTPUT bloqueou campo=risk_justification — usando regex como fallback
2026-04-28 06:47:09,035 INFO graph [REC-00034] AGENT=guardrail_output OUT in 1190ms
2026-04-28 06:47:09,035 INFO graph [REC-00034] GRAPH END timings={'guardrail_input': 600, 'triage': 2160, 'risk': 4919, 'report': 1, 'guardrail_output': 1190}
2026-04-28 06:47:10,034 INFO graph [REC-00038] GRAPH START
2026-04-28 06:47:10,035 INFO graph [REC-00038] AGENT=guardrail_input IN text_len=690
2026-04-28 06:47:10,037 INFO graph [REC-00040] GRAPH START
2026-04-28 06:47:10,041 INFO graph [REC-00040] AGENT=guardrail_input IN text_len=593
2026-04-28 06:47:10,624 INFO agent.guardrail guardrail INPUT action=NONE
2026-04-28 06:47:10,624 INFO graph [REC-00040] AGENT=guardrail_input OUT in 583ms blocked=False reason=None
2026-04-28 06:47:10,625 INFO graph [REC-00040] AGENT=triage IN text_len=593 product_hint=Investimentos
2026-04-28 06:47:10,643 INFO agent.guardrail guardrail INPUT action=NONE
2026-04-28 06:47:10,643 INFO graph [REC-00038] AGENT=guardrail_input OUT in 608ms blocked=False reason=None
2026-04-28 06:47:10,644 INFO graph [REC-00038] AGENT=triage IN text_len=690 product_hint=Seguros
2026-04-28 06:47:12,797 INFO graph [REC-00040] AGENT=triage OUT in 2172ms category=Produto/Serviço product=Investimentos urgency=Crítica
2026-04-28 06:47:12,797 INFO graph [REC-00040] AGENT=risk IN triage_keys=['category', 'product', 'sentiment', 'urgency', 'summary']
2026-04-28 06:47:12,871 INFO graph [REC-00038] AGENT=triage OUT in 2227ms category=Produto/Serviço product=Seguros urgency=Crítica
2026-04-28 06:47:12,872 INFO graph [REC-00038] AGENT=risk IN triage_keys=['category', 'product', 'sentiment', 'urgency', 'summary']
2026-04-28 06:47:18,206 INFO agent.risk risk usou 4 trechos da política (top-k=4)
2026-04-28 06:47:18,206 INFO graph [REC-00038] AGENT=risk OUT in 5334ms level=Crítico rag_chunks=4
2026-04-28 06:47:18,207 INFO graph [REC-00038] AGENT=report IN
2026-04-28 06:47:18,207 INFO graph [REC-00038] AGENT=report OUT in 0ms
2026-04-28 06:47:18,207 INFO graph [REC-00038] AGENT=guardrail_output IN
2026-04-28 06:47:19,405 INFO agent.risk risk usou 4 trechos da política (top-k=4)
2026-04-28 06:47:19,405 INFO graph [REC-00040] AGENT=risk OUT in 6608ms level=Crítico rag_chunks=4
2026-04-28 06:47:19,406 INFO graph [REC-00040] AGENT=report IN
2026-04-28 06:47:19,406 INFO graph [REC-00040] AGENT=report OUT in 0ms
2026-04-28 06:47:19,406 INFO graph [REC-00040] AGENT=guardrail_output IN
2026-04-28 06:47:19,488 WARNING agent.guardrail guardrail OUTPUT bloqueou campo=risk_justification — usando regex como fallback
2026-04-28 06:47:19,488 INFO graph [REC-00038] AGENT=guardrail_output OUT in 1281ms
2026-04-28 06:47:19,489 INFO graph [REC-00038] GRAPH END timings={'guardrail_input': 608, 'triage': 2227, 'risk': 5334, 'report': 0, 'guardrail_output': 1281}
2026-04-28 06:47:20,016 WARNING agent.guardrail guardrail OUTPUT bloqueou campo=summary — usando regex como fallback
2026-04-28 06:47:20,489 INFO graph [REC-00048] GRAPH START
2026-04-28 06:47:20,491 INFO graph [REC-00048] AGENT=guardrail_input IN text_len=649
2026-04-28 06:47:20,624 WARNING agent.guardrail guardrail OUTPUT bloqueou campo=risk_justification — usando regex como fallback
2026-04-28 06:47:20,625 INFO graph [REC-00040] AGENT=guardrail_output OUT in 1218ms
2026-04-28 06:47:20,625 INFO graph [REC-00040] GRAPH END timings={'guardrail_input': 583, 'triage': 2172, 'risk': 6608, 'report': 0, 'guardrail_output': 1218}
2026-04-28 06:47:21,078 INFO agent.guardrail guardrail INPUT action=NONE
2026-04-28 06:47:21,078 INFO graph [REC-00048] AGENT=guardrail_input OUT in 587ms blocked=False reason=None
2026-04-28 06:47:21,079 INFO graph [REC-00048] AGENT=triage IN text_len=649 product_hint=Conta Corrente
2026-04-28 06:47:21,626 INFO graph [REC-00050] GRAPH START
2026-04-28 06:47:21,628 INFO graph [REC-00050] AGENT=guardrail_input IN text_len=652
2026-04-28 06:47:22,191 INFO agent.guardrail guardrail INPUT action=NONE
2026-04-28 06:47:22,191 INFO graph [REC-00050] AGENT=guardrail_input OUT in 563ms blocked=False reason=None
2026-04-28 06:47:22,192 INFO graph [REC-00050] AGENT=triage IN text_len=652 product_hint=Conta Corrente
2026-04-28 06:47:23,206 INFO graph [REC-00048] AGENT=triage OUT in 2127ms category=Cancelamento product=Conta Corrente urgency=Crítica
2026-04-28 06:47:23,207 INFO graph [REC-00048] AGENT=risk IN triage_keys=['category', 'product', 'sentiment', 'urgency', 'summary']
2026-04-28 06:47:24,292 INFO graph [REC-00050] AGENT=triage OUT in 2100ms category=Cobrança Indevida product=Conta Corrente urgency=Alta
2026-04-28 06:47:24,293 INFO graph [REC-00050] AGENT=risk IN triage_keys=['category', 'product', 'sentiment', 'urgency', 'summary']
2026-04-28 06:47:28,303 INFO agent.risk risk usou 4 trechos da política (top-k=4)
2026-04-28 06:47:28,303 INFO graph [REC-00048] AGENT=risk OUT in 5096ms level=Crítico rag_chunks=4
2026-04-28 06:47:28,304 INFO graph [REC-00048] AGENT=report IN
2026-04-28 06:47:28,304 INFO graph [REC-00048] AGENT=report OUT in 0ms
2026-04-28 06:47:28,304 INFO graph [REC-00048] AGENT=guardrail_output IN
2026-04-28 06:47:28,916 WARNING agent.guardrail guardrail OUTPUT bloqueou campo=summary — usando regex como fallback
2026-04-28 06:47:29,342 INFO agent.risk risk usou 4 trechos da política (top-k=4)
2026-04-28 06:47:29,342 INFO graph [REC-00050] AGENT=risk OUT in 5049ms level=Médio rag_chunks=4
2026-04-28 06:47:29,343 INFO graph [REC-00050] AGENT=report IN
2026-04-28 06:47:29,343 INFO graph [REC-00050] AGENT=report OUT in 0ms
2026-04-28 06:47:29,343 INFO graph [REC-00050] AGENT=guardrail_output IN
2026-04-28 06:47:29,506 INFO graph [REC-00048] AGENT=guardrail_output OUT in 1201ms
2026-04-28 06:47:29,506 INFO graph [REC-00048] GRAPH END timings={'guardrail_input': 587, 'triage': 2127, 'risk': 5096, 'report': 0, 'guardrail_output': 1201}
2026-04-28 06:47:30,460 WARNING agent.guardrail guardrail OUTPUT bloqueou campo=risk_justification — usando regex como fallback
2026-04-28 06:47:30,460 INFO graph [REC-00050] AGENT=guardrail_output OUT in 1117ms
2026-04-28 06:47:30,461 INFO graph [REC-00050] GRAPH END timings={'guardrail_input': 563, 'triage': 2100, 'risk': 5049, 'report': 0, 'guardrail_output': 1117}
2026-04-28 06:47:30,503 INFO graph [REC-00056] GRAPH START
2026-04-28 06:47:30,504 INFO graph [REC-00056] AGENT=guardrail_input IN text_len=357
2026-04-28 06:47:31,068 INFO agent.guardrail guardrail INPUT action=NONE
2026-04-28 06:47:31,069 INFO graph [REC-00056] AGENT=guardrail_input OUT in 565ms blocked=False reason=None
2026-04-28 06:47:31,070 INFO graph [REC-00056] AGENT=triage IN text_len=357 product_hint=Investimentos
2026-04-28 06:47:31,461 INFO graph [REC-00061] GRAPH START
2026-04-28 06:47:31,463 INFO graph [REC-00061] AGENT=guardrail_input IN text_len=526
2026-04-28 06:47:32,028 INFO agent.guardrail guardrail INPUT action=NONE
2026-04-28 06:47:32,028 INFO graph [REC-00061] AGENT=guardrail_input OUT in 565ms blocked=False reason=None
2026-04-28 06:47:32,029 INFO graph [REC-00061] AGENT=triage IN text_len=526 product_hint=Conta Corrente
2026-04-28 06:47:32,743 INFO graph [REC-00056] AGENT=triage OUT in 1673ms category=Cobrança Indevida product=Investimentos urgency=Média
2026-04-28 06:47:32,744 INFO graph [REC-00056] AGENT=risk IN triage_keys=['category', 'product', 'sentiment', 'urgency', 'summary']
2026-04-28 06:47:33,952 INFO graph [REC-00061] AGENT=triage OUT in 1923ms category=Cancelamento product=Conta Corrente urgency=Alta
2026-04-28 06:47:33,953 INFO graph [REC-00061] AGENT=risk IN triage_keys=['category', 'product', 'sentiment', 'urgency', 'summary']
2026-04-28 06:47:37,209 INFO agent.risk risk usou 4 trechos da política (top-k=4)
2026-04-28 06:47:37,209 INFO graph [REC-00056] AGENT=risk OUT in 4465ms level=Baixo rag_chunks=4
2026-04-28 06:47:37,210 INFO graph [REC-00056] AGENT=report IN
2026-04-28 06:47:37,210 INFO graph [REC-00056] AGENT=report OUT in 0ms
2026-04-28 06:47:37,211 INFO graph [REC-00056] AGENT=guardrail_output IN
2026-04-28 06:47:38,457 INFO graph [REC-00056] AGENT=guardrail_output OUT in 1246ms
2026-04-28 06:47:38,458 INFO graph [REC-00056] GRAPH END timings={'guardrail_input': 565, 'triage': 1673, 'risk': 4465, 'report': 0, 'guardrail_output': 1246}
2026-04-28 06:47:39,334 INFO agent.risk risk usou 4 trechos da política (top-k=4)
2026-04-28 06:47:39,334 INFO graph [REC-00061] AGENT=risk OUT in 5381ms level=Médio rag_chunks=4
2026-04-28 06:47:39,335 INFO graph [REC-00061] AGENT=report IN
2026-04-28 06:47:39,335 INFO graph [REC-00061] AGENT=report OUT in 0ms
2026-04-28 06:47:39,336 INFO graph [REC-00061] AGENT=guardrail_output IN
2026-04-28 06:47:39,458 INFO graph [REC-00068] GRAPH START
2026-04-28 06:47:39,460 INFO graph [REC-00068] AGENT=guardrail_input IN text_len=583
2026-04-28 06:47:40,051 INFO agent.guardrail guardrail INPUT action=NONE
2026-04-28 06:47:40,052 INFO graph [REC-00068] AGENT=guardrail_input OUT in 592ms blocked=False reason=None
2026-04-28 06:47:40,053 INFO graph [REC-00068] AGENT=triage IN text_len=583 product_hint=Cartão de Crédito
2026-04-28 06:47:40,701 WARNING agent.guardrail guardrail OUTPUT bloqueou campo=risk_justification — usando regex como fallback
2026-04-28 06:47:40,701 INFO graph [REC-00061] AGENT=guardrail_output OUT in 1365ms
2026-04-28 06:47:40,701 INFO graph [REC-00061] GRAPH END timings={'guardrail_input': 565, 'triage': 1923, 'risk': 5381, 'report': 0, 'guardrail_output': 1365}
2026-04-28 06:47:41,702 INFO graph [REC-00072] GRAPH START
2026-04-28 06:47:41,703 INFO graph [REC-00072] AGENT=guardrail_input IN text_len=563
2026-04-28 06:47:41,782 INFO graph [REC-00068] AGENT=triage OUT in 1729ms category=Cobrança Indevida product=Cartão de Crédito urgency=Média
2026-04-28 06:47:41,782 INFO graph [REC-00068] AGENT=risk IN triage_keys=['category', 'product', 'sentiment', 'urgency', 'summary']
2026-04-28 06:47:42,268 INFO agent.guardrail guardrail INPUT action=NONE
2026-04-28 06:47:42,269 INFO graph [REC-00072] AGENT=guardrail_input OUT in 566ms blocked=False reason=None
2026-04-28 06:47:42,270 INFO graph [REC-00072] AGENT=triage IN text_len=563 product_hint=Conta Corrente
2026-04-28 06:47:44,210 INFO graph [REC-00072] AGENT=triage OUT in 1940ms category=Fraude/Segurança product=Conta Corrente urgency=Crítica
2026-04-28 06:47:44,210 INFO graph [REC-00072] AGENT=risk IN triage_keys=['category', 'product', 'sentiment', 'urgency', 'summary']
2026-04-28 06:47:47,572 INFO agent.risk risk usou 4 trechos da política (top-k=4)
2026-04-28 06:47:47,573 INFO graph [REC-00068] AGENT=risk OUT in 5791ms level=Médio rag_chunks=4
2026-04-28 06:47:47,573 INFO graph [REC-00068] AGENT=report IN
2026-04-28 06:47:47,574 INFO graph [REC-00068] AGENT=report OUT in 1ms
2026-04-28 06:47:47,574 INFO graph [REC-00068] AGENT=guardrail_output IN
2026-04-28 06:47:48,727 WARNING agent.guardrail guardrail OUTPUT bloqueou campo=risk_justification — usando regex como fallback
2026-04-28 06:47:48,727 INFO graph [REC-00068] AGENT=guardrail_output OUT in 1153ms
2026-04-28 06:47:48,728 INFO graph [REC-00068] GRAPH END timings={'guardrail_input': 592, 'triage': 1729, 'risk': 5791, 'report': 1, 'guardrail_output': 1153}
2026-04-28 06:47:49,729 INFO graph [REC-00074] GRAPH START
2026-04-28 06:47:49,731 INFO graph [REC-00074] AGENT=guardrail_input IN text_len=536
2026-04-28 06:47:50,312 INFO agent.guardrail guardrail INPUT action=NONE
2026-04-28 06:47:50,312 INFO graph [REC-00074] AGENT=guardrail_input OUT in 582ms blocked=False reason=None
2026-04-28 06:47:50,312 INFO graph [REC-00074] AGENT=triage IN text_len=536 product_hint=Conta Corrente
2026-04-28 06:47:51,673 INFO agent.risk risk usou 4 trechos da política (top-k=4)
2026-04-28 06:47:51,674 INFO graph [REC-00072] AGENT=risk OUT in 7464ms level=Crítico rag_chunks=4
2026-04-28 06:47:51,674 INFO graph [REC-00072] AGENT=report IN
2026-04-28 06:47:51,675 INFO graph [REC-00072] AGENT=report OUT in 1ms
2026-04-28 06:47:51,675 INFO graph [REC-00072] AGENT=guardrail_output IN
2026-04-28 06:47:52,240 INFO graph [REC-00074] AGENT=triage OUT in 1928ms category=Cobrança Indevida product=Conta Corrente urgency=Média
2026-04-28 06:47:52,241 INFO graph [REC-00074] AGENT=risk IN triage_keys=['category', 'product', 'sentiment', 'urgency', 'summary']
2026-04-28 06:47:52,865 INFO graph [REC-00072] AGENT=guardrail_output OUT in 1190ms
2026-04-28 06:47:52,866 INFO graph [REC-00072] GRAPH END timings={'guardrail_input': 566, 'triage': 1940, 'risk': 7464, 'report': 1, 'guardrail_output': 1190}
2026-04-28 06:47:53,867 INFO graph [REC-00080] GRAPH START
2026-04-28 06:47:53,869 INFO graph [REC-00080] AGENT=guardrail_input IN text_len=489
2026-04-28 06:47:54,498 INFO agent.guardrail guardrail INPUT action=NONE
2026-04-28 06:47:54,498 INFO graph [REC-00080] AGENT=guardrail_input OUT in 629ms blocked=False reason=None
2026-04-28 06:47:54,499 INFO graph [REC-00080] AGENT=triage IN text_len=489 product_hint=Conta Corrente
2026-04-28 06:47:56,500 INFO graph [REC-00080] AGENT=triage OUT in 2001ms category=Produto/Serviço product=Conta Corrente urgency=Alta
2026-04-28 06:47:56,501 INFO graph [REC-00080] AGENT=risk IN triage_keys=['category', 'product', 'sentiment', 'urgency', 'summary']
2026-04-28 06:47:57,548 INFO agent.risk risk usou 4 trechos da política (top-k=4)
2026-04-28 06:47:57,548 INFO graph [REC-00074] AGENT=risk OUT in 5307ms level=Médio rag_chunks=4
2026-04-28 06:47:57,548 INFO graph [REC-00074] AGENT=report IN
2026-04-28 06:47:57,548 INFO graph [REC-00074] AGENT=report OUT in 0ms
2026-04-28 06:47:57,549 INFO graph [REC-00074] AGENT=guardrail_output IN
2026-04-28 06:47:58,698 INFO graph [REC-00074] AGENT=guardrail_output OUT in 1149ms
2026-04-28 06:47:58,698 INFO graph [REC-00074] GRAPH END timings={'guardrail_input': 582, 'triage': 1928, 'risk': 5307, 'report': 0, 'guardrail_output': 1149}
2026-04-28 06:47:59,699 INFO graph [REC-00088] GRAPH START
2026-04-28 06:47:59,700 INFO graph [REC-00088] AGENT=guardrail_input IN text_len=616
2026-04-28 06:48:00,264 INFO agent.guardrail guardrail INPUT action=NONE
2026-04-28 06:48:00,264 INFO graph [REC-00088] AGENT=guardrail_input OUT in 564ms blocked=False reason=None
2026-04-28 06:48:00,265 INFO graph [REC-00088] AGENT=triage IN text_len=616 product_hint=Empréstimo
2026-04-28 06:48:02,423 INFO agent.risk risk usou 4 trechos da política (top-k=4)
2026-04-28 06:48:02,423 INFO graph [REC-00080] AGENT=risk OUT in 5922ms level=Médio rag_chunks=4
2026-04-28 06:48:02,423 INFO graph [REC-00080] AGENT=report IN
2026-04-28 06:48:02,424 INFO graph [REC-00080] AGENT=report OUT in 1ms
2026-04-28 06:48:02,424 INFO graph [REC-00080] AGENT=guardrail_output IN
2026-04-28 06:48:03,618 INFO graph [REC-00088] AGENT=triage OUT in 3353ms category=Cobrança Indevida product=Empréstimo urgency=Média
2026-04-28 06:48:03,619 INFO graph [REC-00088] AGENT=risk IN triage_keys=['category', 'product', 'sentiment', 'urgency', 'summary']
2026-04-28 06:48:03,715 INFO graph [REC-00080] AGENT=guardrail_output OUT in 1291ms
2026-04-28 06:48:03,716 INFO graph [REC-00080] GRAPH END timings={'guardrail_input': 629, 'triage': 2001, 'risk': 5922, 'report': 1, 'guardrail_output': 1291}
2026-04-28 06:48:04,716 INFO graph [REC-00094] GRAPH START
2026-04-28 06:48:04,718 INFO graph [REC-00094] AGENT=guardrail_input IN text_len=696
2026-04-28 06:48:05,326 INFO agent.guardrail guardrail INPUT action=NONE
2026-04-28 06:48:05,327 INFO graph [REC-00094] AGENT=guardrail_input OUT in 609ms blocked=False reason=None
2026-04-28 06:48:05,328 INFO graph [REC-00094] AGENT=triage IN text_len=696 product_hint=Cartão de Crédito
2026-04-28 06:48:09,159 INFO agent.risk risk usou 4 trechos da política (top-k=4)
2026-04-28 06:48:09,159 INFO graph [REC-00088] AGENT=risk OUT in 5540ms level=Médio rag_chunks=4
2026-04-28 06:48:09,159 INFO graph [REC-00088] AGENT=report IN
2026-04-28 06:48:09,159 INFO graph [REC-00088] AGENT=report OUT in 0ms
2026-04-28 06:48:09,160 INFO graph [REC-00088] AGENT=guardrail_output IN
2026-04-28 06:48:09,409 INFO graph [REC-00094] AGENT=triage OUT in 4081ms category=Cobrança Indevida product=Cartão de Crédito urgency=Alta
2026-04-28 06:48:09,409 INFO graph [REC-00094] AGENT=risk IN triage_keys=['category', 'product', 'sentiment', 'urgency', 'summary']
2026-04-28 06:48:10,557 INFO graph [REC-00088] AGENT=guardrail_output OUT in 1397ms
2026-04-28 06:48:10,558 INFO graph [REC-00088] GRAPH END timings={'guardrail_input': 564, 'triage': 3353, 'risk': 5540, 'report': 0, 'guardrail_output': 1397}
2026-04-28 06:48:11,558 INFO graph [REC-00096] GRAPH START
2026-04-28 06:48:11,560 INFO graph [REC-00096] AGENT=guardrail_input IN text_len=481
2026-04-28 06:48:12,116 INFO agent.guardrail guardrail INPUT action=NONE
2026-04-28 06:48:12,116 INFO graph [REC-00096] AGENT=guardrail_input OUT in 556ms blocked=False reason=None
2026-04-28 06:48:12,117 INFO graph [REC-00096] AGENT=triage IN text_len=481 product_hint=Cartão de Crédito
2026-04-28 06:48:13,981 INFO graph [REC-00096] AGENT=triage OUT in 1864ms category=Produto/Serviço product=Cartão de Crédito urgency=Média
2026-04-28 06:48:13,981 INFO graph [REC-00096] AGENT=risk IN triage_keys=['category', 'product', 'sentiment', 'urgency', 'summary']
2026-04-28 06:48:15,315 INFO agent.risk risk usou 4 trechos da política (top-k=4)
2026-04-28 06:48:15,315 INFO graph [REC-00094] AGENT=risk OUT in 5906ms level=Médio rag_chunks=4
2026-04-28 06:48:15,315 INFO graph [REC-00094] AGENT=report IN
2026-04-28 06:48:15,315 INFO graph [REC-00094] AGENT=report OUT in 0ms
2026-04-28 06:48:15,316 INFO graph [REC-00094] AGENT=guardrail_output IN
2026-04-28 06:48:16,571 WARNING agent.guardrail guardrail OUTPUT bloqueou campo=risk_justification — usando regex como fallback
2026-04-28 06:48:16,572 INFO graph [REC-00094] AGENT=guardrail_output OUT in 1256ms
2026-04-28 06:48:16,573 INFO graph [REC-00094] GRAPH END timings={'guardrail_input': 609, 'triage': 4081, 'risk': 5906, 'report': 0, 'guardrail_output': 1256}
2026-04-28 06:48:18,622 INFO agent.risk risk usou 4 trechos da política (top-k=4)
2026-04-28 06:48:18,622 INFO graph [REC-00096] AGENT=risk OUT in 4641ms level=Baixo rag_chunks=4
2026-04-28 06:48:18,623 INFO graph [REC-00096] AGENT=report IN
2026-04-28 06:48:18,623 INFO graph [REC-00096] AGENT=report OUT in 0ms
2026-04-28 06:48:18,623 INFO graph [REC-00096] AGENT=guardrail_output IN
2026-04-28 06:48:19,771 INFO graph [REC-00096] AGENT=guardrail_output OUT in 1148ms
2026-04-28 06:48:19,772 INFO graph [REC-00096] GRAPH END timings={'guardrail_input': 556, 'triage': 1864, 'risk': 4641, 'report': 0, 'guardrail_output': 1148}
2026-04-28 06:48:19,773 INFO app batch passe 2/3: sucesso=17 throttled=0 (0%) | 91.5s | 11.1 reg/min
2026-04-28 06:48:19,773 INFO app AIMD ↑ throttle=0% → workers=3 delay=0.50s
INFO:     172.23.0.1:41522 - "POST /batch HTTP/1.1" 303 See Other
INFO:     172.23.0.1:41522 - "GET /output/report_2026-04-28-06-40-31.html HTTP/1.1" 200 OK
INFO:     Shutting down
INFO:     Waiting for application shutdown.
INFO:     Application shutdown complete.
INFO:     Finished server process [1]
