2026-04-27 20:20:43.687 | INFO:     Started server process [1]
2026-04-27 20:20:43.687 | INFO:     Waiting for application startup.
2026-04-27 20:20:43.688 | 2026-04-27 23:20:43,688 INFO app RAG: ingestão iniciada (thread=rag-startup)
2026-04-27 20:20:43.688 | INFO:     Application startup complete.
2026-04-27 20:20:43.690 | INFO:     Uvicorn running on http://0.0.0.0:8000 (Press CTRL+C to quit)
2026-04-27 20:20:43.991 | 2026-04-27 23:20:43,991 INFO rag.loader carregado KS_POLITICA_INTERNA.pdf (6045 chars, sha=1e768e0b)
2026-04-27 20:20:44.003 | 2026-04-27 23:20:44,002 INFO rag.store salvou índice (8 vetores) e manifest em /app/assets/index
2026-04-27 20:20:44.003 | 2026-04-27 23:20:44,002 INFO rag.ingest ingestão concluída: {'new': [], 'changed': [], 'removed': [], 'skipped': ['KS_POLITICA_INTERNA.pdf'], 'chunks_added': 0, 'chunks_removed': 0, 'total_vectors_after': 8}
2026-04-27 20:20:44.003 | 2026-04-27 23:20:44,003 INFO app RAG: ingestão concluída — 8 vetores | adicionados=0 ignorados=1
2026-04-27 20:20:45.626 | INFO:     172.23.0.1:44066 - "GET /traces HTTP/1.1" 200 OK
2026-04-27 20:20:47.596 | INFO:     172.23.0.1:44066 - "GET /reports HTTP/1.1" 200 OK
2026-04-27 20:20:54.622 | INFO:     172.23.0.1:35166 - "GET /output/report_2026-04-27-22-54-58.html HTTP/1.1" 304 Not Modified
2026-04-27 20:20:58.350 | INFO:     172.23.0.1:35166 - "GET /reports HTTP/1.1" 200 OK
2026-04-27 20:21:02.066 | INFO:     172.23.0.1:35166 - "POST /traces/recompose?stem=report_2026-04-27-22-54-58 HTTP/1.1" 200 OK
2026-04-27 20:21:03.710 | INFO:     172.23.0.1:35166 - "GET /traces HTTP/1.1" 200 OK
2026-04-27 20:21:22.891 | INFO:     172.23.0.1:52764 - "GET /api/record/REC-00003 HTTP/1.1" 200 OK
2026-04-27 20:22:47.366 | INFO:     172.23.0.1:47672 - "GET /reports HTTP/1.1" 200 OK
2026-04-27 20:25:21.278 | INFO:     172.23.0.1:43886 - "GET / HTTP/1.1" 200 OK
2026-04-27 20:25:34.255 | 2026-04-27 23:25:34,254 INFO app batch: 100 registros | workers=5 delay=0.0s retries=2
2026-04-27 20:25:34.255 | 2026-04-27 23:25:34,255 INFO graph [REC-2026-00001] GRAPH START
2026-04-27 20:25:34.257 | 2026-04-27 23:25:34,257 INFO graph [REC-2026-00002] GRAPH START
2026-04-27 20:25:34.257 | 2026-04-27 23:25:34,257 INFO graph [REC-2026-00003] GRAPH START
2026-04-27 20:25:34.259 | 2026-04-27 23:25:34,258 INFO graph [REC-2026-00004] GRAPH START
2026-04-27 20:25:34.262 | 2026-04-27 23:25:34,259 INFO graph [REC-2026-00166] GRAPH START
2026-04-27 20:25:34.264 | 2026-04-27 23:25:34,261 INFO graph [REC-2026-00001] AGENT=guardrail_input IN text_len=92
2026-04-27 20:25:34.273 | 2026-04-27 23:25:34,264 INFO graph [REC-2026-00002] AGENT=guardrail_input IN text_len=112
2026-04-27 20:25:34.280 | 2026-04-27 23:25:34,274 INFO graph [REC-2026-00166] AGENT=guardrail_input IN text_len=114
2026-04-27 20:25:34.283 | 2026-04-27 23:25:34,283 INFO graph [REC-2026-00004] AGENT=guardrail_input IN text_len=96
2026-04-27 20:25:34.284 | 2026-04-27 23:25:34,284 INFO graph [REC-2026-00003] AGENT=guardrail_input IN text_len=104
2026-04-27 20:25:35.808 | 2026-04-27 23:25:35,807 INFO agent.guardrail guardrail INPUT action=NONE
2026-04-27 20:25:35.808 | 2026-04-27 23:25:35,808 INFO graph [REC-2026-00003] AGENT=guardrail_input OUT in 1524ms blocked=False reason=None
2026-04-27 20:25:35.810 | 2026-04-27 23:25:35,809 INFO graph [REC-2026-00003] AGENT=triage IN text_len=104 product_hint=Cartão de Crédito
2026-04-27 20:25:35.813 | 2026-04-27 23:25:35,813 INFO agent.guardrail guardrail INPUT action=NONE
2026-04-27 20:25:35.813 | 2026-04-27 23:25:35,813 INFO graph [REC-2026-00166] AGENT=guardrail_input OUT in 1539ms blocked=False reason=None
2026-04-27 20:25:35.814 | 2026-04-27 23:25:35,814 INFO graph [REC-2026-00166] AGENT=triage IN text_len=114 product_hint=Conta Corrente
2026-04-27 20:25:35.818 | 2026-04-27 23:25:35,818 INFO agent.guardrail guardrail INPUT action=NONE
2026-04-27 20:25:35.823 | 2026-04-27 23:25:35,822 INFO graph [REC-2026-00004] AGENT=guardrail_input OUT in 1539ms blocked=False reason=None
2026-04-27 20:25:35.823 | 2026-04-27 23:25:35,822 INFO agent.guardrail guardrail INPUT action=NONE
2026-04-27 20:25:35.823 | 2026-04-27 23:25:35,823 INFO graph [REC-2026-00004] AGENT=triage IN text_len=96 product_hint=None
2026-04-27 20:25:35.825 | 2026-04-27 23:25:35,823 INFO graph [REC-2026-00002] AGENT=guardrail_input OUT in 1559ms blocked=False reason=None
2026-04-27 20:25:35.825 | 2026-04-27 23:25:35,825 INFO graph [REC-2026-00002] AGENT=triage IN text_len=112 product_hint=None
2026-04-27 20:25:35.877 | 2026-04-27 23:25:35,876 INFO agent.guardrail guardrail INPUT action=NONE
2026-04-27 20:25:35.877 | 2026-04-27 23:25:35,876 INFO graph [REC-2026-00001] AGENT=guardrail_input OUT in 1615ms blocked=False reason=None
2026-04-27 20:25:35.878 | 2026-04-27 23:25:35,877 INFO graph [REC-2026-00001] AGENT=triage IN text_len=92 product_hint=None
2026-04-27 20:25:37.474 | 2026-04-27 23:25:37,474 INFO graph [REC-2026-00002] AGENT=triage OUT in 1649ms category=Atendimento product=Não Identificado urgency=Alta
2026-04-27 20:25:37.474 | 2026-04-27 23:25:37,474 INFO graph [REC-2026-00002] AGENT=risk IN triage_keys=['category', 'product', 'sentiment', 'urgency', 'summary']
2026-04-27 20:25:37.498 | 2026-04-27 23:25:37,498 INFO graph [REC-2026-00003] AGENT=triage OUT in 1689ms category=Fraude/Segurança product=Cartão de Crédito urgency=Crítica
2026-04-27 20:25:37.498 | 2026-04-27 23:25:37,498 INFO graph [REC-2026-00003] AGENT=risk IN triage_keys=['category', 'product', 'sentiment', 'urgency', 'summary']
2026-04-27 20:25:37.542 | 2026-04-27 23:25:37,542 INFO graph [REC-2026-00166] AGENT=triage OUT in 1728ms category=Atendimento product=Conta Corrente urgency=Alta
2026-04-27 20:25:37.543 | 2026-04-27 23:25:37,542 INFO graph [REC-2026-00166] AGENT=risk IN triage_keys=['category', 'product', 'sentiment', 'urgency', 'summary']
2026-04-27 20:25:37.687 | 2026-04-27 23:25:37,687 INFO graph [REC-2026-00001] AGENT=triage OUT in 1810ms category=Produto/Serviço product=Não Identificado urgency=Baixa
2026-04-27 20:25:37.688 | 2026-04-27 23:25:37,688 INFO graph [REC-2026-00001] AGENT=risk IN triage_keys=['category', 'product', 'sentiment', 'urgency', 'summary']
2026-04-27 20:25:37.903 | 2026-04-27 23:25:37,902 INFO graph [REC-2026-00004] AGENT=triage OUT in 2079ms category=Cobrança Indevida product=Não Identificado urgency=Alta
2026-04-27 20:25:37.904 | 2026-04-27 23:25:37,904 INFO graph [REC-2026-00004] AGENT=risk IN triage_keys=['category', 'product', 'sentiment', 'urgency', 'summary']
2026-04-27 20:25:41.507 | 2026-04-27 23:25:41,506 INFO agent.risk risk usou 4 trechos da política (top-k=4)
2026-04-27 20:25:41.507 | 2026-04-27 23:25:41,507 INFO graph [REC-2026-00001] AGENT=risk OUT in 3819ms level=Baixo rag_chunks=4
2026-04-27 20:25:41.507 | 2026-04-27 23:25:41,507 INFO graph [REC-2026-00001] AGENT=report IN
2026-04-27 20:25:41.507 | 2026-04-27 23:25:41,507 INFO graph [REC-2026-00001] AGENT=report OUT in 0ms
2026-04-27 20:25:41.508 | 2026-04-27 23:25:41,507 INFO graph [REC-2026-00001] AGENT=guardrail_output IN
2026-04-27 20:25:41.990 | 2026-04-27 23:25:41,990 INFO agent.risk risk usou 4 trechos da política (top-k=4)
2026-04-27 20:25:41.990 | 2026-04-27 23:25:41,990 INFO graph [REC-2026-00003] AGENT=risk OUT in 4492ms level=Crítico rag_chunks=4
2026-04-27 20:25:41.991 | 2026-04-27 23:25:41,991 INFO graph [REC-2026-00003] AGENT=report IN
2026-04-27 20:25:41.991 | 2026-04-27 23:25:41,991 INFO graph [REC-2026-00003] AGENT=report OUT in 0ms
2026-04-27 20:25:41.991 | 2026-04-27 23:25:41,991 INFO graph [REC-2026-00003] AGENT=guardrail_output IN
2026-04-27 20:25:42.115 | 2026-04-27 23:25:42,114 INFO agent.risk risk usou 4 trechos da política (top-k=4)
2026-04-27 20:25:42.115 | 2026-04-27 23:25:42,114 INFO graph [REC-2026-00166] AGENT=risk OUT in 4572ms level=Médio rag_chunks=4
2026-04-27 20:25:42.116 | 2026-04-27 23:25:42,115 INFO graph [REC-2026-00166] AGENT=report IN
2026-04-27 20:25:42.116 | 2026-04-27 23:25:42,116 INFO graph [REC-2026-00166] AGENT=report OUT in 1ms
2026-04-27 20:25:42.117 | 2026-04-27 23:25:42,116 INFO graph [REC-2026-00166] AGENT=guardrail_output IN
2026-04-27 20:25:42.513 | 2026-04-27 23:25:42,513 INFO agent.risk risk usou 4 trechos da política (top-k=4)
2026-04-27 20:25:42.513 | 2026-04-27 23:25:42,513 INFO graph [REC-2026-00002] AGENT=risk OUT in 5039ms level=Médio rag_chunks=4
2026-04-27 20:25:42.513 | 2026-04-27 23:25:42,513 INFO graph [REC-2026-00002] AGENT=report IN
2026-04-27 20:25:42.513 | 2026-04-27 23:25:42,513 INFO graph [REC-2026-00002] AGENT=report OUT in 0ms
2026-04-27 20:25:42.514 | 2026-04-27 23:25:42,513 INFO graph [REC-2026-00002] AGENT=guardrail_output IN
2026-04-27 20:25:42.677 | 2026-04-27 23:25:42,677 WARNING agent.guardrail guardrail OUTPUT bloqueou campo=summary — usando regex como fallback
2026-04-27 20:25:42.791 | 2026-04-27 23:25:42,791 INFO graph [REC-2026-00001] AGENT=guardrail_output OUT in 1284ms
2026-04-27 20:25:42.792 | 2026-04-27 23:25:42,791 INFO graph [REC-2026-00001] GRAPH END timings={'guardrail_input': 1615, 'triage': 1810, 'risk': 3819, 'report': 0, 'guardrail_output': 1284}
2026-04-27 20:25:42.792 | 2026-04-27 23:25:42,792 INFO graph [REC-2026-00167] GRAPH START
2026-04-27 20:25:42.794 | 2026-04-27 23:25:42,793 INFO graph [REC-2026-00167] AGENT=guardrail_input IN text_len=106
2026-04-27 20:25:43.105 | 2026-04-27 23:25:43,105 INFO agent.risk risk usou 4 trechos da política (top-k=4)
2026-04-27 20:25:43.105 | 2026-04-27 23:25:43,105 INFO graph [REC-2026-00004] AGENT=risk OUT in 5202ms level=Alto rag_chunks=4
2026-04-27 20:25:43.105 | 2026-04-27 23:25:43,105 INFO graph [REC-2026-00004] AGENT=report IN
2026-04-27 20:25:43.105 | 2026-04-27 23:25:43,105 INFO graph [REC-2026-00004] AGENT=report OUT in 0ms
2026-04-27 20:25:43.106 | 2026-04-27 23:25:43,105 INFO graph [REC-2026-00004] AGENT=guardrail_output IN
2026-04-27 20:25:43.249 | 2026-04-27 23:25:43,249 INFO graph [REC-2026-00166] AGENT=guardrail_output OUT in 1133ms
2026-04-27 20:25:43.250 | 2026-04-27 23:25:43,249 INFO graph [REC-2026-00166] GRAPH END timings={'guardrail_input': 1539, 'triage': 1728, 'risk': 4572, 'report': 1, 'guardrail_output': 1133}
2026-04-27 20:25:43.250 | 2026-04-27 23:25:43,250 INFO graph [REC-2026-00168] GRAPH START
2026-04-27 20:25:43.252 | 2026-04-27 23:25:43,251 INFO graph [REC-2026-00168] AGENT=guardrail_input IN text_len=85
2026-04-27 20:25:43.261 | 2026-04-27 23:25:43,260 INFO graph [REC-2026-00003] AGENT=guardrail_output OUT in 1269ms
2026-04-27 20:25:43.261 | 2026-04-27 23:25:43,261 INFO graph [REC-2026-00003] GRAPH END timings={'guardrail_input': 1524, 'triage': 1689, 'risk': 4492, 'report': 0, 'guardrail_output': 1269}
2026-04-27 20:25:43.261 | 2026-04-27 23:25:43,261 INFO graph [REC-2026-00169] GRAPH START
2026-04-27 20:25:43.263 | 2026-04-27 23:25:43,262 INFO graph [REC-2026-00169] AGENT=guardrail_input IN text_len=97
2026-04-27 20:25:43.378 | 2026-04-27 23:25:43,377 INFO agent.guardrail guardrail INPUT action=GUARDRAIL_INTERVENED
2026-04-27 20:25:43.378 | 2026-04-27 23:25:43,377 INFO graph [REC-2026-00167] AGENT=guardrail_input OUT in 584ms blocked=True reason=bedrock_guardrail
2026-04-27 20:25:43.379 | 2026-04-27 23:25:43,379 INFO graph [REC-2026-00167] GRAPH END timings={'guardrail_input': 584}
2026-04-27 20:25:43.380 | 2026-04-27 23:25:43,379 WARNING app [REC-2026-00167] bloqueada pelo guardrail
2026-04-27 20:25:43.380 | 2026-04-27 23:25:43,379 INFO graph [REC-2026-00170] GRAPH START
2026-04-27 20:25:43.381 | 2026-04-27 23:25:43,381 INFO graph [REC-2026-00170] AGENT=guardrail_input IN text_len=110
2026-04-27 20:25:43.713 | 2026-04-27 23:25:43,712 INFO graph [REC-2026-00002] AGENT=guardrail_output OUT in 1199ms
2026-04-27 20:25:43.714 | 2026-04-27 23:25:43,714 INFO graph [REC-2026-00002] GRAPH END timings={'guardrail_input': 1559, 'triage': 1649, 'risk': 5039, 'report': 0, 'guardrail_output': 1199}
2026-04-27 20:25:43.714 | 2026-04-27 23:25:43,714 INFO graph [REC-2026-00171] GRAPH START
2026-04-27 20:25:43.715 | 2026-04-27 23:25:43,715 INFO graph [REC-2026-00171] AGENT=guardrail_input IN text_len=126
2026-04-27 20:25:43.843 | 2026-04-27 23:25:43,842 INFO agent.guardrail guardrail INPUT action=NONE
2026-04-27 20:25:43.843 | 2026-04-27 23:25:43,843 INFO graph [REC-2026-00168] AGENT=guardrail_input OUT in 592ms blocked=False reason=None
2026-04-27 20:25:43.844 | 2026-04-27 23:25:43,843 INFO graph [REC-2026-00168] AGENT=triage IN text_len=85 product_hint=None
2026-04-27 20:25:43.917 | 2026-04-27 23:25:43,916 INFO agent.guardrail guardrail INPUT action=NONE
2026-04-27 20:25:43.917 | 2026-04-27 23:25:43,916 INFO graph [REC-2026-00169] AGENT=guardrail_input OUT in 654ms blocked=False reason=None
2026-04-27 20:25:43.917 | 2026-04-27 23:25:43,917 INFO graph [REC-2026-00169] AGENT=triage IN text_len=97 product_hint=Investimento
2026-04-27 20:25:43.945 | 2026-04-27 23:25:43,945 INFO agent.guardrail guardrail INPUT action=NONE
2026-04-27 20:25:43.945 | 2026-04-27 23:25:43,945 INFO graph [REC-2026-00170] AGENT=guardrail_input OUT in 564ms blocked=False reason=None
2026-04-27 20:25:43.946 | 2026-04-27 23:25:43,945 INFO graph [REC-2026-00170] AGENT=triage IN text_len=110 product_hint=Cartão de Crédito
2026-04-27 20:25:44.289 | 2026-04-27 23:25:44,288 INFO agent.guardrail guardrail INPUT action=NONE
2026-04-27 20:25:44.289 | 2026-04-27 23:25:44,288 INFO graph [REC-2026-00171] AGENT=guardrail_input OUT in 573ms blocked=False reason=None
2026-04-27 20:25:44.290 | 2026-04-27 23:25:44,290 INFO graph [REC-2026-00171] AGENT=triage IN text_len=126 product_hint=Cartão de Crédito
2026-04-27 20:25:44.404 | 2026-04-27 23:25:44,403 INFO graph [REC-2026-00004] AGENT=guardrail_output OUT in 1298ms
2026-04-27 20:25:44.404 | 2026-04-27 23:25:44,404 INFO graph [REC-2026-00004] GRAPH END timings={'guardrail_input': 1539, 'triage': 2079, 'risk': 5202, 'report': 0, 'guardrail_output': 1298}
2026-04-27 20:25:44.404 | 2026-04-27 23:25:44,404 INFO graph [REC-2026-00172] GRAPH START
2026-04-27 20:25:44.405 | 2026-04-27 23:25:44,405 INFO graph [REC-2026-00172] AGENT=guardrail_input IN text_len=111
2026-04-27 20:25:44.985 | 2026-04-27 23:25:44,984 INFO agent.guardrail guardrail INPUT action=NONE
2026-04-27 20:25:44.985 | 2026-04-27 23:25:44,984 INFO graph [REC-2026-00172] AGENT=guardrail_input OUT in 579ms blocked=False reason=None
2026-04-27 20:25:44.985 | 2026-04-27 23:25:44,985 INFO graph [REC-2026-00172] AGENT=triage IN text_len=111 product_hint=None
2026-04-27 20:25:45.332 | 2026-04-27 23:25:45,331 INFO graph [REC-2026-00168] AGENT=triage OUT in 1488ms category=Atendimento product=Não Identificado urgency=Baixa
2026-04-27 20:25:45.332 | 2026-04-27 23:25:45,332 INFO graph [REC-2026-00168] AGENT=risk IN triage_keys=['category', 'product', 'sentiment', 'urgency', 'summary']
2026-04-27 20:25:45.388 | 2026-04-27 23:25:45,388 INFO graph [REC-2026-00170] AGENT=triage OUT in 1443ms category=Produto/Serviço product=Cartão de Crédito urgency=Alta
2026-04-27 20:25:45.389 | 2026-04-27 23:25:45,389 INFO graph [REC-2026-00170] AGENT=risk IN triage_keys=['category', 'product', 'sentiment', 'urgency', 'summary']
2026-04-27 20:25:45.677 | 2026-04-27 23:25:45,676 INFO graph [REC-2026-00169] AGENT=triage OUT in 1759ms category=Produto/Serviço product=Investimentos urgency=Média
2026-04-27 20:25:45.677 | 2026-04-27 23:25:45,677 INFO graph [REC-2026-00169] AGENT=risk IN triage_keys=['category', 'product', 'sentiment', 'urgency', 'summary']
2026-04-27 20:25:45.964 | 2026-04-27 23:25:45,963 INFO graph [REC-2026-00171] AGENT=triage OUT in 1673ms category=Fraude/Segurança product=Cartão de Crédito urgency=Alta
2026-04-27 20:25:45.964 | 2026-04-27 23:25:45,964 INFO graph [REC-2026-00171] AGENT=risk IN triage_keys=['category', 'product', 'sentiment', 'urgency', 'summary']
2026-04-27 20:25:46.718 | 2026-04-27 23:25:46,718 INFO graph [REC-2026-00172] AGENT=triage OUT in 1733ms category=Produto/Serviço product=Não Identificado urgency=Média
2026-04-27 20:25:46.719 | 2026-04-27 23:25:46,718 INFO graph [REC-2026-00172] AGENT=risk IN triage_keys=['category', 'product', 'sentiment', 'urgency', 'summary']
2026-04-27 20:25:49.250 | 2026-04-27 23:25:49,249 INFO agent.risk risk usou 4 trechos da política (top-k=4)
2026-04-27 20:25:49.250 | 2026-04-27 23:25:49,249 INFO graph [REC-2026-00168] AGENT=risk OUT in 3917ms level=Baixo rag_chunks=4
2026-04-27 20:25:49.250 | 2026-04-27 23:25:49,250 INFO graph [REC-2026-00168] AGENT=report IN
2026-04-27 20:25:49.250 | 2026-04-27 23:25:49,250 INFO graph [REC-2026-00168] AGENT=report OUT in 0ms
2026-04-27 20:25:49.251 | 2026-04-27 23:25:49,250 INFO graph [REC-2026-00168] AGENT=guardrail_output IN
2026-04-27 20:25:49.860 | 2026-04-27 23:25:49,860 WARNING agent.guardrail guardrail OUTPUT bloqueou campo=summary — usando regex como fallback
2026-04-27 20:25:49.904 | 2026-04-27 23:25:49,903 INFO agent.risk risk usou 4 trechos da política (top-k=4)
2026-04-27 20:25:49.904 | 2026-04-27 23:25:49,903 INFO graph [REC-2026-00170] AGENT=risk OUT in 4514ms level=Alto rag_chunks=4
2026-04-27 20:25:49.904 | 2026-04-27 23:25:49,904 INFO graph [REC-2026-00170] AGENT=report IN
2026-04-27 20:25:49.904 | 2026-04-27 23:25:49,904 INFO graph [REC-2026-00170] AGENT=report OUT in 0ms
2026-04-27 20:25:49.904 | 2026-04-27 23:25:49,904 INFO graph [REC-2026-00170] AGENT=guardrail_output IN
2026-04-27 20:25:50.256 | 2026-04-27 23:25:50,256 INFO agent.risk risk usou 4 trechos da política (top-k=4)
2026-04-27 20:25:50.256 | 2026-04-27 23:25:50,256 INFO graph [REC-2026-00169] AGENT=risk OUT in 4579ms level=Médio rag_chunks=4
2026-04-27 20:25:50.257 | 2026-04-27 23:25:50,257 INFO graph [REC-2026-00169] AGENT=report IN
2026-04-27 20:25:50.257 | 2026-04-27 23:25:50,257 INFO graph [REC-2026-00169] AGENT=report OUT in 0ms
2026-04-27 20:25:50.258 | 2026-04-27 23:25:50,258 INFO graph [REC-2026-00169] AGENT=guardrail_output IN
2026-04-27 20:25:50.339 | 2026-04-27 23:25:50,338 INFO agent.risk risk usou 4 trechos da política (top-k=4)
2026-04-27 20:25:50.339 | 2026-04-27 23:25:50,338 INFO graph [REC-2026-00171] AGENT=risk OUT in 4374ms level=Médio rag_chunks=4
2026-04-27 20:25:50.340 | 2026-04-27 23:25:50,340 INFO graph [REC-2026-00171] AGENT=report IN
2026-04-27 20:25:50.340 | 2026-04-27 23:25:50,340 INFO graph [REC-2026-00171] AGENT=report OUT in 0ms
2026-04-27 20:25:50.341 | 2026-04-27 23:25:50,341 INFO graph [REC-2026-00171] AGENT=guardrail_output IN
2026-04-27 20:25:50.457 | 2026-04-27 23:25:50,456 INFO graph [REC-2026-00168] AGENT=guardrail_output OUT in 1206ms
2026-04-27 20:25:50.457 | 2026-04-27 23:25:50,457 INFO graph [REC-2026-00168] GRAPH END timings={'guardrail_input': 592, 'triage': 1488, 'risk': 3917, 'report': 0, 'guardrail_output': 1206}
2026-04-27 20:25:50.457 | 2026-04-27 23:25:50,457 INFO graph [REC-2026-00173] GRAPH START
2026-04-27 20:25:50.458 | 2026-04-27 23:25:50,458 INFO graph [REC-2026-00173] AGENT=guardrail_input IN text_len=109
2026-04-27 20:25:51.046 | 2026-04-27 23:25:51,046 INFO agent.guardrail guardrail INPUT action=NONE
2026-04-27 20:25:51.046 | 2026-04-27 23:25:51,046 INFO graph [REC-2026-00173] AGENT=guardrail_input OUT in 588ms blocked=False reason=None
2026-04-27 20:25:51.047 | 2026-04-27 23:25:51,046 INFO graph [REC-2026-00173] AGENT=triage IN text_len=109 product_hint=None
2026-04-27 20:25:51.202 | 2026-04-27 23:25:51,202 INFO graph [REC-2026-00170] AGENT=guardrail_output OUT in 1298ms
2026-04-27 20:25:51.203 | 2026-04-27 23:25:51,202 INFO graph [REC-2026-00170] GRAPH END timings={'guardrail_input': 564, 'triage': 1443, 'risk': 4514, 'report': 0, 'guardrail_output': 1298}
2026-04-27 20:25:51.204 | 2026-04-27 23:25:51,203 INFO graph [REC-2026-00174] GRAPH START
2026-04-27 20:25:51.206 | 2026-04-27 23:25:51,205 INFO graph [REC-2026-00174] AGENT=guardrail_input IN text_len=112
2026-04-27 20:25:51.540 | 2026-04-27 23:25:51,540 INFO graph [REC-2026-00171] AGENT=guardrail_output OUT in 1199ms
2026-04-27 20:25:51.540 | 2026-04-27 23:25:51,540 INFO graph [REC-2026-00171] GRAPH END timings={'guardrail_input': 573, 'triage': 1673, 'risk': 4374, 'report': 0, 'guardrail_output': 1199}
2026-04-27 20:25:51.540 | 2026-04-27 23:25:51,540 INFO graph [REC-2026-00175] GRAPH START
2026-04-27 20:25:51.541 | 2026-04-27 23:25:51,541 INFO graph [REC-2026-00175] AGENT=guardrail_input IN text_len=123
2026-04-27 20:25:51.552 | 2026-04-27 23:25:51,552 INFO graph [REC-2026-00169] AGENT=guardrail_output OUT in 1294ms
2026-04-27 20:25:51.552 | 2026-04-27 23:25:51,552 INFO graph [REC-2026-00169] GRAPH END timings={'guardrail_input': 654, 'triage': 1759, 'risk': 4579, 'report': 0, 'guardrail_output': 1294}
2026-04-27 20:25:51.552 | 2026-04-27 23:25:51,552 INFO graph [REC-2026-00176] GRAPH START
2026-04-27 20:25:51.553 | 2026-04-27 23:25:51,553 INFO graph [REC-2026-00176] AGENT=guardrail_input IN text_len=31
2026-04-27 20:25:51.774 | 2026-04-27 23:25:51,773 INFO agent.guardrail guardrail INPUT action=NONE
2026-04-27 20:25:51.774 | 2026-04-27 23:25:51,773 INFO graph [REC-2026-00174] AGENT=guardrail_input OUT in 568ms blocked=False reason=None
2026-04-27 20:25:51.775 | 2026-04-27 23:25:51,775 INFO graph [REC-2026-00174] AGENT=triage IN text_len=112 product_hint=None
2026-04-27 20:25:51.821 | 2026-04-27 23:25:51,820 INFO agent.risk risk usou 4 trechos da política (top-k=4)
2026-04-27 20:25:51.821 | 2026-04-27 23:25:51,821 INFO graph [REC-2026-00172] AGENT=risk OUT in 5103ms level=Médio rag_chunks=4
2026-04-27 20:25:51.822 | 2026-04-27 23:25:51,822 INFO graph [REC-2026-00172] AGENT=report IN
2026-04-27 20:25:51.823 | 2026-04-27 23:25:51,822 INFO graph [REC-2026-00172] AGENT=report OUT in 0ms
2026-04-27 20:25:51.824 | 2026-04-27 23:25:51,823 INFO graph [REC-2026-00172] AGENT=guardrail_output IN
2026-04-27 20:25:52.123 | 2026-04-27 23:25:52,122 INFO agent.guardrail guardrail INPUT action=NONE
2026-04-27 20:25:52.123 | 2026-04-27 23:25:52,122 INFO graph [REC-2026-00175] AGENT=guardrail_input OUT in 581ms blocked=False reason=None
2026-04-27 20:25:52.124 | 2026-04-27 23:25:52,123 INFO graph [REC-2026-00175] AGENT=triage IN text_len=123 product_hint=Seguro
2026-04-27 20:25:52.137 | 2026-04-27 23:25:52,137 INFO agent.guardrail guardrail INPUT action=NONE
2026-04-27 20:25:52.137 | 2026-04-27 23:25:52,137 INFO graph [REC-2026-00176] AGENT=guardrail_input OUT in 584ms blocked=False reason=None
2026-04-27 20:25:52.138 | 2026-04-27 23:25:52,138 INFO graph [REC-2026-00176] AGENT=triage IN text_len=31 product_hint=None
2026-04-27 20:25:52.719 | 2026-04-27 23:25:52,718 INFO graph [REC-2026-00173] AGENT=triage OUT in 1672ms category=Atendimento product=Não Identificado urgency=Baixa
2026-04-27 20:25:52.719 | 2026-04-27 23:25:52,719 INFO graph [REC-2026-00173] AGENT=risk IN triage_keys=['category', 'product', 'sentiment', 'urgency', 'summary']
2026-04-27 20:25:52.970 | 2026-04-27 23:25:52,970 INFO graph [REC-2026-00172] AGENT=guardrail_output OUT in 1147ms
2026-04-27 20:25:52.970 | 2026-04-27 23:25:52,970 INFO graph [REC-2026-00172] GRAPH END timings={'guardrail_input': 579, 'triage': 1733, 'risk': 5103, 'report': 0, 'guardrail_output': 1147}
2026-04-27 20:25:52.970 | 2026-04-27 23:25:52,970 INFO graph [REC-2026-00177] GRAPH START
2026-04-27 20:25:52.971 | 2026-04-27 23:25:52,971 INFO graph [REC-2026-00177] AGENT=guardrail_input IN text_len=53
2026-04-27 20:25:53.572 | 2026-04-27 23:25:53,571 INFO agent.guardrail guardrail INPUT action=NONE
2026-04-27 20:25:53.572 | 2026-04-27 23:25:53,571 INFO graph [REC-2026-00177] AGENT=guardrail_input OUT in 600ms blocked=False reason=None
2026-04-27 20:25:53.572 | 2026-04-27 23:25:53,572 INFO graph [REC-2026-00177] AGENT=triage IN text_len=53 product_hint=None
2026-04-27 20:25:53.605 | 2026-04-27 23:25:53,605 INFO graph [REC-2026-00174] AGENT=triage OUT in 1830ms category=Atendimento product=Não Identificado urgency=Alta
2026-04-27 20:25:53.607 | 2026-04-27 23:25:53,606 INFO graph [REC-2026-00174] AGENT=risk IN triage_keys=['category', 'product', 'sentiment', 'urgency', 'summary']
2026-04-27 20:25:56.136 | 2026-04-27 23:25:56,136 INFO graph [REC-2026-00177] AGENT=triage OUT in 2564ms category=Outros product=Não Identificado urgency=Baixa
2026-04-27 20:25:56.137 | 2026-04-27 23:25:56,137 INFO graph [REC-2026-00177] AGENT=risk IN triage_keys=['category', 'product', 'sentiment', 'urgency', 'summary']
2026-04-27 20:25:56.440 | 2026-04-27 23:25:56,440 INFO agent.risk risk usou 4 trechos da política (top-k=4)
2026-04-27 20:25:56.440 | 2026-04-27 23:25:56,440 INFO graph [REC-2026-00173] AGENT=risk OUT in 3721ms level=Baixo rag_chunks=4
2026-04-27 20:25:56.441 | 2026-04-27 23:25:56,441 INFO graph [REC-2026-00173] AGENT=report IN
2026-04-27 20:25:56.441 | 2026-04-27 23:25:56,441 INFO graph [REC-2026-00173] AGENT=report OUT in 1ms
2026-04-27 20:25:56.441 | 2026-04-27 23:25:56,441 INFO graph [REC-2026-00173] AGENT=guardrail_output IN
2026-04-27 20:25:57.632 | 2026-04-27 23:25:57,632 INFO graph [REC-2026-00173] AGENT=guardrail_output OUT in 1191ms
2026-04-27 20:25:57.632 | 2026-04-27 23:25:57,632 INFO graph [REC-2026-00173] GRAPH END timings={'guardrail_input': 588, 'triage': 1672, 'risk': 3721, 'report': 1, 'guardrail_output': 1191}
2026-04-27 20:25:57.633 | 2026-04-27 23:25:57,632 INFO graph [REC-2026-00178] GRAPH START
2026-04-27 20:25:57.634 | 2026-04-27 23:25:57,633 INFO graph [REC-2026-00178] AGENT=guardrail_input IN text_len=88
2026-04-27 20:25:58.108 | 2026-04-27 23:25:58,107 INFO agent.risk risk usou 4 trechos da política (top-k=4)
2026-04-27 20:25:58.108 | 2026-04-27 23:25:58,108 INFO graph [REC-2026-00174] AGENT=risk OUT in 4501ms level=Médio rag_chunks=4
2026-04-27 20:25:58.108 | 2026-04-27 23:25:58,108 INFO graph [REC-2026-00174] AGENT=report IN
2026-04-27 20:25:58.108 | 2026-04-27 23:25:58,108 INFO graph [REC-2026-00174] AGENT=report OUT in 0ms
2026-04-27 20:25:58.109 | 2026-04-27 23:25:58,109 INFO graph [REC-2026-00174] AGENT=guardrail_output IN
2026-04-27 20:25:58.251 | 2026-04-27 23:25:58,250 INFO agent.guardrail guardrail INPUT action=NONE
2026-04-27 20:25:58.251 | 2026-04-27 23:25:58,250 INFO graph [REC-2026-00178] AGENT=guardrail_input OUT in 617ms blocked=False reason=None
2026-04-27 20:25:58.251 | 2026-04-27 23:25:58,251 INFO graph [REC-2026-00178] AGENT=triage IN text_len=88 product_hint=None
2026-04-27 20:25:59.262 | 2026-04-27 23:25:59,261 INFO graph [REC-2026-00174] AGENT=guardrail_output OUT in 1152ms
2026-04-27 20:25:59.263 | 2026-04-27 23:25:59,262 INFO graph [REC-2026-00174] GRAPH END timings={'guardrail_input': 568, 'triage': 1830, 'risk': 4501, 'report': 0, 'guardrail_output': 1152}
2026-04-27 20:25:59.263 | 2026-04-27 23:25:59,263 INFO graph [REC-2026-00179] GRAPH START
2026-04-27 20:25:59.264 | 2026-04-27 23:25:59,264 INFO graph [REC-2026-00179] AGENT=guardrail_input IN text_len=105
2026-04-27 20:25:59.921 | 2026-04-27 23:25:59,920 INFO agent.guardrail guardrail INPUT action=NONE
2026-04-27 20:25:59.921 | 2026-04-27 23:25:59,920 INFO graph [REC-2026-00179] AGENT=guardrail_input OUT in 656ms blocked=False reason=None
2026-04-27 20:25:59.921 | 2026-04-27 23:25:59,921 INFO graph [REC-2026-00179] AGENT=triage IN text_len=105 product_hint=Cartão de Crédito
2026-04-27 20:26:00.256 | 2026-04-27 23:26:00,256 INFO agent.risk risk usou 4 trechos da política (top-k=4)
2026-04-27 20:26:00.256 | 2026-04-27 23:26:00,256 INFO graph [REC-2026-00177] AGENT=risk OUT in 4119ms level=Baixo rag_chunks=4
2026-04-27 20:26:00.257 | 2026-04-27 23:26:00,257 INFO graph [REC-2026-00177] AGENT=report IN
2026-04-27 20:26:00.258 | 2026-04-27 23:26:00,257 INFO graph [REC-2026-00177] AGENT=report OUT in 0ms
2026-04-27 20:26:00.258 | 2026-04-27 23:26:00,258 INFO graph [REC-2026-00177] AGENT=guardrail_output IN
2026-04-27 20:26:01.471 | 2026-04-27 23:26:01,471 WARNING agent.guardrail guardrail OUTPUT bloqueou campo=risk_justification — usando regex como fallback
2026-04-27 20:26:01.471 | 2026-04-27 23:26:01,471 INFO graph [REC-2026-00177] AGENT=guardrail_output OUT in 1213ms
2026-04-27 20:26:01.471 | 2026-04-27 23:26:01,471 INFO graph [REC-2026-00177] GRAPH END timings={'guardrail_input': 600, 'triage': 2564, 'risk': 4119, 'report': 0, 'guardrail_output': 1213}
2026-04-27 20:26:01.472 | 2026-04-27 23:26:01,471 INFO graph [REC-2026-00180] GRAPH START
2026-04-27 20:26:01.473 | 2026-04-27 23:26:01,472 INFO graph [REC-2026-00180] AGENT=guardrail_input IN text_len=104
2026-04-27 20:26:01.591 | 2026-04-27 23:26:01,590 INFO graph [REC-2026-00179] AGENT=triage OUT in 1669ms category=Fraude/Segurança product=Cartão de Crédito urgency=Crítica
2026-04-27 20:26:01.592 | 2026-04-27 23:26:01,591 INFO graph [REC-2026-00179] AGENT=risk IN triage_keys=['category', 'product', 'sentiment', 'urgency', 'summary']
2026-04-27 20:26:02.106 | 2026-04-27 23:26:02,105 INFO agent.guardrail guardrail INPUT action=NONE
2026-04-27 20:26:02.106 | 2026-04-27 23:26:02,106 INFO graph [REC-2026-00180] AGENT=guardrail_input OUT in 634ms blocked=False reason=None
2026-04-27 20:26:02.107 | 2026-04-27 23:26:02,106 INFO graph [REC-2026-00180] AGENT=triage IN text_len=104 product_hint=Cartão de Crédito
2026-04-27 20:26:04.465 | 2026-04-27 23:26:04,464 WARNING app [REC-2026-00175] tentativa 1/3 falhou — retry em 1s: An error occurred (ThrottlingException) when calling the InvokeModel operation (reached max retries: 4): Too many requests, please wait before trying again.
2026-04-27 20:26:04.698 | 2026-04-27 23:26:04,698 WARNING app [REC-2026-00176] tentativa 1/3 falhou — retry em 1s: An error occurred (ThrottlingException) when calling the InvokeModel operation (reached max retries: 4): Too many requests, please wait before trying again.
2026-04-27 20:26:05.466 | 2026-04-27 23:26:05,465 INFO graph [REC-2026-00175] GRAPH START
2026-04-27 20:26:05.467 | 2026-04-27 23:26:05,467 INFO graph [REC-2026-00175] AGENT=guardrail_input IN text_len=123
2026-04-27 20:26:05.699 | 2026-04-27 23:26:05,698 INFO graph [REC-2026-00176] GRAPH START
2026-04-27 20:26:05.700 | 2026-04-27 23:26:05,699 INFO graph [REC-2026-00176] AGENT=guardrail_input IN text_len=31
2026-04-27 20:26:06.015 | 2026-04-27 23:26:06,014 INFO agent.guardrail guardrail INPUT action=NONE
2026-04-27 20:26:06.015 | 2026-04-27 23:26:06,015 INFO graph [REC-2026-00175] AGENT=guardrail_input OUT in 548ms blocked=False reason=None
2026-04-27 20:26:06.016 | 2026-04-27 23:26:06,016 INFO graph [REC-2026-00175] AGENT=triage IN text_len=123 product_hint=Seguro
2026-04-27 20:26:06.273 | 2026-04-27 23:26:06,272 INFO agent.risk risk usou 4 trechos da política (top-k=4)
2026-04-27 20:26:06.273 | 2026-04-27 23:26:06,272 INFO graph [REC-2026-00179] AGENT=risk OUT in 4681ms level=Crítico rag_chunks=4
2026-04-27 20:26:06.273 | 2026-04-27 23:26:06,273 INFO graph [REC-2026-00179] AGENT=report IN
2026-04-27 20:26:06.273 | 2026-04-27 23:26:06,273 INFO graph [REC-2026-00179] AGENT=report OUT in 0ms
2026-04-27 20:26:06.273 | 2026-04-27 23:26:06,273 INFO graph [REC-2026-00179] AGENT=guardrail_output IN
2026-04-27 20:26:06.284 | 2026-04-27 23:26:06,284 INFO agent.guardrail guardrail INPUT action=NONE
2026-04-27 20:26:06.284 | 2026-04-27 23:26:06,284 INFO graph [REC-2026-00176] AGENT=guardrail_input OUT in 585ms blocked=False reason=None
2026-04-27 20:26:06.285 | 2026-04-27 23:26:06,285 INFO graph [REC-2026-00176] AGENT=triage IN text_len=31 product_hint=None
2026-04-27 20:26:06.964 | 2026-04-27 23:26:06,963 WARNING agent.guardrail guardrail OUTPUT bloqueou campo=summary — usando regex como fallback
2026-04-27 20:26:07.438 | 2026-04-27 23:26:07,438 WARNING app [REC-2026-00178] tentativa 1/3 falhou — retry em 1s: An error occurred (ThrottlingException) when calling the InvokeModel operation (reached max retries: 4): Too many requests, please wait before trying again.
2026-04-27 20:26:07.532 | 2026-04-27 23:26:07,532 INFO graph [REC-2026-00179] AGENT=guardrail_output OUT in 1259ms
2026-04-27 20:26:07.533 | 2026-04-27 23:26:07,533 INFO graph [REC-2026-00179] GRAPH END timings={'guardrail_input': 656, 'triage': 1669, 'risk': 4681, 'report': 0, 'guardrail_output': 1259}
2026-04-27 20:26:07.533 | 2026-04-27 23:26:07,533 INFO graph [REC-2026-00181] GRAPH START
2026-04-27 20:26:07.535 | 2026-04-27 23:26:07,534 INFO graph [REC-2026-00181] AGENT=guardrail_input IN text_len=95
2026-04-27 20:26:07.713 | 2026-04-27 23:26:07,713 INFO graph [REC-2026-00175] AGENT=triage OUT in 1697ms category=Produto/Serviço product=Seguros urgency=Média
2026-04-27 20:26:07.714 | 2026-04-27 23:26:07,714 INFO graph [REC-2026-00175] AGENT=risk IN triage_keys=['category', 'product', 'sentiment', 'urgency', 'summary']
2026-04-27 20:26:08.201 | 2026-04-27 23:26:08,200 INFO agent.guardrail guardrail INPUT action=NONE
2026-04-27 20:26:08.201 | 2026-04-27 23:26:08,200 INFO graph [REC-2026-00181] AGENT=guardrail_input OUT in 666ms blocked=False reason=None
2026-04-27 20:26:08.201 | 2026-04-27 23:26:08,201 INFO graph [REC-2026-00181] AGENT=triage IN text_len=95 product_hint=None
2026-04-27 20:26:08.439 | 2026-04-27 23:26:08,438 INFO graph [REC-2026-00178] GRAPH START
2026-04-27 20:26:08.440 | 2026-04-27 23:26:08,440 INFO graph [REC-2026-00178] AGENT=guardrail_input IN text_len=88
2026-04-27 20:26:09.015 | 2026-04-27 23:26:09,015 INFO agent.guardrail guardrail INPUT action=NONE
2026-04-27 20:26:09.015 | 2026-04-27 23:26:09,015 INFO graph [REC-2026-00178] AGENT=guardrail_input OUT in 575ms blocked=False reason=None
2026-04-27 20:26:09.016 | 2026-04-27 23:26:09,016 INFO graph [REC-2026-00178] AGENT=triage IN text_len=88 product_hint=None
2026-04-27 20:26:09.972 | 2026-04-27 23:26:09,971 WARNING app [REC-2026-00180] tentativa 1/3 falhou — retry em 1s: An error occurred (ThrottlingException) when calling the InvokeModel operation (reached max retries: 4): Too many requests, please wait before trying again.
2026-04-27 20:26:10.972 | 2026-04-27 23:26:10,972 INFO graph [REC-2026-00180] GRAPH START
2026-04-27 20:26:10.975 | 2026-04-27 23:26:10,974 INFO graph [REC-2026-00180] AGENT=guardrail_input IN text_len=104
2026-04-27 20:26:11.591 | 2026-04-27 23:26:11,590 INFO agent.guardrail guardrail INPUT action=NONE
2026-04-27 20:26:11.591 | 2026-04-27 23:26:11,590 INFO graph [REC-2026-00180] AGENT=guardrail_input OUT in 616ms blocked=False reason=None
2026-04-27 20:26:11.591 | 2026-04-27 23:26:11,591 INFO graph [REC-2026-00180] AGENT=triage IN text_len=104 product_hint=Cartão de Crédito
2026-04-27 20:26:12.134 | 2026-04-27 23:26:12,134 INFO agent.risk risk usou 4 trechos da política (top-k=4)
2026-04-27 20:26:12.134 | 2026-04-27 23:26:12,134 INFO graph [REC-2026-00175] AGENT=risk OUT in 4420ms level=Alto rag_chunks=4
2026-04-27 20:26:12.135 | 2026-04-27 23:26:12,134 INFO graph [REC-2026-00175] AGENT=report IN
2026-04-27 20:26:12.135 | 2026-04-27 23:26:12,134 INFO graph [REC-2026-00175] AGENT=report OUT in 0ms
2026-04-27 20:26:12.135 | 2026-04-27 23:26:12,135 INFO graph [REC-2026-00175] AGENT=guardrail_output IN
2026-04-27 20:26:13.347 | 2026-04-27 23:26:13,346 INFO graph [REC-2026-00175] AGENT=guardrail_output OUT in 1211ms
2026-04-27 20:26:13.348 | 2026-04-27 23:26:13,347 INFO graph [REC-2026-00175] GRAPH END timings={'guardrail_input': 548, 'triage': 1697, 'risk': 4420, 'report': 0, 'guardrail_output': 1211}
2026-04-27 20:26:13.348 | 2026-04-27 23:26:13,347 INFO graph [REC-2026-00182] GRAPH START
2026-04-27 20:26:13.349 | 2026-04-27 23:26:13,349 INFO graph [REC-2026-00182] AGENT=guardrail_input IN text_len=20
2026-04-27 20:26:13.924 | 2026-04-27 23:26:13,923 INFO agent.guardrail guardrail INPUT action=NONE
2026-04-27 20:26:13.924 | 2026-04-27 23:26:13,924 INFO graph [REC-2026-00182] AGENT=guardrail_input OUT in 575ms blocked=False reason=None
2026-04-27 20:26:13.925 | 2026-04-27 23:26:13,925 INFO graph [REC-2026-00182] AGENT=triage IN text_len=20 product_hint=None
2026-04-27 20:26:14.202 | 2026-04-27 23:26:14,202 INFO graph [REC-2026-00180] AGENT=triage OUT in 2611ms category=Fraude/Segurança product=Cartão de Crédito urgency=Crítica
2026-04-27 20:26:14.203 | 2026-04-27 23:26:14,203 INFO graph [REC-2026-00180] AGENT=risk IN triage_keys=['category', 'product', 'sentiment', 'urgency', 'summary']
2026-04-27 20:26:14.677 | 2026-04-27 23:26:14,677 WARNING app [REC-2026-00176] tentativa 2/3 falhou — retry em 2s: An error occurred (ThrottlingException) when calling the InvokeModel operation (reached max retries: 4): Too many requests, please wait before trying again.
2026-04-27 20:26:16.678 | 2026-04-27 23:26:16,677 INFO graph [REC-2026-00176] GRAPH START
2026-04-27 20:26:16.680 | 2026-04-27 23:26:16,679 INFO graph [REC-2026-00176] AGENT=guardrail_input IN text_len=31
2026-04-27 20:26:17.463 | 2026-04-27 23:26:17,462 WARNING app [REC-2026-00181] tentativa 1/3 falhou — retry em 1s: An error occurred (ThrottlingException) when calling the InvokeModel operation (reached max retries: 4): Too many requests, please wait before trying again.
2026-04-27 20:26:17.471 | 2026-04-27 23:26:17,471 INFO agent.guardrail guardrail INPUT action=NONE
2026-04-27 20:26:17.471 | 2026-04-27 23:26:17,471 INFO graph [REC-2026-00176] AGENT=guardrail_input OUT in 792ms blocked=False reason=None
2026-04-27 20:26:17.472 | 2026-04-27 23:26:17,471 INFO graph [REC-2026-00176] AGENT=triage IN text_len=31 product_hint=None
2026-04-27 20:26:18.463 | 2026-04-27 23:26:18,463 INFO graph [REC-2026-00181] GRAPH START
2026-04-27 20:26:18.466 | 2026-04-27 23:26:18,465 INFO graph [REC-2026-00181] AGENT=guardrail_input IN text_len=95
2026-04-27 20:26:18.733 | 2026-04-27 23:26:18,732 INFO agent.risk risk usou 4 trechos da política (top-k=4)
2026-04-27 20:26:18.733 | 2026-04-27 23:26:18,733 INFO graph [REC-2026-00180] AGENT=risk OUT in 4530ms level=Crítico rag_chunks=4
2026-04-27 20:26:18.734 | 2026-04-27 23:26:18,733 INFO graph [REC-2026-00180] AGENT=report IN
2026-04-27 20:26:18.734 | 2026-04-27 23:26:18,733 INFO graph [REC-2026-00180] AGENT=report OUT in 0ms
2026-04-27 20:26:18.734 | 2026-04-27 23:26:18,734 INFO graph [REC-2026-00180] AGENT=guardrail_output IN
2026-04-27 20:26:19.068 | 2026-04-27 23:26:19,068 INFO agent.guardrail guardrail INPUT action=NONE
2026-04-27 20:26:19.068 | 2026-04-27 23:26:19,068 INFO graph [REC-2026-00181] AGENT=guardrail_input OUT in 603ms blocked=False reason=None
2026-04-27 20:26:19.069 | 2026-04-27 23:26:19,069 INFO graph [REC-2026-00181] AGENT=triage IN text_len=95 product_hint=None
2026-04-27 20:26:19.328 | 2026-04-27 23:26:19,327 WARNING agent.guardrail guardrail OUTPUT bloqueou campo=summary — usando regex como fallback
2026-04-27 20:26:20.019 | 2026-04-27 23:26:20,019 INFO graph [REC-2026-00180] AGENT=guardrail_output OUT in 1285ms
2026-04-27 20:26:20.020 | 2026-04-27 23:26:20,019 INFO graph [REC-2026-00180] GRAPH END timings={'guardrail_input': 616, 'triage': 2611, 'risk': 4530, 'report': 0, 'guardrail_output': 1285}
2026-04-27 20:26:20.020 | 2026-04-27 23:26:20,020 INFO graph [REC-2026-00183] GRAPH START
2026-04-27 20:26:20.021 | 2026-04-27 23:26:20,020 INFO graph [REC-2026-00183] AGENT=guardrail_input IN text_len=83
2026-04-27 20:26:20.061 | 2026-04-27 23:26:20,060 INFO graph [REC-2026-00176] AGENT=triage OUT in 2589ms category=Atendimento product=Não Identificado urgency=Alta
2026-04-27 20:26:20.062 | 2026-04-27 23:26:20,061 INFO graph [REC-2026-00176] AGENT=risk IN triage_keys=['category', 'product', 'sentiment', 'urgency', 'summary']
2026-04-27 20:26:20.614 | 2026-04-27 23:26:20,614 INFO agent.guardrail guardrail INPUT action=NONE
2026-04-27 20:26:20.614 | 2026-04-27 23:26:20,614 INFO graph [REC-2026-00183] AGENT=guardrail_input OUT in 594ms blocked=False reason=None
2026-04-27 20:26:20.616 | 2026-04-27 23:26:20,615 INFO graph [REC-2026-00183] AGENT=triage IN text_len=83 product_hint=None
2026-04-27 20:26:21.080 | 2026-04-27 23:26:21,079 WARNING app [REC-2026-00178] tentativa 2/3 falhou — retry em 2s: An error occurred (ThrottlingException) when calling the InvokeModel operation (reached max retries: 4): Too many requests, please wait before trying again.
2026-04-27 20:26:23.080 | 2026-04-27 23:26:23,079 INFO graph [REC-2026-00178] GRAPH START
2026-04-27 20:26:23.081 | 2026-04-27 23:26:23,080 INFO graph [REC-2026-00178] AGENT=guardrail_input IN text_len=88
2026-04-27 20:26:23.687 | 2026-04-27 23:26:23,686 WARNING app [REC-2026-00182] tentativa 1/3 falhou — retry em 1s: An error occurred (ThrottlingException) when calling the InvokeModel operation (reached max retries: 4): Too many requests, please wait before trying again.
2026-04-27 20:26:23.829 | 2026-04-27 23:26:23,828 INFO agent.guardrail guardrail INPUT action=NONE
2026-04-27 20:26:23.829 | 2026-04-27 23:26:23,829 INFO graph [REC-2026-00178] AGENT=guardrail_input OUT in 749ms blocked=False reason=None
2026-04-27 20:26:23.830 | 2026-04-27 23:26:23,830 INFO graph [REC-2026-00178] AGENT=triage IN text_len=88 product_hint=None
2026-04-27 20:26:24.285 | 2026-04-27 23:26:24,285 INFO agent.risk risk usou 4 trechos da política (top-k=4)
2026-04-27 20:26:24.285 | 2026-04-27 23:26:24,285 INFO graph [REC-2026-00176] AGENT=risk OUT in 4224ms level=Médio rag_chunks=4
2026-04-27 20:26:24.286 | 2026-04-27 23:26:24,286 INFO graph [REC-2026-00176] AGENT=report IN
2026-04-27 20:26:24.286 | 2026-04-27 23:26:24,286 INFO graph [REC-2026-00176] AGENT=report OUT in 0ms
2026-04-27 20:26:24.286 | 2026-04-27 23:26:24,286 INFO graph [REC-2026-00176] AGENT=guardrail_output IN
2026-04-27 20:26:24.687 | 2026-04-27 23:26:24,687 INFO graph [REC-2026-00182] GRAPH START
2026-04-27 20:26:24.688 | 2026-04-27 23:26:24,688 INFO graph [REC-2026-00182] AGENT=guardrail_input IN text_len=20
2026-04-27 20:26:24.945 | 2026-04-27 23:26:24,945 WARNING app [REC-2026-00181] tentativa 2/3 falhou — retry em 2s: An error occurred (ThrottlingException) when calling the InvokeModel operation (reached max retries: 4): Too many requests, please wait before trying again.
2026-04-27 20:26:25.295 | 2026-04-27 23:26:25,294 INFO agent.guardrail guardrail INPUT action=NONE
2026-04-27 20:26:25.295 | 2026-04-27 23:26:25,295 INFO graph [REC-2026-00182] AGENT=guardrail_input OUT in 607ms blocked=False reason=None
2026-04-27 20:26:25.296 | 2026-04-27 23:26:25,295 INFO graph [REC-2026-00182] AGENT=triage IN text_len=20 product_hint=None
2026-04-27 20:26:25.458 | 2026-04-27 23:26:25,458 INFO graph [REC-2026-00176] AGENT=guardrail_output OUT in 1172ms
2026-04-27 20:26:25.458 | 2026-04-27 23:26:25,458 INFO graph [REC-2026-00176] GRAPH END timings={'guardrail_input': 792, 'triage': 2589, 'risk': 4224, 'report': 0, 'guardrail_output': 1172}
2026-04-27 20:26:25.458 | 2026-04-27 23:26:25,458 INFO graph [REC-2026-00184] GRAPH START
2026-04-27 20:26:25.459 | 2026-04-27 23:26:25,459 INFO graph [REC-2026-00184] AGENT=guardrail_input IN text_len=54
2026-04-27 20:26:25.663 | 2026-04-27 23:26:25,663 INFO graph [REC-2026-00178] AGENT=triage OUT in 1833ms category=Produto/Serviço product=Não Identificado urgency=Média
2026-04-27 20:26:25.664 | 2026-04-27 23:26:25,664 INFO graph [REC-2026-00178] AGENT=risk IN triage_keys=['category', 'product', 'sentiment', 'urgency', 'summary']
2026-04-27 20:26:26.054 | 2026-04-27 23:26:26,053 INFO agent.guardrail guardrail INPUT action=NONE
2026-04-27 20:26:26.054 | 2026-04-27 23:26:26,054 INFO graph [REC-2026-00184] AGENT=guardrail_input OUT in 595ms blocked=False reason=None
2026-04-27 20:26:26.055 | 2026-04-27 23:26:26,054 INFO graph [REC-2026-00184] AGENT=triage IN text_len=54 product_hint=None
2026-04-27 20:26:26.946 | 2026-04-27 23:26:26,945 INFO graph [REC-2026-00181] GRAPH START
2026-04-27 20:26:26.947 | 2026-04-27 23:26:26,947 INFO graph [REC-2026-00181] AGENT=guardrail_input IN text_len=95
2026-04-27 20:26:27.489 | 2026-04-27 23:26:27,488 INFO agent.guardrail guardrail INPUT action=NONE
2026-04-27 20:26:27.489 | 2026-04-27 23:26:27,489 INFO graph [REC-2026-00181] AGENT=guardrail_input OUT in 542ms blocked=False reason=None
2026-04-27 20:26:27.490 | 2026-04-27 23:26:27,490 INFO graph [REC-2026-00181] AGENT=triage IN text_len=95 product_hint=None
2026-04-27 20:26:28.497 | 2026-04-27 23:26:28,497 WARNING app [REC-2026-00183] tentativa 1/3 falhou — retry em 1s: An error occurred (ThrottlingException) when calling the InvokeModel operation (reached max retries: 4): Too many requests, please wait before trying again.
2026-04-27 20:26:29.497 | 2026-04-27 23:26:29,497 INFO graph [REC-2026-00183] GRAPH START
2026-04-27 20:26:29.498 | 2026-04-27 23:26:29,498 INFO graph [REC-2026-00183] AGENT=guardrail_input IN text_len=83
2026-04-27 20:26:29.715 | 2026-04-27 23:26:29,714 INFO agent.risk risk usou 4 trechos da política (top-k=4)
2026-04-27 20:26:29.715 | 2026-04-27 23:26:29,714 INFO graph [REC-2026-00178] AGENT=risk OUT in 4050ms level=Baixo rag_chunks=4
2026-04-27 20:26:29.716 | 2026-04-27 23:26:29,715 INFO graph [REC-2026-00178] AGENT=report IN
2026-04-27 20:26:29.716 | 2026-04-27 23:26:29,715 INFO graph [REC-2026-00178] AGENT=report OUT in 0ms
2026-04-27 20:26:29.716 | 2026-04-27 23:26:29,716 INFO graph [REC-2026-00178] AGENT=guardrail_output IN
2026-04-27 20:26:30.116 | 2026-04-27 23:26:30,116 INFO agent.guardrail guardrail INPUT action=NONE
2026-04-27 20:26:30.116 | 2026-04-27 23:26:30,116 INFO graph [REC-2026-00183] AGENT=guardrail_input OUT in 618ms blocked=False reason=None
2026-04-27 20:26:30.117 | 2026-04-27 23:26:30,117 INFO graph [REC-2026-00183] AGENT=triage IN text_len=83 product_hint=None
2026-04-27 20:26:30.814 | 2026-04-27 23:26:30,813 INFO graph [REC-2026-00178] AGENT=guardrail_output OUT in 1097ms
2026-04-27 20:26:30.815 | 2026-04-27 23:26:30,814 INFO graph [REC-2026-00178] GRAPH END timings={'guardrail_input': 749, 'triage': 1833, 'risk': 4050, 'report': 0, 'guardrail_output': 1097}
2026-04-27 20:26:30.815 | 2026-04-27 23:26:30,815 INFO graph [REC-2026-00185] GRAPH START
2026-04-27 20:26:30.817 | 2026-04-27 23:26:30,816 INFO graph [REC-2026-00185] AGENT=guardrail_input IN text_len=85
2026-04-27 20:26:31.395 | 2026-04-27 23:26:31,395 INFO agent.guardrail guardrail INPUT action=NONE
2026-04-27 20:26:31.396 | 2026-04-27 23:26:31,395 INFO graph [REC-2026-00185] AGENT=guardrail_input OUT in 579ms blocked=False reason=None
2026-04-27 20:26:31.397 | 2026-04-27 23:26:31,396 INFO graph [REC-2026-00185] AGENT=triage IN text_len=85 product_hint=None
2026-04-27 20:26:31.460 | 2026-04-27 23:26:31,460 INFO graph [REC-2026-00182] AGENT=triage OUT in 6165ms category=Outros product=Não Identificado urgency=Baixa
2026-04-27 20:26:31.461 | 2026-04-27 23:26:31,460 INFO graph [REC-2026-00182] AGENT=risk IN triage_keys=['category', 'product', 'sentiment', 'urgency', 'summary']
2026-04-27 20:26:36.509 | 2026-04-27 23:26:36,508 WARNING app [REC-2026-00185] tentativa 1/3 falhou — retry em 1s: An error occurred (ThrottlingException) when calling the InvokeModel operation (reached max retries: 4): Too many requests, please wait before trying again.
2026-04-27 20:26:36.860 | 2026-04-27 23:26:36,860 INFO agent.risk risk usou 4 trechos da política (top-k=4)
2026-04-27 20:26:36.860 | 2026-04-27 23:26:36,860 INFO graph [REC-2026-00182] AGENT=risk OUT in 5400ms level=Baixo rag_chunks=4
2026-04-27 20:26:36.861 | 2026-04-27 23:26:36,861 INFO graph [REC-2026-00182] AGENT=report IN
2026-04-27 20:26:36.861 | 2026-04-27 23:26:36,861 INFO graph [REC-2026-00182] AGENT=report OUT in 0ms
2026-04-27 20:26:36.861 | 2026-04-27 23:26:36,861 INFO graph [REC-2026-00182] AGENT=guardrail_output IN
2026-04-27 20:26:37.279 | 2026-04-27 23:26:37,279 WARNING app [REC-2026-00184] tentativa 1/3 falhou — retry em 1s: An error occurred (ThrottlingException) when calling the InvokeModel operation (reached max retries: 4): Too many requests, please wait before trying again.
2026-04-27 20:26:37.444 | 2026-04-27 23:26:37,444 INFO graph [REC-2026-00183] AGENT=triage OUT in 7327ms category=Atendimento product=Não Identificado urgency=Baixa
2026-04-27 20:26:37.445 | 2026-04-27 23:26:37,445 INFO graph [REC-2026-00183] AGENT=risk IN triage_keys=['category', 'product', 'sentiment', 'urgency', 'summary']
2026-04-27 20:26:37.496 | 2026-04-27 23:26:37,495 WARNING agent.guardrail guardrail OUTPUT bloqueou campo=summary — usando regex como fallback
2026-04-27 20:26:37.509 | 2026-04-27 23:26:37,509 INFO graph [REC-2026-00185] GRAPH START
2026-04-27 20:26:37.510 | 2026-04-27 23:26:37,510 INFO graph [REC-2026-00185] AGENT=guardrail_input IN text_len=85
2026-04-27 20:26:38.065 | 2026-04-27 23:26:38,064 INFO agent.guardrail guardrail INPUT action=NONE
2026-04-27 20:26:38.065 | 2026-04-27 23:26:38,064 INFO graph [REC-2026-00185] AGENT=guardrail_input OUT in 554ms blocked=False reason=None
2026-04-27 20:26:38.067 | 2026-04-27 23:26:38,067 INFO graph [REC-2026-00185] AGENT=triage IN text_len=85 product_hint=None
2026-04-27 20:26:38.093 | 2026-04-27 23:26:38,093 INFO graph [REC-2026-00182] AGENT=guardrail_output OUT in 1232ms
2026-04-27 20:26:38.093 | 2026-04-27 23:26:38,093 INFO graph [REC-2026-00182] GRAPH END timings={'guardrail_input': 607, 'triage': 6165, 'risk': 5400, 'report': 0, 'guardrail_output': 1232}
2026-04-27 20:26:38.093 | 2026-04-27 23:26:38,093 INFO graph [REC-2026-00186] GRAPH START
2026-04-27 20:26:38.094 | 2026-04-27 23:26:38,094 INFO graph [REC-2026-00186] AGENT=guardrail_input IN text_len=54
2026-04-27 20:26:38.280 | 2026-04-27 23:26:38,279 INFO graph [REC-2026-00184] GRAPH START
2026-04-27 20:26:38.282 | 2026-04-27 23:26:38,281 INFO graph [REC-2026-00184] AGENT=guardrail_input IN text_len=54
2026-04-27 20:26:38.830 | 2026-04-27 23:26:38,830 INFO agent.guardrail guardrail INPUT action=NONE
2026-04-27 20:26:38.830 | 2026-04-27 23:26:38,830 INFO graph [REC-2026-00186] AGENT=guardrail_input OUT in 736ms blocked=False reason=None
2026-04-27 20:26:38.831 | 2026-04-27 23:26:38,831 INFO graph [REC-2026-00186] AGENT=triage IN text_len=54 product_hint=None
2026-04-27 20:26:38.858 | 2026-04-27 23:26:38,858 INFO agent.guardrail guardrail INPUT action=NONE
2026-04-27 20:26:38.858 | 2026-04-27 23:26:38,858 INFO graph [REC-2026-00184] AGENT=guardrail_input OUT in 577ms blocked=False reason=None
2026-04-27 20:26:38.859 | 2026-04-27 23:26:38,859 INFO graph [REC-2026-00184] AGENT=triage IN text_len=54 product_hint=None
2026-04-27 20:26:39.538 | 2026-04-27 23:26:39,537 ERROR app [REC-2026-00181] todas 3 tentativas falharam: An error occurred (ThrottlingException) when calling the InvokeModel operation (reached max retries: 4): Too many requests, please wait before trying again.
2026-04-27 20:26:39.538 | 2026-04-27 23:26:39,537 ERROR app [REC-2026-00181] falha definitiva: An error occurred (ThrottlingException) when calling the InvokeModel operation (reached max retries: 4): Too many requests, please wait before trying again.
2026-04-27 20:26:39.538 | 2026-04-27 23:26:39,537 INFO graph [REC-2026-00187] GRAPH START
2026-04-27 20:26:39.541 | 2026-04-27 23:26:39,540 INFO graph [REC-2026-00187] AGENT=guardrail_input IN text_len=63
2026-04-27 20:26:40.145 | 2026-04-27 23:26:40,144 INFO agent.guardrail guardrail INPUT action=NONE
2026-04-27 20:26:40.145 | 2026-04-27 23:26:40,145 INFO graph [REC-2026-00187] AGENT=guardrail_input OUT in 605ms blocked=False reason=None
2026-04-27 20:26:40.146 | 2026-04-27 23:26:40,146 INFO graph [REC-2026-00187] AGENT=triage IN text_len=63 product_hint=None
2026-04-27 20:26:42.067 | 2026-04-27 23:26:42,066 INFO agent.risk risk usou 4 trechos da política (top-k=4)
2026-04-27 20:26:42.067 | 2026-04-27 23:26:42,067 INFO graph [REC-2026-00183] AGENT=risk OUT in 4622ms level=Baixo rag_chunks=4
2026-04-27 20:26:42.067 | 2026-04-27 23:26:42,067 INFO graph [REC-2026-00183] AGENT=report IN
2026-04-27 20:26:42.068 | 2026-04-27 23:26:42,067 INFO graph [REC-2026-00183] AGENT=report OUT in 0ms
2026-04-27 20:26:42.068 | 2026-04-27 23:26:42,068 INFO graph [REC-2026-00183] AGENT=guardrail_output IN
2026-04-27 20:26:43.342 | 2026-04-27 23:26:43,341 INFO graph [REC-2026-00183] AGENT=guardrail_output OUT in 1273ms
2026-04-27 20:26:43.342 | 2026-04-27 23:26:43,342 INFO graph [REC-2026-00183] GRAPH END timings={'guardrail_input': 618, 'triage': 7327, 'risk': 4622, 'report': 0, 'guardrail_output': 1273}
2026-04-27 20:26:43.343 | 2026-04-27 23:26:43,342 INFO graph [REC-2026-00188] GRAPH START
2026-04-27 20:26:43.344 | 2026-04-27 23:26:43,344 INFO graph [REC-2026-00188] AGENT=guardrail_input IN text_len=124
2026-04-27 20:26:43.896 | 2026-04-27 23:26:43,896 INFO agent.guardrail guardrail INPUT action=NONE
2026-04-27 20:26:43.896 | 2026-04-27 23:26:43,896 INFO graph [REC-2026-00188] AGENT=guardrail_input OUT in 552ms blocked=False reason=None
2026-04-27 20:26:43.898 | 2026-04-27 23:26:43,897 INFO graph [REC-2026-00188] AGENT=triage IN text_len=124 product_hint=Cartão de Crédito
2026-04-27 20:26:45.034 | 2026-04-27 23:26:45,033 INFO graph [REC-2026-00184] AGENT=triage OUT in 6174ms category=Outros product=Não Identificado urgency=Baixa
2026-04-27 20:26:45.035 | 2026-04-27 23:26:45,035 INFO graph [REC-2026-00184] AGENT=risk IN triage_keys=['category', 'product', 'sentiment', 'urgency', 'summary']
2026-04-27 20:26:45.302 | 2026-04-27 23:26:45,301 WARNING app [REC-2026-00185] tentativa 2/3 falhou — retry em 2s: An error occurred (ThrottlingException) when calling the InvokeModel operation (reached max retries: 4): Too many requests, please wait before trying again.
2026-04-27 20:26:47.302 | 2026-04-27 23:26:47,302 INFO graph [REC-2026-00185] GRAPH START
2026-04-27 20:26:47.303 | 2026-04-27 23:26:47,303 INFO graph [REC-2026-00185] AGENT=guardrail_input IN text_len=85
2026-04-27 20:26:47.447 | 2026-04-27 23:26:47,447 WARNING app [REC-2026-00187] tentativa 1/3 falhou — retry em 1s: An error occurred (ThrottlingException) when calling the InvokeModel operation (reached max retries: 4): Too many requests, please wait before trying again.
2026-04-27 20:26:47.927 | 2026-04-27 23:26:47,926 INFO agent.guardrail guardrail INPUT action=NONE
2026-04-27 20:26:47.927 | 2026-04-27 23:26:47,927 INFO graph [REC-2026-00185] AGENT=guardrail_input OUT in 624ms blocked=False reason=None
2026-04-27 20:26:47.928 | 2026-04-27 23:26:47,928 INFO graph [REC-2026-00185] AGENT=triage IN text_len=85 product_hint=None
2026-04-27 20:26:48.448 | 2026-04-27 23:26:48,447 INFO graph [REC-2026-00187] GRAPH START
2026-04-27 20:26:48.450 | 2026-04-27 23:26:48,450 INFO graph [REC-2026-00187] AGENT=guardrail_input IN text_len=63
2026-04-27 20:26:48.934 | 2026-04-27 23:26:48,934 INFO agent.risk risk usou 4 trechos da política (top-k=4)
2026-04-27 20:26:48.934 | 2026-04-27 23:26:48,934 INFO graph [REC-2026-00184] AGENT=risk OUT in 3899ms level=Baixo rag_chunks=4
2026-04-27 20:26:48.935 | 2026-04-27 23:26:48,935 INFO graph [REC-2026-00184] AGENT=report IN
2026-04-27 20:26:48.935 | 2026-04-27 23:26:48,935 INFO graph [REC-2026-00184] AGENT=report OUT in 0ms
2026-04-27 20:26:48.935 | 2026-04-27 23:26:48,935 INFO graph [REC-2026-00184] AGENT=guardrail_output IN
2026-04-27 20:26:49.057 | 2026-04-27 23:26:49,056 INFO agent.guardrail guardrail INPUT action=NONE
2026-04-27 20:26:49.057 | 2026-04-27 23:26:49,056 INFO graph [REC-2026-00187] AGENT=guardrail_input OUT in 606ms blocked=False reason=None
2026-04-27 20:26:49.058 | 2026-04-27 23:26:49,058 INFO graph [REC-2026-00187] AGENT=triage IN text_len=63 product_hint=None
2026-04-27 20:26:49.319 | 2026-04-27 23:26:49,319 WARNING app [REC-2026-00186] tentativa 1/3 falhou — retry em 1s: An error occurred (ThrottlingException) when calling the InvokeModel operation (reached max retries: 4): Too many requests, please wait before trying again.
2026-04-27 20:26:49.404 | 2026-04-27 23:26:49,404 INFO graph [REC-2026-00185] AGENT=triage OUT in 1476ms category=Cobrança Indevida product=Conta Corrente urgency=Média
2026-04-27 20:26:49.405 | 2026-04-27 23:26:49,405 INFO graph [REC-2026-00185] AGENT=risk IN triage_keys=['category', 'product', 'sentiment', 'urgency', 'summary']
2026-04-27 20:26:50.202 | 2026-04-27 23:26:50,202 INFO graph [REC-2026-00184] AGENT=guardrail_output OUT in 1267ms
2026-04-27 20:26:50.203 | 2026-04-27 23:26:50,202 INFO graph [REC-2026-00184] GRAPH END timings={'guardrail_input': 577, 'triage': 6174, 'risk': 3899, 'report': 0, 'guardrail_output': 1267}
2026-04-27 20:26:50.203 | 2026-04-27 23:26:50,202 INFO graph [REC-2026-00189] GRAPH START
2026-04-27 20:26:50.204 | 2026-04-27 23:26:50,203 INFO graph [REC-2026-00189] AGENT=guardrail_input IN text_len=82
2026-04-27 20:26:50.320 | 2026-04-27 23:26:50,319 INFO graph [REC-2026-00186] GRAPH START
2026-04-27 20:26:50.321 | 2026-04-27 23:26:50,320 INFO graph [REC-2026-00186] AGENT=guardrail_input IN text_len=54
2026-04-27 20:26:50.799 | 2026-04-27 23:26:50,799 INFO agent.guardrail guardrail INPUT action=NONE
2026-04-27 20:26:50.799 | 2026-04-27 23:26:50,799 INFO graph [REC-2026-00189] AGENT=guardrail_input OUT in 596ms blocked=False reason=None
2026-04-27 20:26:50.800 | 2026-04-27 23:26:50,800 INFO graph [REC-2026-00189] AGENT=triage IN text_len=82 product_hint=Poupança
2026-04-27 20:26:50.917 | 2026-04-27 23:26:50,916 INFO agent.guardrail guardrail INPUT action=NONE
2026-04-27 20:26:50.917 | 2026-04-27 23:26:50,916 INFO graph [REC-2026-00186] AGENT=guardrail_input OUT in 596ms blocked=False reason=None
2026-04-27 20:26:50.918 | 2026-04-27 23:26:50,918 INFO graph [REC-2026-00186] AGENT=triage IN text_len=54 product_hint=None
2026-04-27 20:26:54.753 | 2026-04-27 23:26:54,753 WARNING app [REC-2026-00187] tentativa 2/3 falhou — retry em 2s: An error occurred (ThrottlingException) when calling the InvokeModel operation (reached max retries: 4): Too many requests, please wait before trying again.
2026-04-27 20:26:55.079 | 2026-04-27 23:26:55,078 WARNING app [REC-2026-00188] tentativa 1/3 falhou — retry em 1s: An error occurred (ThrottlingException) when calling the InvokeModel operation (reached max retries: 4): Too many requests, please wait before trying again.
2026-04-27 20:26:56.079 | 2026-04-27 23:26:56,079 INFO graph [REC-2026-00188] GRAPH START
2026-04-27 20:26:56.080 | 2026-04-27 23:26:56,080 INFO graph [REC-2026-00188] AGENT=guardrail_input IN text_len=124
2026-04-27 20:26:56.725 | 2026-04-27 23:26:56,724 INFO agent.guardrail guardrail INPUT action=NONE
2026-04-27 20:26:56.725 | 2026-04-27 23:26:56,725 INFO graph [REC-2026-00188] AGENT=guardrail_input OUT in 645ms blocked=False reason=None
2026-04-27 20:26:56.726 | 2026-04-27 23:26:56,726 INFO graph [REC-2026-00188] AGENT=triage IN text_len=124 product_hint=Cartão de Crédito
2026-04-27 20:26:56.754 | 2026-04-27 23:26:56,753 INFO graph [REC-2026-00187] GRAPH START
2026-04-27 20:26:56.755 | 2026-04-27 23:26:56,754 INFO graph [REC-2026-00187] AGENT=guardrail_input IN text_len=63
2026-04-27 20:26:56.798 | 2026-04-27 23:26:56,797 INFO agent.risk risk usou 4 trechos da política (top-k=4)
2026-04-27 20:26:56.798 | 2026-04-27 23:26:56,797 INFO graph [REC-2026-00185] AGENT=risk OUT in 7392ms level=Baixo rag_chunks=4
2026-04-27 20:26:56.798 | 2026-04-27 23:26:56,798 INFO graph [REC-2026-00185] AGENT=report IN
2026-04-27 20:26:56.798 | 2026-04-27 23:26:56,798 INFO graph [REC-2026-00185] AGENT=report OUT in 0ms
2026-04-27 20:26:56.798 | 2026-04-27 23:26:56,798 INFO graph [REC-2026-00185] AGENT=guardrail_output IN
2026-04-27 20:26:56.853 | 2026-04-27 23:26:56,853 INFO graph [REC-2026-00186] AGENT=triage OUT in 5935ms category=Outros product=Não Identificado urgency=Baixa
2026-04-27 20:26:56.854 | 2026-04-27 23:26:56,854 INFO graph [REC-2026-00186] AGENT=risk IN triage_keys=['category', 'product', 'sentiment', 'urgency', 'summary']
2026-04-27 20:26:57.326 | 2026-04-27 23:26:57,326 INFO agent.guardrail guardrail INPUT action=NONE
2026-04-27 20:26:57.326 | 2026-04-27 23:26:57,326 INFO graph [REC-2026-00187] AGENT=guardrail_input OUT in 572ms blocked=False reason=None
2026-04-27 20:26:57.327 | 2026-04-27 23:26:57,327 INFO graph [REC-2026-00187] AGENT=triage IN text_len=63 product_hint=None
2026-04-27 20:26:58.117 | 2026-04-27 23:26:58,117 INFO graph [REC-2026-00185] AGENT=guardrail_output OUT in 1319ms
2026-04-27 20:26:58.118 | 2026-04-27 23:26:58,118 INFO graph [REC-2026-00185] GRAPH END timings={'guardrail_input': 624, 'triage': 1476, 'risk': 7392, 'report': 0, 'guardrail_output': 1319}
2026-04-27 20:26:58.118 | 2026-04-27 23:26:58,118 INFO graph [REC-2026-00190] GRAPH START
2026-04-27 20:26:58.119 | 2026-04-27 23:26:58,119 INFO graph [REC-2026-00190] AGENT=guardrail_input IN text_len=92
2026-04-27 20:26:58.693 | 2026-04-27 23:26:58,692 INFO agent.guardrail guardrail INPUT action=NONE
2026-04-27 20:26:58.693 | 2026-04-27 23:26:58,692 INFO graph [REC-2026-00190] AGENT=guardrail_input OUT in 573ms blocked=False reason=None
2026-04-27 20:26:58.694 | 2026-04-27 23:26:58,694 INFO graph [REC-2026-00190] AGENT=triage IN text_len=92 product_hint=Conta Corrente
2026-04-27 20:27:00.256 | 2026-04-27 23:27:00,256 INFO agent.risk risk usou 4 trechos da política (top-k=4)
2026-04-27 20:27:00.256 | 2026-04-27 23:27:00,256 INFO graph [REC-2026-00186] AGENT=risk OUT in 3402ms level=Baixo rag_chunks=4
2026-04-27 20:27:00.256 | 2026-04-27 23:27:00,256 INFO graph [REC-2026-00186] AGENT=report IN
2026-04-27 20:27:00.256 | 2026-04-27 23:27:00,256 INFO graph [REC-2026-00186] AGENT=report OUT in 0ms
2026-04-27 20:27:00.257 | 2026-04-27 23:27:00,257 INFO graph [REC-2026-00186] AGENT=guardrail_output IN
2026-04-27 20:27:01.408 | 2026-04-27 23:27:01,408 INFO graph [REC-2026-00186] AGENT=guardrail_output OUT in 1151ms
2026-04-27 20:27:01.409 | 2026-04-27 23:27:01,409 INFO graph [REC-2026-00186] GRAPH END timings={'guardrail_input': 596, 'triage': 5935, 'risk': 3402, 'report': 0, 'guardrail_output': 1151}
2026-04-27 20:27:01.409 | 2026-04-27 23:27:01,409 INFO graph [REC-2026-00191] GRAPH START
2026-04-27 20:27:01.412 | 2026-04-27 23:27:01,411 INFO graph [REC-2026-00191] AGENT=guardrail_input IN text_len=100
2026-04-27 20:27:02.038 | 2026-04-27 23:27:02,037 INFO agent.guardrail guardrail INPUT action=NONE
2026-04-27 20:27:02.038 | 2026-04-27 23:27:02,038 INFO graph [REC-2026-00191] AGENT=guardrail_input OUT in 626ms blocked=False reason=None
2026-04-27 20:27:02.038 | 2026-04-27 23:27:02,038 INFO graph [REC-2026-00191] AGENT=triage IN text_len=100 product_hint=Cartão de Crédito
2026-04-27 20:27:02.290 | 2026-04-27 23:27:02,289 INFO graph [REC-2026-00190] AGENT=triage OUT in 3595ms category=Cobrança Indevida product=Conta Corrente urgency=Alta
2026-04-27 20:27:02.291 | 2026-04-27 23:27:02,290 INFO graph [REC-2026-00190] AGENT=risk IN triage_keys=['category', 'product', 'sentiment', 'urgency', 'summary']
2026-04-27 20:27:04.064 | 2026-04-27 23:27:04,063 WARNING app [REC-2026-00189] tentativa 1/3 falhou — retry em 1s: An error occurred (ThrottlingException) when calling the InvokeModel operation (reached max retries: 4): Too many requests, please wait before trying again.
2026-04-27 20:27:05.064 | 2026-04-27 23:27:05,064 INFO graph [REC-2026-00189] GRAPH START
2026-04-27 20:27:05.066 | 2026-04-27 23:27:05,066 INFO graph [REC-2026-00189] AGENT=guardrail_input IN text_len=82
2026-04-27 20:27:05.703 | 2026-04-27 23:27:05,702 INFO agent.guardrail guardrail INPUT action=NONE
2026-04-27 20:27:05.703 | 2026-04-27 23:27:05,703 INFO graph [REC-2026-00189] AGENT=guardrail_input OUT in 637ms blocked=False reason=None
2026-04-27 20:27:05.704 | 2026-04-27 23:27:05,704 INFO graph [REC-2026-00189] AGENT=triage IN text_len=82 product_hint=Poupança
2026-04-27 20:27:06.702 | 2026-04-27 23:27:06,701 INFO agent.risk risk usou 4 trechos da política (top-k=4)
2026-04-27 20:27:06.702 | 2026-04-27 23:27:06,701 INFO graph [REC-2026-00190] AGENT=risk OUT in 4411ms level=Médio rag_chunks=4
2026-04-27 20:27:06.702 | 2026-04-27 23:27:06,702 INFO graph [REC-2026-00190] AGENT=report IN
2026-04-27 20:27:06.702 | 2026-04-27 23:27:06,702 INFO graph [REC-2026-00190] AGENT=report OUT in 0ms
2026-04-27 20:27:06.703 | 2026-04-27 23:27:06,702 INFO graph [REC-2026-00190] AGENT=guardrail_output IN
2026-04-27 20:27:07.513 | 2026-04-27 23:27:07,513 INFO graph [REC-2026-00189] AGENT=triage OUT in 1809ms category=Produto/Serviço product=Não Identificado urgency=Baixa
2026-04-27 20:27:07.514 | 2026-04-27 23:27:07,514 INFO graph [REC-2026-00189] AGENT=risk IN triage_keys=['category', 'product', 'sentiment', 'urgency', 'summary']
2026-04-27 20:27:07.848 | 2026-04-27 23:27:07,847 WARNING app [REC-2026-00188] tentativa 2/3 falhou — retry em 2s: An error occurred (ThrottlingException) when calling the InvokeModel operation (reached max retries: 4): Too many requests, please wait before trying again.
2026-04-27 20:27:07.938 | 2026-04-27 23:27:07,937 INFO graph [REC-2026-00190] AGENT=guardrail_output OUT in 1235ms
2026-04-27 20:27:07.938 | 2026-04-27 23:27:07,938 INFO graph [REC-2026-00190] GRAPH END timings={'guardrail_input': 573, 'triage': 3595, 'risk': 4411, 'report': 0, 'guardrail_output': 1235}
2026-04-27 20:27:07.938 | 2026-04-27 23:27:07,938 INFO graph [REC-2026-00192] GRAPH START
2026-04-27 20:27:07.939 | 2026-04-27 23:27:07,939 INFO graph [REC-2026-00192] AGENT=guardrail_input IN text_len=21
2026-04-27 20:27:08.510 | 2026-04-27 23:27:08,510 INFO agent.guardrail guardrail INPUT action=NONE
2026-04-27 20:27:08.510 | 2026-04-27 23:27:08,510 INFO graph [REC-2026-00192] AGENT=guardrail_input OUT in 571ms blocked=False reason=None
2026-04-27 20:27:08.511 | 2026-04-27 23:27:08,511 INFO graph [REC-2026-00192] AGENT=triage IN text_len=21 product_hint=PIX
2026-04-27 20:27:09.848 | 2026-04-27 23:27:09,847 INFO graph [REC-2026-00188] GRAPH START
2026-04-27 20:27:09.850 | 2026-04-27 23:27:09,849 INFO graph [REC-2026-00188] AGENT=guardrail_input IN text_len=124
2026-04-27 20:27:10.473 | 2026-04-27 23:27:10,472 INFO agent.guardrail guardrail INPUT action=NONE
2026-04-27 20:27:10.473 | 2026-04-27 23:27:10,472 INFO graph [REC-2026-00188] AGENT=guardrail_input OUT in 623ms blocked=False reason=None
2026-04-27 20:27:10.473 | 2026-04-27 23:27:10,473 INFO graph [REC-2026-00188] AGENT=triage IN text_len=124 product_hint=Cartão de Crédito
2026-04-27 20:27:11.453 | 2026-04-27 23:27:11,452 INFO agent.risk risk usou 4 trechos da política (top-k=4)
2026-04-27 20:27:11.453 | 2026-04-27 23:27:11,452 INFO graph [REC-2026-00189] AGENT=risk OUT in 3938ms level=Baixo rag_chunks=4
2026-04-27 20:27:11.453 | 2026-04-27 23:27:11,453 INFO graph [REC-2026-00189] AGENT=report IN
2026-04-27 20:27:11.453 | 2026-04-27 23:27:11,453 INFO graph [REC-2026-00189] AGENT=report OUT in 0ms
2026-04-27 20:27:11.453 | 2026-04-27 23:27:11,453 INFO graph [REC-2026-00189] AGENT=guardrail_output IN
2026-04-27 20:27:12.683 | 2026-04-27 23:27:12,682 WARNING agent.guardrail guardrail OUTPUT bloqueou campo=risk_justification — usando regex como fallback
2026-04-27 20:27:12.683 | 2026-04-27 23:27:12,683 INFO graph [REC-2026-00189] AGENT=guardrail_output OUT in 1230ms
2026-04-27 20:27:12.683 | 2026-04-27 23:27:12,683 INFO graph [REC-2026-00189] GRAPH END timings={'guardrail_input': 637, 'triage': 1809, 'risk': 3938, 'report': 0, 'guardrail_output': 1230}
2026-04-27 20:27:12.683 | 2026-04-27 23:27:12,683 INFO graph [REC-2026-00193] GRAPH START
2026-04-27 20:27:12.684 | 2026-04-27 23:27:12,684 INFO graph [REC-2026-00193] AGENT=guardrail_input IN text_len=92
2026-04-27 20:27:13.251 | 2026-04-27 23:27:13,251 INFO agent.guardrail guardrail INPUT action=NONE
2026-04-27 20:27:13.251 | 2026-04-27 23:27:13,251 INFO graph [REC-2026-00193] AGENT=guardrail_input OUT in 567ms blocked=False reason=None
2026-04-27 20:27:13.252 | 2026-04-27 23:27:13,252 INFO graph [REC-2026-00193] AGENT=triage IN text_len=92 product_hint=None
2026-04-27 20:27:13.548 | 2026-04-27 23:27:13,547 ERROR app [REC-2026-00187] todas 3 tentativas falharam: An error occurred (ThrottlingException) when calling the InvokeModel operation (reached max retries: 4): Too many requests, please wait before trying again.
2026-04-27 20:27:13.548 | 2026-04-27 23:27:13,547 ERROR app [REC-2026-00187] falha definitiva: An error occurred (ThrottlingException) when calling the InvokeModel operation (reached max retries: 4): Too many requests, please wait before trying again.
2026-04-27 20:27:13.548 | 2026-04-27 23:27:13,548 INFO graph [REC-2026-00194] GRAPH START
2026-04-27 20:27:13.549 | 2026-04-27 23:27:13,548 INFO graph [REC-2026-00194] AGENT=guardrail_input IN text_len=94
2026-04-27 20:27:13.616 | 2026-04-27 23:27:13,615 WARNING app [REC-2026-00191] tentativa 1/3 falhou — retry em 1s: An error occurred (ThrottlingException) when calling the InvokeModel operation (reached max retries: 4): Too many requests, please wait before trying again.
2026-04-27 20:27:14.123 | 2026-04-27 23:27:14,122 INFO agent.guardrail guardrail INPUT action=NONE
2026-04-27 20:27:14.123 | 2026-04-27 23:27:14,122 INFO graph [REC-2026-00194] AGENT=guardrail_input OUT in 574ms blocked=False reason=None
2026-04-27 20:27:14.124 | 2026-04-27 23:27:14,124 INFO graph [REC-2026-00194] AGENT=triage IN text_len=94 product_hint=PIX
2026-04-27 20:27:14.469 | 2026-04-27 23:27:14,468 INFO graph [REC-2026-00192] AGENT=triage OUT in 5957ms category=Produto/Serviço product=Conta Corrente urgency=Alta
2026-04-27 20:27:14.469 | 2026-04-27 23:27:14,469 INFO graph [REC-2026-00192] AGENT=risk IN triage_keys=['category', 'product', 'sentiment', 'urgency', 'summary']
2026-04-27 20:27:14.616 | 2026-04-27 23:27:14,616 INFO graph [REC-2026-00191] GRAPH START
2026-04-27 20:27:14.617 | 2026-04-27 23:27:14,617 INFO graph [REC-2026-00191] AGENT=guardrail_input IN text_len=100
2026-04-27 20:27:15.220 | 2026-04-27 23:27:15,219 INFO agent.guardrail guardrail INPUT action=NONE
2026-04-27 20:27:15.220 | 2026-04-27 23:27:15,220 INFO graph [REC-2026-00191] AGENT=guardrail_input OUT in 603ms blocked=False reason=None
2026-04-27 20:27:15.221 | 2026-04-27 23:27:15,221 INFO graph [REC-2026-00191] AGENT=triage IN text_len=100 product_hint=Cartão de Crédito
2026-04-27 20:27:18.899 | 2026-04-27 23:27:18,898 INFO agent.risk risk usou 4 trechos da política (top-k=4)
2026-04-27 20:27:18.899 | 2026-04-27 23:27:18,898 INFO graph [REC-2026-00192] AGENT=risk OUT in 4429ms level=Médio rag_chunks=4
2026-04-27 20:27:18.900 | 2026-04-27 23:27:18,899 INFO graph [REC-2026-00192] AGENT=report IN
2026-04-27 20:27:18.900 | 2026-04-27 23:27:18,900 INFO graph [REC-2026-00192] AGENT=report OUT in 1ms
2026-04-27 20:27:18.900 | 2026-04-27 23:27:18,900 INFO graph [REC-2026-00192] AGENT=guardrail_output IN
2026-04-27 20:27:20.108 | 2026-04-27 23:27:20,107 INFO graph [REC-2026-00192] AGENT=guardrail_output OUT in 1207ms
2026-04-27 20:27:20.109 | 2026-04-27 23:27:20,108 INFO graph [REC-2026-00192] GRAPH END timings={'guardrail_input': 571, 'triage': 5957, 'risk': 4429, 'report': 1, 'guardrail_output': 1207}
2026-04-27 20:27:20.109 | 2026-04-27 23:27:20,109 INFO graph [REC-2026-00195] GRAPH START
2026-04-27 20:27:20.110 | 2026-04-27 23:27:20,110 INFO graph [REC-2026-00195] AGENT=guardrail_input IN text_len=93
2026-04-27 20:27:20.665 | 2026-04-27 23:27:20,665 INFO graph [REC-2026-00194] AGENT=triage OUT in 6541ms category=Produto/Serviço product=Conta Corrente urgency=Alta
2026-04-27 20:27:20.666 | 2026-04-27 23:27:20,666 INFO graph [REC-2026-00194] AGENT=risk IN triage_keys=['category', 'product', 'sentiment', 'urgency', 'summary']
2026-04-27 20:27:20.722 | 2026-04-27 23:27:20,721 INFO agent.guardrail guardrail INPUT action=NONE
2026-04-27 20:27:20.722 | 2026-04-27 23:27:20,722 INFO graph [REC-2026-00195] AGENT=guardrail_input OUT in 612ms blocked=False reason=None
2026-04-27 20:27:20.723 | 2026-04-27 23:27:20,723 INFO graph [REC-2026-00195] AGENT=triage IN text_len=93 product_hint=None
2026-04-27 20:27:20.763 | 2026-04-27 23:27:20,763 WARNING app [REC-2026-00193] tentativa 1/3 falhou — retry em 1s: An error occurred (ThrottlingException) when calling the InvokeModel operation (reached max retries: 4): Too many requests, please wait before trying again.
2026-04-27 20:27:21.764 | 2026-04-27 23:27:21,763 INFO graph [REC-2026-00193] GRAPH START
2026-04-27 20:27:21.766 | 2026-04-27 23:27:21,766 INFO graph [REC-2026-00193] AGENT=guardrail_input IN text_len=92
2026-04-27 20:27:22.432 | 2026-04-27 23:27:22,431 INFO agent.guardrail guardrail INPUT action=NONE
2026-04-27 20:27:22.432 | 2026-04-27 23:27:22,431 INFO graph [REC-2026-00193] AGENT=guardrail_input OUT in 665ms blocked=False reason=None
2026-04-27 20:27:22.433 | 2026-04-27 23:27:22,432 INFO graph [REC-2026-00193] AGENT=triage IN text_len=92 product_hint=None
2026-04-27 20:27:22.661 | 2026-04-27 23:27:22,660 ERROR app [REC-2026-00188] todas 3 tentativas falharam: An error occurred (ThrottlingException) when calling the InvokeModel operation (reached max retries: 4): Too many requests, please wait before trying again.
2026-04-27 20:27:22.661 | 2026-04-27 23:27:22,661 ERROR app [REC-2026-00188] falha definitiva: An error occurred (ThrottlingException) when calling the InvokeModel operation (reached max retries: 4): Too many requests, please wait before trying again.
2026-04-27 20:27:22.661 | 2026-04-27 23:27:22,661 INFO graph [REC-2026-00196] GRAPH START
2026-04-27 20:27:22.664 | 2026-04-27 23:27:22,663 INFO graph [REC-2026-00196] AGENT=guardrail_input IN text_len=31
2026-04-27 20:27:23.346 | 2026-04-27 23:27:23,345 INFO agent.guardrail guardrail INPUT action=NONE
2026-04-27 20:27:23.346 | 2026-04-27 23:27:23,346 INFO graph [REC-2026-00196] AGENT=guardrail_input OUT in 683ms blocked=False reason=None
2026-04-27 20:27:23.347 | 2026-04-27 23:27:23,347 INFO graph [REC-2026-00196] AGENT=triage IN text_len=31 product_hint=None
2026-04-27 20:27:25.373 | 2026-04-27 23:27:25,373 INFO graph [REC-2026-00196] AGENT=triage OUT in 2026ms category=Cobrança Indevida product=Não Identificado urgency=Alta
2026-04-27 20:27:25.374 | 2026-04-27 23:27:25,374 INFO graph [REC-2026-00196] AGENT=risk IN triage_keys=['category', 'product', 'sentiment', 'urgency', 'summary']
2026-04-27 20:27:25.816 | 2026-04-27 23:27:25,815 INFO agent.risk risk usou 4 trechos da política (top-k=4)
2026-04-27 20:27:25.816 | 2026-04-27 23:27:25,815 INFO graph [REC-2026-00194] AGENT=risk OUT in 5149ms level=Alto rag_chunks=4
2026-04-27 20:27:25.816 | 2026-04-27 23:27:25,816 INFO graph [REC-2026-00194] AGENT=report IN
2026-04-27 20:27:25.816 | 2026-04-27 23:27:25,816 INFO graph [REC-2026-00194] AGENT=report OUT in 0ms
2026-04-27 20:27:25.817 | 2026-04-27 23:27:25,817 INFO graph [REC-2026-00194] AGENT=guardrail_output IN
2026-04-27 20:27:27.137 | 2026-04-27 23:27:27,136 WARNING agent.guardrail guardrail OUTPUT bloqueou campo=risk_justification — usando regex como fallback
2026-04-27 20:27:27.137 | 2026-04-27 23:27:27,136 INFO graph [REC-2026-00194] AGENT=guardrail_output OUT in 1319ms
2026-04-27 20:27:27.137 | 2026-04-27 23:27:27,137 INFO graph [REC-2026-00194] GRAPH END timings={'guardrail_input': 574, 'triage': 6541, 'risk': 5149, 'report': 0, 'guardrail_output': 1319}
2026-04-27 20:27:27.137 | 2026-04-27 23:27:27,137 INFO graph [REC-2026-00197] GRAPH START
2026-04-27 20:27:27.138 | 2026-04-27 23:27:27,138 INFO graph [REC-2026-00197] AGENT=guardrail_input IN text_len=108
2026-04-27 20:27:27.571 | 2026-04-27 23:27:27,571 WARNING app [REC-2026-00193] tentativa 2/3 falhou — retry em 2s: An error occurred (ThrottlingException) when calling the InvokeModel operation (reached max retries: 4): Too many requests, please wait before trying again.
2026-04-27 20:27:27.781 | 2026-04-27 23:27:27,779 INFO agent.guardrail guardrail INPUT action=NONE
2026-04-27 20:27:27.781 | 2026-04-27 23:27:27,780 INFO graph [REC-2026-00197] AGENT=guardrail_input OUT in 642ms blocked=False reason=None
2026-04-27 20:27:27.782 | 2026-04-27 23:27:27,781 INFO graph [REC-2026-00197] AGENT=triage IN text_len=108 product_hint=None
2026-04-27 20:27:27.954 | 2026-04-27 23:27:27,954 WARNING app [REC-2026-00191] tentativa 2/3 falhou — retry em 2s: An error occurred (ThrottlingException) when calling the InvokeModel operation (reached max retries: 4): Too many requests, please wait before trying again.
2026-04-27 20:27:29.572 | 2026-04-27 23:27:29,571 INFO graph [REC-2026-00193] GRAPH START
2026-04-27 20:27:29.574 | 2026-04-27 23:27:29,573 INFO graph [REC-2026-00193] AGENT=guardrail_input IN text_len=92
2026-04-27 20:27:29.955 | 2026-04-27 23:27:29,954 INFO graph [REC-2026-00191] GRAPH START
2026-04-27 20:27:29.957 | 2026-04-27 23:27:29,957 INFO graph [REC-2026-00191] AGENT=guardrail_input IN text_len=100
2026-04-27 20:27:30.171 | 2026-04-27 23:27:30,170 INFO agent.guardrail guardrail INPUT action=NONE
2026-04-27 20:27:30.171 | 2026-04-27 23:27:30,171 INFO graph [REC-2026-00193] AGENT=guardrail_input OUT in 598ms blocked=False reason=None
2026-04-27 20:27:30.172 | 2026-04-27 23:27:30,172 INFO graph [REC-2026-00193] AGENT=triage IN text_len=92 product_hint=None
2026-04-27 20:27:30.628 | 2026-04-27 23:27:30,627 INFO agent.guardrail guardrail INPUT action=NONE
2026-04-27 20:27:30.628 | 2026-04-27 23:27:30,627 INFO graph [REC-2026-00191] AGENT=guardrail_input OUT in 670ms blocked=False reason=None
2026-04-27 20:27:30.629 | 2026-04-27 23:27:30,628 INFO graph [REC-2026-00191] AGENT=triage IN text_len=100 product_hint=Cartão de Crédito
2026-04-27 20:27:31.036 | 2026-04-27 23:27:31,036 INFO agent.risk risk usou 4 trechos da política (top-k=4)
2026-04-27 20:27:31.036 | 2026-04-27 23:27:31,036 INFO graph [REC-2026-00196] AGENT=risk OUT in 5662ms level=Médio rag_chunks=4
2026-04-27 20:27:31.037 | 2026-04-27 23:27:31,037 INFO graph [REC-2026-00196] AGENT=report IN
2026-04-27 20:27:31.037 | 2026-04-27 23:27:31,037 INFO graph [REC-2026-00196] AGENT=report OUT in 0ms
2026-04-27 20:27:31.038 | 2026-04-27 23:27:31,038 INFO graph [REC-2026-00196] AGENT=guardrail_output IN
2026-04-27 20:27:31.579 | 2026-04-27 23:27:31,578 WARNING app [REC-2026-00195] tentativa 1/3 falhou — retry em 1s: An error occurred (ThrottlingException) when calling the InvokeModel operation (reached max retries: 4): Too many requests, please wait before trying again.
2026-04-27 20:27:31.813 | 2026-04-27 23:27:31,813 INFO graph [REC-2026-00193] AGENT=triage OUT in 1641ms category=Produto/Serviço product=Não Identificado urgency=Baixa
2026-04-27 20:27:31.814 | 2026-04-27 23:27:31,814 INFO graph [REC-2026-00193] AGENT=risk IN triage_keys=['category', 'product', 'sentiment', 'urgency', 'summary']
2026-04-27 20:27:32.372 | 2026-04-27 23:27:32,371 WARNING agent.guardrail guardrail OUTPUT bloqueou campo=risk_justification — usando regex como fallback
2026-04-27 20:27:32.372 | 2026-04-27 23:27:32,372 INFO graph [REC-2026-00196] AGENT=guardrail_output OUT in 1334ms
2026-04-27 20:27:32.373 | 2026-04-27 23:27:32,373 INFO graph [REC-2026-00196] GRAPH END timings={'guardrail_input': 683, 'triage': 2026, 'risk': 5662, 'report': 0, 'guardrail_output': 1334}
2026-04-27 20:27:32.373 | 2026-04-27 23:27:32,373 INFO graph [REC-2026-00198] GRAPH START
2026-04-27 20:27:32.374 | 2026-04-27 23:27:32,374 INFO graph [REC-2026-00198] AGENT=guardrail_input IN text_len=136
2026-04-27 20:27:32.579 | 2026-04-27 23:27:32,579 INFO graph [REC-2026-00195] GRAPH START
2026-04-27 20:27:32.580 | 2026-04-27 23:27:32,580 INFO graph [REC-2026-00195] AGENT=guardrail_input IN text_len=93
2026-04-27 20:27:32.952 | 2026-04-27 23:27:32,951 INFO agent.guardrail guardrail INPUT action=NONE
2026-04-27 20:27:32.952 | 2026-04-27 23:27:32,952 INFO graph [REC-2026-00198] AGENT=guardrail_input OUT in 578ms blocked=False reason=None
2026-04-27 20:27:32.954 | 2026-04-27 23:27:32,953 INFO graph [REC-2026-00198] AGENT=triage IN text_len=136 product_hint=Cartão de Crédito
2026-04-27 20:27:33.229 | 2026-04-27 23:27:33,228 INFO agent.guardrail guardrail INPUT action=NONE
2026-04-27 20:27:33.229 | 2026-04-27 23:27:33,228 INFO graph [REC-2026-00195] AGENT=guardrail_input OUT in 648ms blocked=False reason=None
2026-04-27 20:27:33.230 | 2026-04-27 23:27:33,230 INFO graph [REC-2026-00195] AGENT=triage IN text_len=93 product_hint=None
2026-04-27 20:27:35.341 | 2026-04-27 23:27:35,340 INFO agent.risk risk usou 4 trechos da política (top-k=4)
2026-04-27 20:27:35.341 | 2026-04-27 23:27:35,341 INFO graph [REC-2026-00193] AGENT=risk OUT in 3527ms level=Baixo rag_chunks=4
2026-04-27 20:27:35.342 | 2026-04-27 23:27:35,341 INFO graph [REC-2026-00193] AGENT=report IN
2026-04-27 20:27:35.342 | 2026-04-27 23:27:35,342 INFO graph [REC-2026-00193] AGENT=report OUT in 1ms
2026-04-27 20:27:35.343 | 2026-04-27 23:27:35,342 INFO graph [REC-2026-00193] AGENT=guardrail_output IN
2026-04-27 20:27:36.004 | 2026-04-27 23:27:36,004 ERROR app [REC-2026-00191] todas 3 tentativas falharam: An error occurred (ThrottlingException) when calling the InvokeModel operation (reached max retries: 4): Too many requests, please wait before trying again.
2026-04-27 20:27:36.004 | 2026-04-27 23:27:36,004 ERROR app [REC-2026-00191] falha definitiva: An error occurred (ThrottlingException) when calling the InvokeModel operation (reached max retries: 4): Too many requests, please wait before trying again.
2026-04-27 20:27:36.004 | 2026-04-27 23:27:36,004 INFO graph [REC-2026-00199] GRAPH START
2026-04-27 20:27:36.005 | 2026-04-27 23:27:36,005 INFO graph [REC-2026-00199] AGENT=guardrail_input IN text_len=93
2026-04-27 20:27:36.617 | 2026-04-27 23:27:36,616 INFO agent.guardrail guardrail INPUT action=NONE
2026-04-27 20:27:36.617 | 2026-04-27 23:27:36,616 INFO graph [REC-2026-00199] AGENT=guardrail_input OUT in 611ms blocked=False reason=None
2026-04-27 20:27:36.618 | 2026-04-27 23:27:36,618 INFO graph [REC-2026-00199] AGENT=triage IN text_len=93 product_hint=None
2026-04-27 20:27:36.683 | 2026-04-27 23:27:36,682 INFO graph [REC-2026-00193] AGENT=guardrail_output OUT in 1340ms
2026-04-27 20:27:36.684 | 2026-04-27 23:27:36,683 INFO graph [REC-2026-00193] GRAPH END timings={'guardrail_input': 598, 'triage': 1641, 'risk': 3527, 'report': 1, 'guardrail_output': 1340}
2026-04-27 20:27:36.684 | 2026-04-27 23:27:36,684 INFO graph [REC-2026-00200] GRAPH START
2026-04-27 20:27:36.686 | 2026-04-27 23:27:36,685 INFO graph [REC-2026-00200] AGENT=guardrail_input IN text_len=87
2026-04-27 20:27:37.265 | 2026-04-27 23:27:37,264 INFO agent.guardrail guardrail INPUT action=NONE
2026-04-27 20:27:37.265 | 2026-04-27 23:27:37,264 INFO graph [REC-2026-00200] AGENT=guardrail_input OUT in 579ms blocked=False reason=None
2026-04-27 20:27:37.266 | 2026-04-27 23:27:37,265 INFO graph [REC-2026-00200] AGENT=triage IN text_len=87 product_hint=None
2026-04-27 20:27:37.467 | 2026-04-27 23:27:37,467 INFO graph [REC-2026-00197] AGENT=triage OUT in 9686ms category=Atendimento product=Não Identificado urgency=Baixa
2026-04-27 20:27:37.467 | 2026-04-27 23:27:37,467 INFO graph [REC-2026-00197] AGENT=risk IN triage_keys=['category', 'product', 'sentiment', 'urgency', 'summary']
2026-04-27 20:27:40.837 | 2026-04-27 23:27:40,836 WARNING app [REC-2026-00198] tentativa 1/3 falhou — retry em 1s: An error occurred (ThrottlingException) when calling the InvokeModel operation (reached max retries: 4): Too many requests, please wait before trying again.
2026-04-27 20:27:41.491 | 2026-04-27 23:27:41,491 WARNING app [REC-2026-00195] tentativa 2/3 falhou — retry em 2s: An error occurred (ThrottlingException) when calling the InvokeModel operation (reached max retries: 4): Too many requests, please wait before trying again.
2026-04-27 20:27:41.551 | 2026-04-27 23:27:41,551 WARNING app [REC-2026-00199] tentativa 1/3 falhou — retry em 1s: An error occurred (ThrottlingException) when calling the InvokeModel operation (reached max retries: 4): Too many requests, please wait before trying again.
2026-04-27 20:27:41.837 | 2026-04-27 23:27:41,837 INFO graph [REC-2026-00198] GRAPH START
2026-04-27 20:27:41.838 | 2026-04-27 23:27:41,838 INFO graph [REC-2026-00198] AGENT=guardrail_input IN text_len=136
2026-04-27 20:27:42.289 | 2026-04-27 23:27:42,288 INFO agent.risk risk usou 4 trechos da política (top-k=4)
2026-04-27 20:27:42.289 | 2026-04-27 23:27:42,288 INFO graph [REC-2026-00197] AGENT=risk OUT in 4821ms level=Baixo rag_chunks=4
2026-04-27 20:27:42.292 | 2026-04-27 23:27:42,289 INFO graph [REC-2026-00197] AGENT=report IN
2026-04-27 20:27:42.292 | 2026-04-27 23:27:42,289 INFO graph [REC-2026-00197] AGENT=report OUT in 0ms
2026-04-27 20:27:42.292 | 2026-04-27 23:27:42,290 INFO graph [REC-2026-00197] AGENT=guardrail_output IN
2026-04-27 20:27:42.551 | 2026-04-27 23:27:42,551 INFO graph [REC-2026-00199] GRAPH START
2026-04-27 20:27:42.552 | 2026-04-27 23:27:42,552 INFO graph [REC-2026-00199] AGENT=guardrail_input IN text_len=93
2026-04-27 20:27:42.802 | 2026-04-27 23:27:42,801 INFO agent.guardrail guardrail INPUT action=NONE
2026-04-27 20:27:42.802 | 2026-04-27 23:27:42,802 INFO graph [REC-2026-00198] AGENT=guardrail_input OUT in 964ms blocked=False reason=None
2026-04-27 20:27:42.803 | 2026-04-27 23:27:42,803 INFO graph [REC-2026-00198] AGENT=triage IN text_len=136 product_hint=Cartão de Crédito
2026-04-27 20:27:43.185 | 2026-04-27 23:27:43,185 INFO agent.guardrail guardrail INPUT action=NONE
2026-04-27 20:27:43.185 | 2026-04-27 23:27:43,185 INFO graph [REC-2026-00199] AGENT=guardrail_input OUT in 633ms blocked=False reason=None
2026-04-27 20:27:43.184 | 2026-04-27 23:27:43,184 INFO graph [REC-2026-00199] AGENT=triage IN text_len=93 product_hint=None
2026-04-27 20:27:43.490 | 2026-04-27 23:27:43,489 INFO graph [REC-2026-00195] GRAPH START
2026-04-27 20:27:43.491 | 2026-04-27 23:27:43,490 INFO graph [REC-2026-00195] AGENT=guardrail_input IN text_len=93
2026-04-27 20:27:43.499 | 2026-04-27 23:27:43,499 INFO graph [REC-2026-00197] AGENT=guardrail_output OUT in 1209ms
2026-04-27 20:27:43.499 | 2026-04-27 23:27:43,499 INFO graph [REC-2026-00197] GRAPH END timings={'guardrail_input': 642, 'triage': 9686, 'risk': 4821, 'report': 0, 'guardrail_output': 1209}
2026-04-27 20:27:43.499 | 2026-04-27 23:27:43,499 INFO graph [REC-2026-00201] GRAPH START
2026-04-27 20:27:43.500 | 2026-04-27 23:27:43,500 INFO graph [REC-2026-00201] AGENT=guardrail_input IN text_len=140
2026-04-27 20:27:44.064 | 2026-04-27 23:27:44,063 INFO agent.guardrail guardrail INPUT action=NONE
2026-04-27 20:27:44.064 | 2026-04-27 23:27:44,064 INFO graph [REC-2026-00195] AGENT=guardrail_input OUT in 574ms blocked=False reason=None
2026-04-27 20:27:44.066 | 2026-04-27 23:27:44,065 INFO graph [REC-2026-00195] AGENT=triage IN text_len=93 product_hint=None
2026-04-27 20:27:44.138 | 2026-04-27 23:27:44,137 INFO agent.guardrail guardrail INPUT action=NONE
2026-04-27 20:27:44.138 | 2026-04-27 23:27:44,137 INFO graph [REC-2026-00201] AGENT=guardrail_input OUT in 637ms blocked=False reason=None
2026-04-27 20:27:44.139 | 2026-04-27 23:27:44,139 INFO graph [REC-2026-00201] AGENT=triage IN text_len=140 product_hint=Cartão de Crédito
2026-04-27 20:27:44.441 | 2026-04-27 23:27:44,441 INFO graph [REC-2026-00198] AGENT=triage OUT in 1638ms category=Produto/Serviço product=Cartão de Crédito urgency=Alta
2026-04-27 20:27:44.443 | 2026-04-27 23:27:44,442 INFO graph [REC-2026-00198] AGENT=risk IN triage_keys=['category', 'product', 'sentiment', 'urgency', 'summary']
2026-04-27 20:27:44.654 | 2026-04-27 23:27:44,653 WARNING app [REC-2026-00200] tentativa 1/3 falhou — retry em 1s: An error occurred (ThrottlingException) when calling the InvokeModel operation (reached max retries: 4): Too many requests, please wait before trying again.
2026-04-27 20:27:45.654 | 2026-04-27 23:27:45,653 INFO graph [REC-2026-00200] GRAPH START
2026-04-27 20:27:45.655 | 2026-04-27 23:27:45,654 INFO graph [REC-2026-00200] AGENT=guardrail_input IN text_len=87
2026-04-27 20:27:46.224 | 2026-04-27 23:27:46,223 INFO agent.guardrail guardrail INPUT action=NONE
2026-04-27 20:27:46.224 | 2026-04-27 23:27:46,223 INFO graph [REC-2026-00200] AGENT=guardrail_input OUT in 569ms blocked=False reason=None
2026-04-27 20:27:46.225 | 2026-04-27 23:27:46,225 INFO graph [REC-2026-00200] AGENT=triage IN text_len=87 product_hint=None
2026-04-27 20:27:49.281 | 2026-04-27 23:27:49,280 ERROR app [REC-2026-00195] todas 3 tentativas falharam: An error occurred (ThrottlingException) when calling the InvokeModel operation (reached max retries: 4): Too many requests, please wait before trying again.
2026-04-27 20:27:49.281 | 2026-04-27 23:27:49,281 ERROR app [REC-2026-00195] falha definitiva: An error occurred (ThrottlingException) when calling the InvokeModel operation (reached max retries: 4): Too many requests, please wait before trying again.
2026-04-27 20:27:49.281 | 2026-04-27 23:27:49,281 INFO graph [REC-2026-00202] GRAPH START
2026-04-27 20:27:49.283 | 2026-04-27 23:27:49,283 INFO graph [REC-2026-00202] AGENT=guardrail_input IN text_len=25
2026-04-27 20:27:49.941 | 2026-04-27 23:27:49,940 INFO agent.guardrail guardrail INPUT action=NONE
2026-04-27 20:27:49.941 | 2026-04-27 23:27:49,940 INFO graph [REC-2026-00202] AGENT=guardrail_input OUT in 657ms blocked=False reason=None
2026-04-27 20:27:49.942 | 2026-04-27 23:27:49,941 INFO graph [REC-2026-00202] AGENT=triage IN text_len=25 product_hint=None
2026-04-27 20:27:50.055 | 2026-04-27 23:27:50,054 INFO graph [REC-2026-00200] AGENT=triage OUT in 3829ms category=Produto/Serviço product=Empréstimo urgency=Baixa
2026-04-27 20:27:50.056 | 2026-04-27 23:27:50,055 INFO graph [REC-2026-00200] AGENT=risk IN triage_keys=['category', 'product', 'sentiment', 'urgency', 'summary']
2026-04-27 20:27:51.439 | 2026-04-27 23:27:51,438 WARNING app [REC-2026-00201] tentativa 1/3 falhou — retry em 1s: An error occurred (ThrottlingException) when calling the InvokeModel operation (reached max retries: 4): Too many requests, please wait before trying again.
2026-04-27 20:27:51.886 | 2026-04-27 23:27:51,886 WARNING app [REC-2026-00199] tentativa 2/3 falhou — retry em 2s: An error occurred (ThrottlingException) when calling the InvokeModel operation (reached max retries: 4): Too many requests, please wait before trying again.
2026-04-27 20:27:52.439 | 2026-04-27 23:27:52,439 INFO graph [REC-2026-00201] GRAPH START
2026-04-27 20:27:52.441 | 2026-04-27 23:27:52,441 INFO graph [REC-2026-00201] AGENT=guardrail_input IN text_len=140
2026-04-27 20:27:53.004 | 2026-04-27 23:27:53,003 INFO agent.risk risk usou 4 trechos da política (top-k=4)
2026-04-27 20:27:53.004 | 2026-04-27 23:27:53,003 INFO graph [REC-2026-00198] AGENT=risk OUT in 8561ms level=Médio rag_chunks=4
2026-04-27 20:27:53.005 | 2026-04-27 23:27:53,004 INFO graph [REC-2026-00198] AGENT=report IN
2026-04-27 20:27:53.005 | 2026-04-27 23:27:53,004 INFO graph [REC-2026-00198] AGENT=report OUT in 0ms
2026-04-27 20:27:53.006 | 2026-04-27 23:27:53,005 INFO graph [REC-2026-00198] AGENT=guardrail_output IN
2026-04-27 20:27:53.084 | 2026-04-27 23:27:53,083 INFO agent.guardrail guardrail INPUT action=NONE
2026-04-27 20:27:53.084 | 2026-04-27 23:27:53,084 INFO graph [REC-2026-00201] AGENT=guardrail_input OUT in 643ms blocked=False reason=None
2026-04-27 20:27:53.085 | 2026-04-27 23:27:53,084 INFO graph [REC-2026-00201] AGENT=triage IN text_len=140 product_hint=Cartão de Crédito
2026-04-27 20:27:53.866 | 2026-04-27 23:27:53,865 INFO agent.risk risk usou 4 trechos da política (top-k=4)
2026-04-27 20:27:53.866 | 2026-04-27 23:27:53,866 INFO graph [REC-2026-00200] AGENT=risk OUT in 3811ms level=Baixo rag_chunks=4
2026-04-27 20:27:53.866 | 2026-04-27 23:27:53,866 INFO graph [REC-2026-00200] AGENT=report IN
2026-04-27 20:27:53.866 | 2026-04-27 23:27:53,866 INFO graph [REC-2026-00200] AGENT=report OUT in 0ms
2026-04-27 20:27:53.867 | 2026-04-27 23:27:53,867 INFO graph [REC-2026-00200] AGENT=guardrail_output IN
2026-04-27 20:27:53.886 | 2026-04-27 23:27:53,886 INFO graph [REC-2026-00199] GRAPH START
2026-04-27 20:27:53.888 | 2026-04-27 23:27:53,888 INFO graph [REC-2026-00199] AGENT=guardrail_input IN text_len=93
2026-04-27 20:27:54.155 | 2026-04-27 23:27:54,154 INFO graph [REC-2026-00198] AGENT=guardrail_output OUT in 1149ms
2026-04-27 20:27:54.156 | 2026-04-27 23:27:54,155 INFO graph [REC-2026-00198] GRAPH END timings={'guardrail_input': 964, 'triage': 1638, 'risk': 8561, 'report': 0, 'guardrail_output': 1149}
2026-04-27 20:27:54.156 | 2026-04-27 23:27:54,156 INFO graph [REC-2026-00203] GRAPH START
2026-04-27 20:27:54.158 | 2026-04-27 23:27:54,158 INFO graph [REC-2026-00203] AGENT=guardrail_input IN text_len=114
2026-04-27 20:27:54.495 | 2026-04-27 23:27:54,494 INFO agent.guardrail guardrail INPUT action=NONE
2026-04-27 20:27:54.495 | 2026-04-27 23:27:54,495 INFO graph [REC-2026-00199] AGENT=guardrail_input OUT in 607ms blocked=False reason=None
2026-04-27 20:27:54.497 | 2026-04-27 23:27:54,496 INFO graph [REC-2026-00199] AGENT=triage IN text_len=93 product_hint=None
2026-04-27 20:27:54.748 | 2026-04-27 23:27:54,747 INFO agent.guardrail guardrail INPUT action=NONE
2026-04-27 20:27:54.748 | 2026-04-27 23:27:54,747 INFO graph [REC-2026-00203] AGENT=guardrail_input OUT in 589ms blocked=False reason=None
2026-04-27 20:27:54.749 | 2026-04-27 23:27:54,749 INFO graph [REC-2026-00203] AGENT=triage IN text_len=114 product_hint=None
2026-04-27 20:27:55.080 | 2026-04-27 23:27:55,080 INFO graph [REC-2026-00200] AGENT=guardrail_output OUT in 1213ms
2026-04-27 20:27:55.081 | 2026-04-27 23:27:55,081 INFO graph [REC-2026-00200] GRAPH END timings={'guardrail_input': 569, 'triage': 3829, 'risk': 3811, 'report': 0, 'guardrail_output': 1213}
2026-04-27 20:27:55.081 | 2026-04-27 23:27:55,081 INFO graph [REC-2026-00204] GRAPH START
2026-04-27 20:27:55.082 | 2026-04-27 23:27:55,082 INFO graph [REC-2026-00204] AGENT=guardrail_input IN text_len=121
2026-04-27 20:27:55.705 | 2026-04-27 23:27:55,705 INFO agent.guardrail guardrail INPUT action=NONE
2026-04-27 20:27:55.705 | 2026-04-27 23:27:55,705 INFO graph [REC-2026-00204] AGENT=guardrail_input OUT in 623ms blocked=False reason=None
2026-04-27 20:27:55.706 | 2026-04-27 23:27:55,706 INFO graph [REC-2026-00204] AGENT=triage IN text_len=121 product_hint=Empréstimo
2026-04-27 20:27:55.902 | 2026-04-27 23:27:55,901 INFO graph [REC-2026-00201] AGENT=triage OUT in 2817ms category=Cobrança Indevida product=Cartão de Crédito urgency=Alta
2026-04-27 20:27:55.903 | 2026-04-27 23:27:55,903 INFO graph [REC-2026-00201] AGENT=risk IN triage_keys=['category', 'product', 'sentiment', 'urgency', 'summary']
2026-04-27 20:27:57.483 | 2026-04-27 23:27:57,483 WARNING app [REC-2026-00202] tentativa 1/3 falhou — retry em 1s: An error occurred (ThrottlingException) when calling the InvokeModel operation (reached max retries: 4): Too many requests, please wait before trying again.
2026-04-27 20:27:58.484 | 2026-04-27 23:27:58,483 INFO graph [REC-2026-00202] GRAPH START
2026-04-27 20:27:58.486 | 2026-04-27 23:27:58,485 INFO graph [REC-2026-00202] AGENT=guardrail_input IN text_len=25
2026-04-27 20:27:59.078 | 2026-04-27 23:27:59,077 INFO agent.guardrail guardrail INPUT action=NONE
2026-04-27 20:27:59.078 | 2026-04-27 23:27:59,077 INFO graph [REC-2026-00202] AGENT=guardrail_input OUT in 592ms blocked=False reason=None
2026-04-27 20:27:59.079 | 2026-04-27 23:27:59,079 INFO graph [REC-2026-00202] AGENT=triage IN text_len=25 product_hint=None
2026-04-27 20:28:00.516 | 2026-04-27 23:28:00,516 INFO agent.risk risk usou 4 trechos da política (top-k=4)
2026-04-27 20:28:00.516 | 2026-04-27 23:28:00,516 INFO graph [REC-2026-00201] AGENT=risk OUT in 4613ms level=Alto rag_chunks=4
2026-04-27 20:28:00.517 | 2026-04-27 23:28:00,517 INFO graph [REC-2026-00201] AGENT=report IN
2026-04-27 20:28:00.517 | 2026-04-27 23:28:00,517 INFO graph [REC-2026-00201] AGENT=report OUT in 0ms
2026-04-27 20:28:00.518 | 2026-04-27 23:28:00,518 INFO graph [REC-2026-00201] AGENT=guardrail_output IN
2026-04-27 20:28:01.759 | 2026-04-27 23:28:01,758 INFO graph [REC-2026-00201] AGENT=guardrail_output OUT in 1240ms
2026-04-27 20:28:01.759 | 2026-04-27 23:28:01,759 INFO graph [REC-2026-00201] GRAPH END timings={'guardrail_input': 643, 'triage': 2817, 'risk': 4613, 'report': 0, 'guardrail_output': 1240}
2026-04-27 20:28:01.759 | 2026-04-27 23:28:01,759 INFO graph [REC-2026-00205] GRAPH START
2026-04-27 20:28:01.760 | 2026-04-27 23:28:01,760 INFO graph [REC-2026-00205] AGENT=guardrail_input IN text_len=93
2026-04-27 20:28:02.320 | 2026-04-27 23:28:02,319 INFO agent.guardrail guardrail INPUT action=NONE
2026-04-27 20:28:02.320 | 2026-04-27 23:28:02,320 INFO graph [REC-2026-00205] AGENT=guardrail_input OUT in 560ms blocked=False reason=None
2026-04-27 20:28:02.321 | 2026-04-27 23:28:02,320 INFO graph [REC-2026-00205] AGENT=triage IN text_len=93 product_hint=PIX
2026-04-27 20:28:02.602 | 2026-04-27 23:28:02,602 INFO graph [REC-2026-00204] AGENT=triage OUT in 6896ms category=Cancelamento product=Empréstimo urgency=Alta
2026-04-27 20:28:02.603 | 2026-04-27 23:28:02,602 INFO graph [REC-2026-00204] AGENT=risk IN triage_keys=['category', 'product', 'sentiment', 'urgency', 'summary']
2026-04-27 20:28:03.408 | 2026-04-27 23:28:03,408 ERROR app [REC-2026-00199] todas 3 tentativas falharam: An error occurred (ThrottlingException) when calling the InvokeModel operation (reached max retries: 4): Too many requests, please wait before trying again.
2026-04-27 20:28:03.408 | 2026-04-27 23:28:03,408 ERROR app [REC-2026-00199] falha definitiva: An error occurred (ThrottlingException) when calling the InvokeModel operation (reached max retries: 4): Too many requests, please wait before trying again.
2026-04-27 20:28:03.409 | 2026-04-27 23:28:03,408 INFO graph [REC-2026-00206] GRAPH START
2026-04-27 20:28:03.410 | 2026-04-27 23:28:03,410 INFO graph [REC-2026-00206] AGENT=guardrail_input IN text_len=112
2026-04-27 20:28:03.931 | 2026-04-27 23:28:03,930 WARNING app [REC-2026-00203] tentativa 1/3 falhou — retry em 1s: An error occurred (ThrottlingException) when calling the InvokeModel operation (reached max retries: 4): Too many requests, please wait before trying again.
2026-04-27 20:28:03.960 | 2026-04-27 23:28:03,959 INFO agent.guardrail guardrail INPUT action=NONE
2026-04-27 20:28:03.960 | 2026-04-27 23:28:03,960 INFO graph [REC-2026-00206] AGENT=guardrail_input OUT in 550ms blocked=False reason=None
2026-04-27 20:28:03.961 | 2026-04-27 23:28:03,961 INFO graph [REC-2026-00206] AGENT=triage IN text_len=112 product_hint=None
2026-04-27 20:28:04.931 | 2026-04-27 23:28:04,931 INFO graph [REC-2026-00203] GRAPH START
2026-04-27 20:28:04.932 | 2026-04-27 23:28:04,932 INFO graph [REC-2026-00203] AGENT=guardrail_input IN text_len=114
2026-04-27 20:28:05.520 | 2026-04-27 23:28:05,520 INFO agent.guardrail guardrail INPUT action=NONE
2026-04-27 20:28:05.521 | 2026-04-27 23:28:05,520 INFO graph [REC-2026-00203] AGENT=guardrail_input OUT in 588ms blocked=False reason=None
2026-04-27 20:28:05.523 | 2026-04-27 23:28:05,521 INFO graph [REC-2026-00203] AGENT=triage IN text_len=114 product_hint=None
2026-04-27 20:28:06.860 | 2026-04-27 23:28:06,860 INFO agent.risk risk usou 4 trechos da política (top-k=4)
2026-04-27 20:28:06.860 | 2026-04-27 23:28:06,860 INFO graph [REC-2026-00204] AGENT=risk OUT in 4258ms level=Alto rag_chunks=4
2026-04-27 20:28:06.862 | 2026-04-27 23:28:06,861 INFO graph [REC-2026-00204] AGENT=report IN
2026-04-27 20:28:06.862 | 2026-04-27 23:28:06,861 INFO graph [REC-2026-00204] AGENT=report OUT in 0ms
2026-04-27 20:28:06.862 | 2026-04-27 23:28:06,862 INFO graph [REC-2026-00204] AGENT=guardrail_output IN
2026-04-27 20:28:08.132 | 2026-04-27 23:28:08,131 INFO graph [REC-2026-00204] AGENT=guardrail_output OUT in 1269ms
2026-04-27 20:28:08.133 | 2026-04-27 23:28:08,132 INFO graph [REC-2026-00204] GRAPH END timings={'guardrail_input': 623, 'triage': 6896, 'risk': 4258, 'report': 0, 'guardrail_output': 1269}
2026-04-27 20:28:08.133 | 2026-04-27 23:28:08,133 INFO graph [REC-2026-00207] GRAPH START
2026-04-27 20:28:08.134 | 2026-04-27 23:28:08,134 INFO graph [REC-2026-00207] AGENT=guardrail_input IN text_len=92
2026-04-27 20:28:08.212 | 2026-04-27 23:28:08,211 INFO graph [REC-2026-00206] AGENT=triage OUT in 4250ms category=Cobrança Indevida product=Conta Corrente urgency=Alta
2026-04-27 20:28:08.213 | 2026-04-27 23:28:08,212 INFO graph [REC-2026-00206] AGENT=risk IN triage_keys=['category', 'product', 'sentiment', 'urgency', 'summary']
2026-04-27 20:28:08.743 | 2026-04-27 23:28:08,742 INFO agent.guardrail guardrail INPUT action=NONE
2026-04-27 20:28:08.743 | 2026-04-27 23:28:08,743 INFO graph [REC-2026-00207] AGENT=guardrail_input OUT in 609ms blocked=False reason=None
2026-04-27 20:28:08.744 | 2026-04-27 23:28:08,744 INFO graph [REC-2026-00207] AGENT=triage IN text_len=92 product_hint=None
2026-04-27 20:28:09.312 | 2026-04-27 23:28:09,311 WARNING app [REC-2026-00205] tentativa 1/3 falhou — retry em 1s: An error occurred (ThrottlingException) when calling the InvokeModel operation (reached max retries: 4): Too many requests, please wait before trying again.
2026-04-27 20:28:09.647 | 2026-04-27 23:28:09,647 WARNING app [REC-2026-00202] tentativa 2/3 falhou — retry em 2s: An error occurred (ThrottlingException) when calling the InvokeModel operation (reached max retries: 4): Too many requests, please wait before trying again.
2026-04-27 20:28:10.312 | 2026-04-27 23:28:10,312 INFO graph [REC-2026-00205] GRAPH START
2026-04-27 20:28:10.314 | 2026-04-27 23:28:10,314 INFO graph [REC-2026-00205] AGENT=guardrail_input IN text_len=93
2026-04-27 20:28:10.885 | 2026-04-27 23:28:10,885 INFO agent.guardrail guardrail INPUT action=NONE
2026-04-27 20:28:10.885 | 2026-04-27 23:28:10,885 INFO graph [REC-2026-00205] AGENT=guardrail_input OUT in 571ms blocked=False reason=None
2026-04-27 20:28:10.886 | 2026-04-27 23:28:10,886 INFO graph [REC-2026-00205] AGENT=triage IN text_len=93 product_hint=PIX
2026-04-27 20:28:11.648 | 2026-04-27 23:28:11,647 INFO graph [REC-2026-00202] GRAPH START
2026-04-27 20:28:11.649 | 2026-04-27 23:28:11,649 INFO graph [REC-2026-00202] AGENT=guardrail_input IN text_len=25
2026-04-27 20:28:12.216 | 2026-04-27 23:28:12,215 INFO agent.guardrail guardrail INPUT action=NONE
2026-04-27 20:28:12.216 | 2026-04-27 23:28:12,216 INFO graph [REC-2026-00202] AGENT=guardrail_input OUT in 567ms blocked=False reason=None
2026-04-27 20:28:12.218 | 2026-04-27 23:28:12,217 INFO graph [REC-2026-00202] AGENT=triage IN text_len=25 product_hint=None
2026-04-27 20:28:12.984 | 2026-04-27 23:28:12,984 INFO agent.risk risk usou 4 trechos da política (top-k=4)
2026-04-27 20:28:12.984 | 2026-04-27 23:28:12,984 INFO graph [REC-2026-00206] AGENT=risk OUT in 4772ms level=Alto rag_chunks=4
2026-04-27 20:28:12.984 | 2026-04-27 23:28:12,984 INFO graph [REC-2026-00206] AGENT=report IN
2026-04-27 20:28:12.984 | 2026-04-27 23:28:12,984 INFO graph [REC-2026-00206] AGENT=report OUT in 0ms
2026-04-27 20:28:12.985 | 2026-04-27 23:28:12,984 INFO graph [REC-2026-00206] AGENT=guardrail_output IN
2026-04-27 20:28:13.138 | 2026-04-27 23:28:13,138 WARNING app [REC-2026-00203] tentativa 2/3 falhou — retry em 2s: An error occurred (ThrottlingException) when calling the InvokeModel operation (reached max retries: 4): Too many requests, please wait before trying again.
2026-04-27 20:28:13.954 | 2026-04-27 23:28:13,954 INFO graph [REC-2026-00202] AGENT=triage OUT in 1737ms category=Outros product=Não Identificado urgency=Baixa
2026-04-27 20:28:13.955 | 2026-04-27 23:28:13,955 INFO graph [REC-2026-00202] AGENT=risk IN triage_keys=['category', 'product', 'sentiment', 'urgency', 'summary']
2026-04-27 20:28:14.211 | 2026-04-27 23:28:14,211 INFO graph [REC-2026-00206] AGENT=guardrail_output OUT in 1226ms
2026-04-27 20:28:14.212 | 2026-04-27 23:28:14,211 INFO graph [REC-2026-00206] GRAPH END timings={'guardrail_input': 550, 'triage': 4250, 'risk': 4772, 'report': 0, 'guardrail_output': 1226}
2026-04-27 20:28:14.212 | 2026-04-27 23:28:14,212 INFO graph [REC-2026-00208] GRAPH START
2026-04-27 20:28:14.213 | 2026-04-27 23:28:14,213 INFO graph [REC-2026-00208] AGENT=guardrail_input IN text_len=98
2026-04-27 20:28:14.860 | 2026-04-27 23:28:14,859 INFO agent.guardrail guardrail INPUT action=NONE
2026-04-27 20:28:14.860 | 2026-04-27 23:28:14,859 INFO graph [REC-2026-00208] AGENT=guardrail_input OUT in 646ms blocked=False reason=None
2026-04-27 20:28:14.861 | 2026-04-27 23:28:14,860 INFO graph [REC-2026-00208] AGENT=triage IN text_len=98 product_hint=Transferência
2026-04-27 20:28:14.935 | 2026-04-27 23:28:14,934 WARNING app [REC-2026-00207] tentativa 1/3 falhou — retry em 1s: An error occurred (ThrottlingException) when calling the InvokeModel operation (reached max retries: 4): Too many requests, please wait before trying again.
2026-04-27 20:28:15.137 | 2026-04-27 23:28:15,135 INFO graph [REC-2026-00203] GRAPH START
2026-04-27 20:28:15.138 | 2026-04-27 23:28:15,138 INFO graph [REC-2026-00203] AGENT=guardrail_input IN text_len=114
2026-04-27 20:28:15.749 | 2026-04-27 23:28:15,748 INFO agent.guardrail guardrail INPUT action=NONE
2026-04-27 20:28:15.749 | 2026-04-27 23:28:15,749 INFO graph [REC-2026-00203] AGENT=guardrail_input OUT in 611ms blocked=False reason=None
2026-04-27 20:28:15.749 | 2026-04-27 23:28:15,749 INFO graph [REC-2026-00203] AGENT=triage IN text_len=114 product_hint=None
2026-04-27 20:28:15.936 | 2026-04-27 23:28:15,935 INFO graph [REC-2026-00207] GRAPH START
2026-04-27 20:28:15.937 | 2026-04-27 23:28:15,937 INFO graph [REC-2026-00207] AGENT=guardrail_input IN text_len=92
2026-04-27 20:28:16.557 | 2026-04-27 23:28:16,557 INFO agent.guardrail guardrail INPUT action=NONE
2026-04-27 20:28:16.557 | 2026-04-27 23:28:16,557 INFO graph [REC-2026-00207] AGENT=guardrail_input OUT in 620ms blocked=False reason=None
2026-04-27 20:28:16.558 | 2026-04-27 23:28:16,557 INFO graph [REC-2026-00207] AGENT=triage IN text_len=92 product_hint=None
2026-04-27 20:28:17.591 | 2026-04-27 23:28:17,590 INFO agent.risk risk usou 4 trechos da política (top-k=4)
2026-04-27 20:28:17.591 | 2026-04-27 23:28:17,590 INFO graph [REC-2026-00202] AGENT=risk OUT in 3635ms level=Baixo rag_chunks=4
2026-04-27 20:28:17.592 | 2026-04-27 23:28:17,591 INFO graph [REC-2026-00202] AGENT=report IN
2026-04-27 20:28:17.592 | 2026-04-27 23:28:17,591 INFO graph [REC-2026-00202] AGENT=report OUT in 0ms
2026-04-27 20:28:17.592 | 2026-04-27 23:28:17,592 INFO graph [REC-2026-00202] AGENT=guardrail_output IN
2026-04-27 20:28:19.024 | 2026-04-27 23:28:19,023 WARNING agent.guardrail guardrail OUTPUT bloqueou campo=risk_justification — usando regex como fallback
2026-04-27 20:28:19.024 | 2026-04-27 23:28:19,024 INFO graph [REC-2026-00202] AGENT=guardrail_output OUT in 1432ms
2026-04-27 20:28:19.025 | 2026-04-27 23:28:19,025 INFO graph [REC-2026-00202] GRAPH END timings={'guardrail_input': 567, 'triage': 1737, 'risk': 3635, 'report': 0, 'guardrail_output': 1432}
2026-04-27 20:28:19.025 | 2026-04-27 23:28:19,025 INFO graph [REC-2026-00209] GRAPH START
2026-04-27 20:28:19.026 | 2026-04-27 23:28:19,026 INFO graph [REC-2026-00209] AGENT=guardrail_input IN text_len=110
2026-04-27 20:28:19.637 | 2026-04-27 23:28:19,636 INFO agent.guardrail guardrail INPUT action=NONE
2026-04-27 20:28:19.637 | 2026-04-27 23:28:19,637 INFO graph [REC-2026-00209] AGENT=guardrail_input OUT in 611ms blocked=False reason=None
2026-04-27 20:28:19.638 | 2026-04-27 23:28:19,638 INFO graph [REC-2026-00209] AGENT=triage IN text_len=110 product_hint=None
2026-04-27 20:28:19.872 | 2026-04-27 23:28:19,871 INFO graph [REC-2026-00208] AGENT=triage OUT in 5011ms category=Cobrança Indevida product=Conta Corrente urgency=Média
2026-04-27 20:28:19.873 | 2026-04-27 23:28:19,872 INFO graph [REC-2026-00208] AGENT=risk IN triage_keys=['category', 'product', 'sentiment', 'urgency', 'summary']
2026-04-27 20:28:21.636 | 2026-04-27 23:28:21,635 WARNING app [REC-2026-00205] tentativa 2/3 falhou — retry em 2s: An error occurred (ThrottlingException) when calling the InvokeModel operation (reached max retries: 4): Too many requests, please wait before trying again.
2026-04-27 20:28:23.636 | 2026-04-27 23:28:23,636 INFO graph [REC-2026-00205] GRAPH START
2026-04-27 20:28:23.639 | 2026-04-27 23:28:23,638 INFO graph [REC-2026-00205] AGENT=guardrail_input IN text_len=93
2026-04-27 20:28:24.281 | 2026-04-27 23:28:24,281 INFO agent.guardrail guardrail INPUT action=NONE
2026-04-27 20:28:24.281 | 2026-04-27 23:28:24,281 INFO graph [REC-2026-00205] AGENT=guardrail_input OUT in 643ms blocked=False reason=None
2026-04-27 20:28:24.282 | 2026-04-27 23:28:24,282 INFO graph [REC-2026-00205] AGENT=triage IN text_len=93 product_hint=PIX
2026-04-27 20:28:24.843 | 2026-04-27 23:28:24,842 INFO agent.risk risk usou 4 trechos da política (top-k=4)
2026-04-27 20:28:24.843 | 2026-04-27 23:28:24,842 INFO graph [REC-2026-00208] AGENT=risk OUT in 4970ms level=Médio rag_chunks=4
2026-04-27 20:28:24.843 | 2026-04-27 23:28:24,843 INFO graph [REC-2026-00208] AGENT=report IN
2026-04-27 20:28:24.843 | 2026-04-27 23:28:24,843 INFO graph [REC-2026-00208] AGENT=report OUT in 0ms
2026-04-27 20:28:24.844 | 2026-04-27 23:28:24,844 INFO graph [REC-2026-00208] AGENT=guardrail_output IN
2026-04-27 20:28:25.876 | 2026-04-27 23:28:25,876 INFO graph [REC-2026-00205] AGENT=triage OUT in 1594ms category=Cobrança Indevida product=Conta Corrente urgency=Média
2026-04-27 20:28:25.877 | 2026-04-27 23:28:25,877 INFO graph [REC-2026-00205] AGENT=risk IN triage_keys=['category', 'product', 'sentiment', 'urgency', 'summary']
2026-04-27 20:28:26.102 | 2026-04-27 23:28:26,102 WARNING agent.guardrail guardrail OUTPUT bloqueou campo=risk_justification — usando regex como fallback
2026-04-27 20:28:26.102 | 2026-04-27 23:28:26,102 INFO graph [REC-2026-00208] AGENT=guardrail_output OUT in 1258ms
2026-04-27 20:28:26.103 | 2026-04-27 23:28:26,103 INFO graph [REC-2026-00208] GRAPH END timings={'guardrail_input': 646, 'triage': 5011, 'risk': 4970, 'report': 0, 'guardrail_output': 1258}
2026-04-27 20:28:26.104 | 2026-04-27 23:28:26,103 INFO graph [REC-2026-00210] GRAPH START
2026-04-27 20:28:26.105 | 2026-04-27 23:28:26,105 INFO graph [REC-2026-00210] AGENT=guardrail_input IN text_len=125
2026-04-27 20:28:26.747 | 2026-04-27 23:28:26,746 INFO agent.guardrail guardrail INPUT action=NONE
2026-04-27 20:28:26.747 | 2026-04-27 23:28:26,746 INFO graph [REC-2026-00210] AGENT=guardrail_input OUT in 641ms blocked=False reason=None
2026-04-27 20:28:26.747 | 2026-04-27 23:28:26,747 INFO graph [REC-2026-00210] AGENT=triage IN text_len=125 product_hint=Seguro
2026-04-27 20:28:28.518 | 2026-04-27 23:28:28,518 WARNING app [REC-2026-00207] tentativa 2/3 falhou — retry em 2s: An error occurred (ThrottlingException) when calling the InvokeModel operation (reached max retries: 4): Too many requests, please wait before trying again.
2026-04-27 20:28:29.568 | 2026-04-27 23:28:29,567 WARNING app [REC-2026-00209] tentativa 1/3 falhou — retry em 1s: An error occurred (ThrottlingException) when calling the InvokeModel operation (reached max retries: 4): Too many requests, please wait before trying again.
2026-04-27 20:28:30.519 | 2026-04-27 23:28:30,518 INFO graph [REC-2026-00207] GRAPH START
2026-04-27 20:28:30.522 | 2026-04-27 23:28:30,521 INFO graph [REC-2026-00207] AGENT=guardrail_input IN text_len=92
2026-04-27 20:28:30.568 | 2026-04-27 23:28:30,568 INFO graph [REC-2026-00209] GRAPH START
2026-04-27 20:28:30.571 | 2026-04-27 23:28:30,570 INFO graph [REC-2026-00209] AGENT=guardrail_input IN text_len=110
2026-04-27 20:28:30.828 | 2026-04-27 23:28:30,828 INFO agent.risk risk usou 4 trechos da política (top-k=4)
2026-04-27 20:28:30.828 | 2026-04-27 23:28:30,828 INFO graph [REC-2026-00205] AGENT=risk OUT in 4951ms level=Médio rag_chunks=4
2026-04-27 20:28:30.829 | 2026-04-27 23:28:30,829 INFO graph [REC-2026-00205] AGENT=report IN
2026-04-27 20:28:30.829 | 2026-04-27 23:28:30,829 INFO graph [REC-2026-00205] AGENT=report OUT in 0ms
2026-04-27 20:28:30.830 | 2026-04-27 23:28:30,830 INFO graph [REC-2026-00205] AGENT=guardrail_output IN
2026-04-27 20:28:31.168 | 2026-04-27 23:28:31,167 INFO agent.guardrail guardrail INPUT action=NONE
2026-04-27 20:28:31.168 | 2026-04-27 23:28:31,168 INFO graph [REC-2026-00207] AGENT=guardrail_input OUT in 647ms blocked=False reason=None
2026-04-27 20:28:31.169 | 2026-04-27 23:28:31,169 INFO graph [REC-2026-00207] AGENT=triage IN text_len=92 product_hint=None
2026-04-27 20:28:31.191 | 2026-04-27 23:28:31,190 INFO agent.guardrail guardrail INPUT action=NONE
2026-04-27 20:28:31.191 | 2026-04-27 23:28:31,191 INFO graph [REC-2026-00209] AGENT=guardrail_input OUT in 621ms blocked=False reason=None
2026-04-27 20:28:31.192 | 2026-04-27 23:28:31,191 INFO graph [REC-2026-00209] AGENT=triage IN text_len=110 product_hint=None
2026-04-27 20:28:32.158 | 2026-04-27 23:28:32,158 INFO graph [REC-2026-00205] AGENT=guardrail_output OUT in 1328ms
2026-04-27 20:28:32.159 | 2026-04-27 23:28:32,159 INFO graph [REC-2026-00205] GRAPH END timings={'guardrail_input': 643, 'triage': 1594, 'risk': 4951, 'report': 0, 'guardrail_output': 1328}
2026-04-27 20:28:32.159 | 2026-04-27 23:28:32,159 INFO graph [REC-2026-00211] GRAPH START
2026-04-27 20:28:32.161 | 2026-04-27 23:28:32,160 INFO graph [REC-2026-00211] AGENT=guardrail_input IN text_len=80
2026-04-27 20:28:32.357 | 2026-04-27 23:28:32,357 INFO graph [REC-2026-00203] AGENT=triage OUT in 16608ms category=Cobrança Indevida product=Não Identificado urgency=Alta
2026-04-27 20:28:32.358 | 2026-04-27 23:28:32,358 INFO graph [REC-2026-00203] AGENT=risk IN triage_keys=['category', 'product', 'sentiment', 'urgency', 'summary']
2026-04-27 20:28:32.750 | 2026-04-27 23:28:32,749 INFO agent.guardrail guardrail INPUT action=NONE
2026-04-27 20:28:32.750 | 2026-04-27 23:28:32,749 INFO graph [REC-2026-00211] AGENT=guardrail_input OUT in 589ms blocked=False reason=None
2026-04-27 20:28:32.751 | 2026-04-27 23:28:32,750 INFO graph [REC-2026-00211] AGENT=triage IN text_len=80 product_hint=None
2026-04-27 20:28:36.722 | 2026-04-27 23:28:36,722 INFO agent.risk risk usou 4 trechos da política (top-k=4)
2026-04-27 20:28:36.722 | 2026-04-27 23:28:36,722 INFO graph [REC-2026-00203] AGENT=risk OUT in 4364ms level=Alto rag_chunks=4
2026-04-27 20:28:36.723 | 2026-04-27 23:28:36,723 INFO graph [REC-2026-00203] AGENT=report IN
2026-04-27 20:28:36.723 | 2026-04-27 23:28:36,723 INFO graph [REC-2026-00203] AGENT=report OUT in 0ms
2026-04-27 20:28:36.724 | 2026-04-27 23:28:36,724 INFO graph [REC-2026-00203] AGENT=guardrail_output IN
2026-04-27 20:28:37.801 | 2026-04-27 23:28:37,801 INFO graph [REC-2026-00211] AGENT=triage OUT in 5050ms category=Atendimento product=Não Identificado urgency=Baixa
2026-04-27 20:28:37.801 | 2026-04-27 23:28:37,801 INFO graph [REC-2026-00211] AGENT=risk IN triage_keys=['category', 'product', 'sentiment', 'urgency', 'summary']
2026-04-27 20:28:37.959 | 2026-04-27 23:28:37,959 INFO graph [REC-2026-00203] AGENT=guardrail_output OUT in 1235ms
2026-04-27 20:28:37.960 | 2026-04-27 23:28:37,959 INFO graph [REC-2026-00203] GRAPH END timings={'guardrail_input': 611, 'triage': 16608, 'risk': 4364, 'report': 0, 'guardrail_output': 1235}
2026-04-27 20:28:37.960 | 2026-04-27 23:28:37,960 INFO graph [REC-2026-00212] GRAPH START
2026-04-27 20:28:37.961 | 2026-04-27 23:28:37,961 INFO graph [REC-2026-00212] AGENT=guardrail_input IN text_len=110
2026-04-27 20:28:38.545 | 2026-04-27 23:28:38,544 INFO agent.guardrail guardrail INPUT action=NONE
2026-04-27 20:28:38.545 | 2026-04-27 23:28:38,544 INFO graph [REC-2026-00212] AGENT=guardrail_input OUT in 583ms blocked=False reason=None
2026-04-27 20:28:38.545 | 2026-04-27 23:28:38,545 INFO graph [REC-2026-00212] AGENT=triage IN text_len=110 product_hint=PIX
2026-04-27 20:28:38.919 | 2026-04-27 23:28:38,918 ERROR app [REC-2026-00207] todas 3 tentativas falharam: An error occurred (ThrottlingException) when calling the InvokeModel operation (reached max retries: 4): Too many requests, please wait before trying again.
2026-04-27 20:28:38.919 | 2026-04-27 23:28:38,918 ERROR app [REC-2026-00207] falha definitiva: An error occurred (ThrottlingException) when calling the InvokeModel operation (reached max retries: 4): Too many requests, please wait before trying again.
2026-04-27 20:28:38.919 | 2026-04-27 23:28:38,918 INFO graph [REC-2026-00213] GRAPH START
2026-04-27 20:28:38.921 | 2026-04-27 23:28:38,921 INFO graph [REC-2026-00213] AGENT=guardrail_input IN text_len=111
2026-04-27 20:28:39.491 | 2026-04-27 23:28:39,490 INFO agent.guardrail guardrail INPUT action=NONE
2026-04-27 20:28:39.491 | 2026-04-27 23:28:39,491 INFO graph [REC-2026-00213] AGENT=guardrail_input OUT in 570ms blocked=False reason=None
2026-04-27 20:28:39.492 | 2026-04-27 23:28:39,492 INFO graph [REC-2026-00213] AGENT=triage IN text_len=111 product_hint=Cartão de Crédito
2026-04-27 20:28:39.532 | 2026-04-27 23:28:39,531 WARNING app [REC-2026-00210] tentativa 1/3 falhou — retry em 1s: An error occurred (ThrottlingException) when calling the InvokeModel operation (reached max retries: 4): Too many requests, please wait before trying again.
2026-04-27 20:28:40.533 | 2026-04-27 23:28:40,532 INFO graph [REC-2026-00210] GRAPH START
2026-04-27 20:28:40.534 | 2026-04-27 23:28:40,534 INFO graph [REC-2026-00210] AGENT=guardrail_input IN text_len=125
2026-04-27 20:28:41.100 | 2026-04-27 23:28:41,099 INFO agent.guardrail guardrail INPUT action=NONE
2026-04-27 20:28:41.100 | 2026-04-27 23:28:41,099 INFO graph [REC-2026-00210] AGENT=guardrail_input OUT in 565ms blocked=False reason=None
2026-04-27 20:28:41.101 | 2026-04-27 23:28:41,101 INFO graph [REC-2026-00210] AGENT=triage IN text_len=125 product_hint=Seguro
2026-04-27 20:28:41.247 | 2026-04-27 23:28:41,247 WARNING app [REC-2026-00209] tentativa 2/3 falhou — retry em 2s: An error occurred (ThrottlingException) when calling the InvokeModel operation (reached max retries: 4): Too many requests, please wait before trying again.
2026-04-27 20:28:41.635 | 2026-04-27 23:28:41,635 INFO agent.risk risk usou 4 trechos da política (top-k=4)
2026-04-27 20:28:41.635 | 2026-04-27 23:28:41,635 INFO graph [REC-2026-00211] AGENT=risk OUT in 3834ms level=Baixo rag_chunks=4
2026-04-27 20:28:41.636 | 2026-04-27 23:28:41,636 INFO graph [REC-2026-00211] AGENT=report IN
2026-04-27 20:28:41.636 | 2026-04-27 23:28:41,636 INFO graph [REC-2026-00211] AGENT=report OUT in 0ms
2026-04-27 20:28:41.637 | 2026-04-27 23:28:41,636 INFO graph [REC-2026-00211] AGENT=guardrail_output IN
2026-04-27 20:28:42.922 | 2026-04-27 23:28:42,921 INFO graph [REC-2026-00211] AGENT=guardrail_output OUT in 1285ms
2026-04-27 20:28:42.922 | 2026-04-27 23:28:42,922 INFO graph [REC-2026-00211] GRAPH END timings={'guardrail_input': 589, 'triage': 5050, 'risk': 3834, 'report': 0, 'guardrail_output': 1285}
2026-04-27 20:28:42.924 | 2026-04-27 23:28:42,922 INFO graph [REC-2026-00214] GRAPH START
2026-04-27 20:28:42.924 | 2026-04-27 23:28:42,923 INFO graph [REC-2026-00214] AGENT=guardrail_input IN text_len=106
2026-04-27 20:28:43.246 | 2026-04-27 23:28:43,245 INFO graph [REC-2026-00209] GRAPH START
2026-04-27 20:28:43.248 | 2026-04-27 23:28:43,248 INFO graph [REC-2026-00209] AGENT=guardrail_input IN text_len=110
2026-04-27 20:28:43.504 | 2026-04-27 23:28:43,503 INFO agent.guardrail guardrail INPUT action=NONE
2026-04-27 20:28:43.504 | 2026-04-27 23:28:43,503 INFO graph [REC-2026-00214] AGENT=guardrail_input OUT in 580ms blocked=False reason=None
2026-04-27 20:28:43.505 | 2026-04-27 23:28:43,505 INFO graph [REC-2026-00214] AGENT=triage IN text_len=106 product_hint=None
2026-04-27 20:28:43.797 | 2026-04-27 23:28:43,796 INFO graph [REC-2026-00210] AGENT=triage OUT in 2695ms category=Produto/Serviço product=Seguros urgency=Média
2026-04-27 20:28:43.798 | 2026-04-27 23:28:43,797 INFO graph [REC-2026-00210] AGENT=risk IN triage_keys=['category', 'product', 'sentiment', 'urgency', 'summary']
2026-04-27 20:28:43.820 | 2026-04-27 23:28:43,820 INFO agent.guardrail guardrail INPUT action=NONE
2026-04-27 20:28:43.820 | 2026-04-27 23:28:43,820 INFO graph [REC-2026-00209] AGENT=guardrail_input OUT in 572ms blocked=False reason=None
2026-04-27 20:28:43.821 | 2026-04-27 23:28:43,821 INFO graph [REC-2026-00209] AGENT=triage IN text_len=110 product_hint=None
2026-04-27 20:28:48.009 | 2026-04-27 23:28:48,008 WARNING app [REC-2026-00213] tentativa 1/3 falhou — retry em 1s: An error occurred (ThrottlingException) when calling the InvokeModel operation (reached max retries: 4): Too many requests, please wait before trying again.
2026-04-27 20:28:48.218 | 2026-04-27 23:28:48,217 WARNING app [REC-2026-00212] tentativa 1/3 falhou — retry em 1s: An error occurred (ThrottlingException) when calling the InvokeModel operation (reached max retries: 4): Too many requests, please wait before trying again.
2026-04-27 20:28:48.362 | 2026-04-27 23:28:48,361 INFO agent.risk risk usou 4 trechos da política (top-k=4)
2026-04-27 20:28:48.362 | 2026-04-27 23:28:48,362 INFO graph [REC-2026-00210] AGENT=risk OUT in 4565ms level=Médio rag_chunks=4
2026-04-27 20:28:48.363 | 2026-04-27 23:28:48,363 INFO graph [REC-2026-00210] AGENT=report IN
2026-04-27 20:28:48.363 | 2026-04-27 23:28:48,363 INFO graph [REC-2026-00210] AGENT=report OUT in 0ms
2026-04-27 20:28:48.364 | 2026-04-27 23:28:48,363 INFO graph [REC-2026-00210] AGENT=guardrail_output IN
2026-04-27 20:28:49.009 | 2026-04-27 23:28:49,009 INFO graph [REC-2026-00213] GRAPH START
2026-04-27 20:28:49.010 | 2026-04-27 23:28:49,010 INFO graph [REC-2026-00213] AGENT=guardrail_input IN text_len=111
2026-04-27 20:28:49.219 | 2026-04-27 23:28:49,218 INFO graph [REC-2026-00212] GRAPH START
2026-04-27 20:28:49.221 | 2026-04-27 23:28:49,221 INFO graph [REC-2026-00212] AGENT=guardrail_input IN text_len=110
2026-04-27 20:28:49.574 | 2026-04-27 23:28:49,573 INFO graph [REC-2026-00210] AGENT=guardrail_output OUT in 1210ms
2026-04-27 20:28:49.574 | 2026-04-27 23:28:49,574 INFO graph [REC-2026-00210] GRAPH END timings={'guardrail_input': 565, 'triage': 2695, 'risk': 4565, 'report': 0, 'guardrail_output': 1210}
2026-04-27 20:28:49.575 | 2026-04-27 23:28:49,574 INFO graph [REC-2026-00215] GRAPH START
2026-04-27 20:28:49.576 | 2026-04-27 23:28:49,576 INFO graph [REC-2026-00215] AGENT=guardrail_input IN text_len=93
2026-04-27 20:28:49.633 | 2026-04-27 23:28:49,632 INFO agent.guardrail guardrail INPUT action=NONE
2026-04-27 20:28:49.633 | 2026-04-27 23:28:49,633 INFO graph [REC-2026-00213] AGENT=guardrail_input OUT in 623ms blocked=False reason=None
2026-04-27 20:28:49.634 | 2026-04-27 23:28:49,634 INFO graph [REC-2026-00213] AGENT=triage IN text_len=111 product_hint=Cartão de Crédito
2026-04-27 20:28:49.855 | 2026-04-27 23:28:49,854 INFO agent.guardrail guardrail INPUT action=NONE
2026-04-27 20:28:49.856 | 2026-04-27 23:28:49,855 INFO graph [REC-2026-00212] AGENT=guardrail_input OUT in 634ms blocked=False reason=None
2026-04-27 20:28:49.858 | 2026-04-27 23:28:49,857 INFO graph [REC-2026-00212] AGENT=triage IN text_len=110 product_hint=PIX
2026-04-27 20:28:50.117 | 2026-04-27 23:28:50,116 INFO agent.guardrail guardrail INPUT action=NONE
2026-04-27 20:28:50.117 | 2026-04-27 23:28:50,117 INFO graph [REC-2026-00215] AGENT=guardrail_input OUT in 541ms blocked=False reason=None
2026-04-27 20:28:50.118 | 2026-04-27 23:28:50,118 INFO graph [REC-2026-00215] AGENT=triage IN text_len=93 product_hint=None
2026-04-27 20:28:51.094 | 2026-04-27 23:28:51,093 INFO graph [REC-2026-00214] AGENT=triage OUT in 7588ms category=Produto/Serviço product=Conta Corrente urgency=Baixa
2026-04-27 20:28:51.095 | 2026-04-27 23:28:51,094 INFO graph [REC-2026-00214] AGENT=risk IN triage_keys=['category', 'product', 'sentiment', 'urgency', 'summary']
2026-04-27 20:28:52.732 | 2026-04-27 23:28:52,732 ERROR app [REC-2026-00209] todas 3 tentativas falharam: An error occurred (ThrottlingException) when calling the InvokeModel operation (reached max retries: 4): Too many requests, please wait before trying again.
2026-04-27 20:28:52.733 | 2026-04-27 23:28:52,732 ERROR app [REC-2026-00209] falha definitiva: An error occurred (ThrottlingException) when calling the InvokeModel operation (reached max retries: 4): Too many requests, please wait before trying again.
2026-04-27 20:28:52.733 | 2026-04-27 23:28:52,732 INFO graph [REC-2026-00216] GRAPH START
2026-04-27 20:28:52.735 | 2026-04-27 23:28:52,734 INFO graph [REC-2026-00216] AGENT=guardrail_input IN text_len=94
2026-04-27 20:28:53.306 | 2026-04-27 23:28:53,306 INFO agent.guardrail guardrail INPUT action=NONE
2026-04-27 20:28:53.307 | 2026-04-27 23:28:53,306 INFO graph [REC-2026-00216] AGENT=guardrail_input OUT in 572ms blocked=False reason=None
2026-04-27 20:28:53.308 | 2026-04-27 23:28:53,307 INFO graph [REC-2026-00216] AGENT=triage IN text_len=94 product_hint=PIX
2026-04-27 20:28:55.355 | 2026-04-27 23:28:55,354 INFO agent.risk risk usou 4 trechos da política (top-k=4)
2026-04-27 20:28:55.355 | 2026-04-27 23:28:55,355 INFO graph [REC-2026-00214] AGENT=risk OUT in 4261ms level=Baixo rag_chunks=4
2026-04-27 20:28:55.357 | 2026-04-27 23:28:55,356 INFO graph [REC-2026-00214] AGENT=report IN
2026-04-27 20:28:55.357 | 2026-04-27 23:28:55,356 INFO graph [REC-2026-00214] AGENT=report OUT in 0ms
2026-04-27 20:28:55.357 | 2026-04-27 23:28:55,357 INFO graph [REC-2026-00214] AGENT=guardrail_output IN
2026-04-27 20:28:55.503 | 2026-04-27 23:28:55,503 WARNING app [REC-2026-00212] tentativa 2/3 falhou — retry em 2s: An error occurred (ThrottlingException) when calling the InvokeModel operation (reached max retries: 4): Too many requests, please wait before trying again.
2026-04-27 20:28:55.879 | 2026-04-27 23:28:55,878 INFO graph [REC-2026-00213] AGENT=triage OUT in 6244ms category=Cobrança Indevida product=Cartão de Crédito urgency=Alta
2026-04-27 20:28:55.880 | 2026-04-27 23:28:55,879 INFO graph [REC-2026-00213] AGENT=risk IN triage_keys=['category', 'product', 'sentiment', 'urgency', 'summary']
2026-04-27 20:28:56.586 | 2026-04-27 23:28:56,586 INFO graph [REC-2026-00214] AGENT=guardrail_output OUT in 1228ms
2026-04-27 20:28:56.587 | 2026-04-27 23:28:56,586 INFO graph [REC-2026-00214] GRAPH END timings={'guardrail_input': 580, 'triage': 7588, 'risk': 4261, 'report': 0, 'guardrail_output': 1228}
2026-04-27 20:28:56.587 | 2026-04-27 23:28:56,586 INFO graph [REC-2026-00217] GRAPH START
2026-04-27 20:28:56.589 | 2026-04-27 23:28:56,588 INFO graph [REC-2026-00217] AGENT=guardrail_input IN text_len=142
2026-04-27 20:28:57.241 | 2026-04-27 23:28:57,240 INFO agent.guardrail guardrail INPUT action=NONE
2026-04-27 20:28:57.241 | 2026-04-27 23:28:57,240 INFO graph [REC-2026-00217] AGENT=guardrail_input OUT in 652ms blocked=False reason=None
2026-04-27 20:28:57.242 | 2026-04-27 23:28:57,242 INFO graph [REC-2026-00217] AGENT=triage IN text_len=142 product_hint=Transferência
2026-04-27 20:28:57.504 | 2026-04-27 23:28:57,503 INFO graph [REC-2026-00212] GRAPH START
2026-04-27 20:28:57.506 | 2026-04-27 23:28:57,505 INFO graph [REC-2026-00212] AGENT=guardrail_input IN text_len=110
2026-04-27 20:28:58.118 | 2026-04-27 23:28:58,117 INFO agent.guardrail guardrail INPUT action=NONE
2026-04-27 20:28:58.118 | 2026-04-27 23:28:58,118 INFO graph [REC-2026-00212] AGENT=guardrail_input OUT in 612ms blocked=False reason=None
2026-04-27 20:28:58.119 | 2026-04-27 23:28:58,119 INFO graph [REC-2026-00212] AGENT=triage IN text_len=110 product_hint=PIX
2026-04-27 20:28:59.772 | 2026-04-27 23:28:59,771 WARNING app [REC-2026-00215] tentativa 1/3 falhou — retry em 1s: An error occurred (ThrottlingException) when calling the InvokeModel operation (reached max retries: 4): Too many requests, please wait before trying again.
2026-04-27 20:29:00.772 | 2026-04-27 23:29:00,772 INFO graph [REC-2026-00215] GRAPH START
2026-04-27 20:29:00.774 | 2026-04-27 23:29:00,773 INFO graph [REC-2026-00215] AGENT=guardrail_input IN text_len=93
2026-04-27 20:29:01.382 | 2026-04-27 23:29:01,381 INFO agent.guardrail guardrail INPUT action=NONE
2026-04-27 20:29:01.382 | 2026-04-27 23:29:01,382 INFO graph [REC-2026-00215] AGENT=guardrail_input OUT in 609ms blocked=False reason=None
2026-04-27 20:29:01.383 | 2026-04-27 23:29:01,383 INFO graph [REC-2026-00215] AGENT=triage IN text_len=93 product_hint=None
2026-04-27 20:29:01.749 | 2026-04-27 23:29:01,749 INFO graph [REC-2026-00212] AGENT=triage OUT in 3630ms category=Produto/Serviço product=Conta Corrente urgency=Alta
2026-04-27 20:29:01.750 | 2026-04-27 23:29:01,750 INFO graph [REC-2026-00212] AGENT=risk IN triage_keys=['category', 'product', 'sentiment', 'urgency', 'summary']
2026-04-27 20:29:04.553 | 2026-04-27 23:29:04,553 WARNING app [REC-2026-00216] tentativa 1/3 falhou — retry em 1s: An error occurred (ThrottlingException) when calling the InvokeModel operation (reached max retries: 4): Too many requests, please wait before trying again.
2026-04-27 20:29:05.554 | 2026-04-27 23:29:05,553 INFO graph [REC-2026-00216] GRAPH START
2026-04-27 20:29:05.555 | 2026-04-27 23:29:05,555 INFO graph [REC-2026-00216] AGENT=guardrail_input IN text_len=94
2026-04-27 20:29:06.145 | 2026-04-27 23:29:06,144 INFO agent.guardrail guardrail INPUT action=NONE
2026-04-27 20:29:06.145 | 2026-04-27 23:29:06,144 INFO graph [REC-2026-00216] AGENT=guardrail_input OUT in 589ms blocked=False reason=None
2026-04-27 20:29:06.145 | 2026-04-27 23:29:06,145 INFO graph [REC-2026-00216] AGENT=triage IN text_len=94 product_hint=PIX
2026-04-27 20:29:06.247 | 2026-04-27 23:29:06,247 INFO agent.risk risk usou 4 trechos da política (top-k=4)
2026-04-27 20:29:06.247 | 2026-04-27 23:29:06,247 INFO graph [REC-2026-00212] AGENT=risk OUT in 4497ms level=Médio rag_chunks=4
2026-04-27 20:29:06.248 | 2026-04-27 23:29:06,248 INFO graph [REC-2026-00212] AGENT=report IN
2026-04-27 20:29:06.248 | 2026-04-27 23:29:06,248 INFO graph [REC-2026-00212] AGENT=report OUT in 0ms
2026-04-27 20:29:06.249 | 2026-04-27 23:29:06,249 INFO graph [REC-2026-00212] AGENT=guardrail_output IN
2026-04-27 20:29:07.438 | 2026-04-27 23:29:07,438 INFO graph [REC-2026-00212] AGENT=guardrail_output OUT in 1189ms
2026-04-27 20:29:07.439 | 2026-04-27 23:29:07,439 INFO graph [REC-2026-00212] GRAPH END timings={'guardrail_input': 612, 'triage': 3630, 'risk': 4497, 'report': 0, 'guardrail_output': 1189}
2026-04-27 20:29:07.439 | 2026-04-27 23:29:07,439 INFO graph [REC-2026-00218] GRAPH START
2026-04-27 20:29:07.440 | 2026-04-27 23:29:07,440 INFO graph [REC-2026-00218] AGENT=guardrail_input IN text_len=90
2026-04-27 20:29:07.672 | 2026-04-27 23:29:07,672 INFO graph [REC-2026-00216] AGENT=triage OUT in 1527ms category=Produto/Serviço product=Conta Corrente urgency=Alta
2026-04-27 20:29:07.673 | 2026-04-27 23:29:07,672 INFO graph [REC-2026-00216] AGENT=risk IN triage_keys=['category', 'product', 'sentiment', 'urgency', 'summary']
2026-04-27 20:29:07.801 | 2026-04-27 23:29:07,801 INFO agent.risk risk usou 4 trechos da política (top-k=4)
2026-04-27 20:29:07.801 | 2026-04-27 23:29:07,801 INFO graph [REC-2026-00213] AGENT=risk OUT in 11922ms level=Médio rag_chunks=4
2026-04-27 20:29:07.802 | 2026-04-27 23:29:07,801 INFO graph [REC-2026-00213] AGENT=report IN
2026-04-27 20:29:07.802 | 2026-04-27 23:29:07,801 INFO graph [REC-2026-00213] AGENT=report OUT in 0ms
2026-04-27 20:29:07.802 | 2026-04-27 23:29:07,802 INFO graph [REC-2026-00213] AGENT=guardrail_output IN
2026-04-27 20:29:08.066 | 2026-04-27 23:29:08,065 INFO agent.guardrail guardrail INPUT action=NONE
2026-04-27 20:29:08.066 | 2026-04-27 23:29:08,066 INFO graph [REC-2026-00218] AGENT=guardrail_input OUT in 626ms blocked=False reason=None
2026-04-27 20:29:08.068 | 2026-04-27 23:29:08,067 INFO graph [REC-2026-00218] AGENT=triage IN text_len=90 product_hint=None
2026-04-27 20:29:08.277 | 2026-04-27 23:29:08,276 WARNING app [REC-2026-00215] tentativa 2/3 falhou — retry em 2s: An error occurred (ThrottlingException) when calling the InvokeModel operation (reached max retries: 4): Too many requests, please wait before trying again.
2026-04-27 20:29:08.988 | 2026-04-27 23:29:08,987 WARNING app [REC-2026-00217] tentativa 1/3 falhou — retry em 1s: An error occurred (ThrottlingException) when calling the InvokeModel operation (reached max retries: 4): Too many requests, please wait before trying again.
2026-04-27 20:29:08.994 | 2026-04-27 23:29:08,994 INFO graph [REC-2026-00213] AGENT=guardrail_output OUT in 1192ms
2026-04-27 20:29:08.995 | 2026-04-27 23:29:08,994 INFO graph [REC-2026-00213] GRAPH END timings={'guardrail_input': 623, 'triage': 6244, 'risk': 11922, 'report': 0, 'guardrail_output': 1192}
2026-04-27 20:29:08.995 | 2026-04-27 23:29:08,995 INFO graph [REC-2026-00219] GRAPH START
2026-04-27 20:29:08.997 | 2026-04-27 23:29:08,997 INFO graph [REC-2026-00219] AGENT=guardrail_input IN text_len=38
2026-04-27 20:29:09.590 | 2026-04-27 23:29:09,590 INFO agent.guardrail guardrail INPUT action=NONE
2026-04-27 20:29:09.590 | 2026-04-27 23:29:09,590 INFO graph [REC-2026-00219] AGENT=guardrail_input OUT in 593ms blocked=False reason=None
2026-04-27 20:29:09.591 | 2026-04-27 23:29:09,591 INFO graph [REC-2026-00219] AGENT=triage IN text_len=38 product_hint=None
2026-04-27 20:29:09.988 | 2026-04-27 23:29:09,987 INFO graph [REC-2026-00217] GRAPH START
2026-04-27 20:29:09.990 | 2026-04-27 23:29:09,990 INFO graph [REC-2026-00217] AGENT=guardrail_input IN text_len=142
2026-04-27 20:29:10.277 | 2026-04-27 23:29:10,277 INFO graph [REC-2026-00215] GRAPH START
2026-04-27 20:29:10.279 | 2026-04-27 23:29:10,279 INFO graph [REC-2026-00215] AGENT=guardrail_input IN text_len=93
2026-04-27 20:29:10.573 | 2026-04-27 23:29:10,572 INFO agent.guardrail guardrail INPUT action=NONE
2026-04-27 20:29:10.573 | 2026-04-27 23:29:10,572 INFO graph [REC-2026-00217] AGENT=guardrail_input OUT in 582ms blocked=False reason=None
2026-04-27 20:29:10.574 | 2026-04-27 23:29:10,573 INFO graph [REC-2026-00217] AGENT=triage IN text_len=142 product_hint=Transferência
2026-04-27 20:29:10.856 | 2026-04-27 23:29:10,855 INFO agent.guardrail guardrail INPUT action=NONE
2026-04-27 20:29:10.856 | 2026-04-27 23:29:10,856 INFO graph [REC-2026-00215] AGENT=guardrail_input OUT in 577ms blocked=False reason=None
2026-04-27 20:29:10.858 | 2026-04-27 23:29:10,857 INFO graph [REC-2026-00215] AGENT=triage IN text_len=93 product_hint=None
2026-04-27 20:29:12.520 | 2026-04-27 23:29:12,520 INFO agent.risk risk usou 4 trechos da política (top-k=4)
2026-04-27 20:29:12.520 | 2026-04-27 23:29:12,520 INFO graph [REC-2026-00216] AGENT=risk OUT in 4848ms level=Alto rag_chunks=4
2026-04-27 20:29:12.521 | 2026-04-27 23:29:12,520 INFO graph [REC-2026-00216] AGENT=report IN
2026-04-27 20:29:12.521 | 2026-04-27 23:29:12,521 INFO graph [REC-2026-00216] AGENT=report OUT in 1ms
2026-04-27 20:29:12.521 | 2026-04-27 23:29:12,521 INFO graph [REC-2026-00216] AGENT=guardrail_output IN
2026-04-27 20:29:13.685 | 2026-04-27 23:29:13,684 WARNING agent.guardrail guardrail OUTPUT bloqueou campo=risk_justification — usando regex como fallback
2026-04-27 20:29:13.685 | 2026-04-27 23:29:13,685 INFO graph [REC-2026-00216] AGENT=guardrail_output OUT in 1164ms
2026-04-27 20:29:13.686 | 2026-04-27 23:29:13,686 INFO graph [REC-2026-00216] GRAPH END timings={'guardrail_input': 589, 'triage': 1527, 'risk': 4848, 'report': 1, 'guardrail_output': 1164}
2026-04-27 20:29:13.686 | 2026-04-27 23:29:13,686 INFO graph [REC-2026-00220] GRAPH START
2026-04-27 20:29:13.687 | 2026-04-27 23:29:13,687 INFO graph [REC-2026-00220] AGENT=guardrail_input IN text_len=82
2026-04-27 20:29:13.730 | 2026-04-27 23:29:13,729 INFO graph [REC-2026-00215] AGENT=triage OUT in 2872ms category=Outros product=Não Identificado urgency=Crítica
2026-04-27 20:29:13.730 | 2026-04-27 23:29:13,730 INFO graph [REC-2026-00215] AGENT=risk IN triage_keys=['category', 'product', 'sentiment', 'urgency', 'summary']
2026-04-27 20:29:14.116 | 2026-04-27 23:29:14,115 WARNING app [REC-2026-00219] tentativa 1/3 falhou — retry em 1s: An error occurred (ThrottlingException) when calling the InvokeModel operation (reached max retries: 4): Too many requests, please wait before trying again.
2026-04-27 20:29:14.251 | 2026-04-27 23:29:14,251 INFO agent.guardrail guardrail INPUT action=NONE
2026-04-27 20:29:14.251 | 2026-04-27 23:29:14,251 INFO graph [REC-2026-00220] AGENT=guardrail_input OUT in 564ms blocked=False reason=None
2026-04-27 20:29:14.252 | 2026-04-27 23:29:14,252 INFO graph [REC-2026-00220] AGENT=triage IN text_len=82 product_hint=Poupança
2026-04-27 20:29:14.361 | 2026-04-27 23:29:14,360 WARNING app [REC-2026-00218] tentativa 1/3 falhou — retry em 1s: An error occurred (ThrottlingException) when calling the InvokeModel operation (reached max retries: 4): Too many requests, please wait before trying again.
2026-04-27 20:29:15.117 | 2026-04-27 23:29:15,116 INFO graph [REC-2026-00219] GRAPH START
2026-04-27 20:29:15.119 | 2026-04-27 23:29:15,118 INFO graph [REC-2026-00219] AGENT=guardrail_input IN text_len=38
2026-04-27 20:29:15.362 | 2026-04-27 23:29:15,361 INFO graph [REC-2026-00218] GRAPH START
2026-04-27 20:29:15.363 | 2026-04-27 23:29:15,363 INFO graph [REC-2026-00218] AGENT=guardrail_input IN text_len=90
2026-04-27 20:29:15.708 | 2026-04-27 23:29:15,707 INFO agent.guardrail guardrail INPUT action=NONE
2026-04-27 20:29:15.708 | 2026-04-27 23:29:15,708 INFO graph [REC-2026-00219] AGENT=guardrail_input OUT in 589ms blocked=False reason=None
2026-04-27 20:29:15.709 | 2026-04-27 23:29:15,709 INFO graph [REC-2026-00219] AGENT=triage IN text_len=38 product_hint=None
2026-04-27 20:29:15.980 | 2026-04-27 23:29:15,979 INFO agent.guardrail guardrail INPUT action=NONE
2026-04-27 20:29:15.980 | 2026-04-27 23:29:15,980 INFO graph [REC-2026-00218] AGENT=guardrail_input OUT in 617ms blocked=False reason=None
2026-04-27 20:29:15.981 | 2026-04-27 23:29:15,981 INFO graph [REC-2026-00218] AGENT=triage IN text_len=90 product_hint=None
2026-04-27 20:29:18.116 | 2026-04-27 23:29:18,115 WARNING app [REC-2026-00217] tentativa 2/3 falhou — retry em 2s: An error occurred (ThrottlingException) when calling the InvokeModel operation (reached max retries: 4): Too many requests, please wait before trying again.
2026-04-27 20:29:19.355 | 2026-04-27 23:29:19,354 INFO agent.risk risk usou 4 trechos da política (top-k=4)
2026-04-27 20:29:19.355 | 2026-04-27 23:29:19,354 INFO graph [REC-2026-00215] AGENT=risk OUT in 5624ms level=Crítico rag_chunks=4
2026-04-27 20:29:19.356 | 2026-04-27 23:29:19,355 INFO graph [REC-2026-00215] AGENT=report IN
2026-04-27 20:29:19.356 | 2026-04-27 23:29:19,355 INFO graph [REC-2026-00215] AGENT=report OUT in 0ms
2026-04-27 20:29:19.356 | 2026-04-27 23:29:19,356 INFO graph [REC-2026-00215] AGENT=guardrail_output IN
2026-04-27 20:29:19.924 | 2026-04-27 23:29:19,924 INFO graph [REC-2026-00219] AGENT=triage OUT in 4215ms category=Outros product=Não Identificado urgency=Baixa
2026-04-27 20:29:19.925 | 2026-04-27 23:29:19,924 INFO graph [REC-2026-00219] AGENT=risk IN triage_keys=['category', 'product', 'sentiment', 'urgency', 'summary']
2026-04-27 20:29:19.989 | 2026-04-27 23:29:19,988 WARNING agent.guardrail guardrail OUTPUT bloqueou campo=summary — usando regex como fallback
2026-04-27 20:29:20.116 | 2026-04-27 23:29:20,115 INFO graph [REC-2026-00217] GRAPH START
2026-04-27 20:29:20.118 | 2026-04-27 23:29:20,118 INFO graph [REC-2026-00217] AGENT=guardrail_input IN text_len=142
2026-04-27 20:29:20.577 | 2026-04-27 23:29:20,576 WARNING agent.guardrail guardrail OUTPUT bloqueou campo=risk_justification — usando regex como fallback
2026-04-27 20:29:20.577 | 2026-04-27 23:29:20,576 INFO graph [REC-2026-00215] AGENT=guardrail_output OUT in 1220ms
2026-04-27 20:29:20.577 | 2026-04-27 23:29:20,577 INFO graph [REC-2026-00215] GRAPH END timings={'guardrail_input': 577, 'triage': 2872, 'risk': 5624, 'report': 0, 'guardrail_output': 1220}
2026-04-27 20:29:20.578 | 2026-04-27 23:29:20,577 INFO graph [REC-2026-00221] GRAPH START
2026-04-27 20:29:20.580 | 2026-04-27 23:29:20,579 INFO graph [REC-2026-00221] AGENT=guardrail_input IN text_len=62
2026-04-27 20:29:20.789 | 2026-04-27 23:29:20,788 INFO agent.guardrail guardrail INPUT action=NONE
2026-04-27 20:29:20.789 | 2026-04-27 23:29:20,788 INFO graph [REC-2026-00217] AGENT=guardrail_input OUT in 670ms blocked=False reason=None
2026-04-27 20:29:20.790 | 2026-04-27 23:29:20,790 INFO graph [REC-2026-00217] AGENT=triage IN text_len=142 product_hint=Transferência
2026-04-27 20:29:21.172 | 2026-04-27 23:29:21,171 INFO agent.guardrail guardrail INPUT action=NONE
2026-04-27 20:29:21.172 | 2026-04-27 23:29:21,171 INFO graph [REC-2026-00221] AGENT=guardrail_input OUT in 592ms blocked=False reason=None
2026-04-27 20:29:21.173 | 2026-04-27 23:29:21,173 INFO graph [REC-2026-00221] AGENT=triage IN text_len=62 product_hint=None
2026-04-27 20:29:23.746 | 2026-04-27 23:29:23,746 INFO agent.risk risk usou 4 trechos da política (top-k=4)
2026-04-27 20:29:23.746 | 2026-04-27 23:29:23,746 INFO graph [REC-2026-00219] AGENT=risk OUT in 3822ms level=Baixo rag_chunks=4
2026-04-27 20:29:23.747 | 2026-04-27 23:29:23,747 INFO graph [REC-2026-00219] AGENT=report IN
2026-04-27 20:29:23.747 | 2026-04-27 23:29:23,747 INFO graph [REC-2026-00219] AGENT=report OUT in 0ms
2026-04-27 20:29:23.748 | 2026-04-27 23:29:23,747 INFO graph [REC-2026-00219] AGENT=guardrail_output IN
2026-04-27 20:29:24.307 | 2026-04-27 23:29:24,307 WARNING agent.guardrail guardrail OUTPUT bloqueou campo=summary — usando regex como fallback
2026-04-27 20:29:25.025 | 2026-04-27 23:29:25,025 WARNING agent.guardrail guardrail OUTPUT bloqueou campo=risk_justification — usando regex como fallback
2026-04-27 20:29:25.025 | 2026-04-27 23:29:25,025 INFO graph [REC-2026-00219] AGENT=guardrail_output OUT in 1278ms
2026-04-27 20:29:25.026 | 2026-04-27 23:29:25,026 INFO graph [REC-2026-00219] GRAPH END timings={'guardrail_input': 589, 'triage': 4215, 'risk': 3822, 'report': 0, 'guardrail_output': 1278}
2026-04-27 20:29:25.026 | 2026-04-27 23:29:25,026 INFO graph [REC-2026-00222] GRAPH START
2026-04-27 20:29:25.027 | 2026-04-27 23:29:25,027 INFO graph [REC-2026-00222] AGENT=guardrail_input IN text_len=103
2026-04-27 20:29:25.636 | 2026-04-27 23:29:25,635 INFO agent.guardrail guardrail INPUT action=NONE
2026-04-27 20:29:25.636 | 2026-04-27 23:29:25,636 INFO graph [REC-2026-00222] AGENT=guardrail_input OUT in 609ms blocked=False reason=None
2026-04-27 20:29:25.637 | 2026-04-27 23:29:25,637 INFO graph [REC-2026-00222] AGENT=triage IN text_len=103 product_hint=Transferência
2026-04-27 20:29:26.234 | 2026-04-27 23:29:26,233 WARNING app [REC-2026-00218] tentativa 2/3 falhou — retry em 2s: An error occurred (ThrottlingException) when calling the InvokeModel operation (reached max retries: 4): Too many requests, please wait before trying again.
2026-04-27 20:29:26.501 | 2026-04-27 23:29:26,501 WARNING app [REC-2026-00220] tentativa 1/3 falhou — retry em 1s: An error occurred (ThrottlingException) when calling the InvokeModel operation (reached max retries: 4): Too many requests, please wait before trying again.
2026-04-27 20:29:27.204 | 2026-04-27 23:29:27,204 INFO graph [REC-2026-00222] AGENT=triage OUT in 1566ms category=Cobrança Indevida product=Conta Corrente urgency=Média
2026-04-27 20:29:27.205 | 2026-04-27 23:29:27,204 INFO graph [REC-2026-00222] AGENT=risk IN triage_keys=['category', 'product', 'sentiment', 'urgency', 'summary']
2026-04-27 20:29:27.376 | 2026-04-27 23:29:27,375 ERROR app [REC-2026-00217] todas 3 tentativas falharam: An error occurred (ThrottlingException) when calling the InvokeModel operation (reached max retries: 4): Too many requests, please wait before trying again.
2026-04-27 20:29:27.376 | 2026-04-27 23:29:27,375 ERROR app [REC-2026-00217] falha definitiva: An error occurred (ThrottlingException) when calling the InvokeModel operation (reached max retries: 4): Too many requests, please wait before trying again.
2026-04-27 20:29:27.376 | 2026-04-27 23:29:27,376 INFO graph [REC-2026-00223] GRAPH START
2026-04-27 20:29:27.378 | 2026-04-27 23:29:27,378 INFO graph [REC-2026-00223] AGENT=guardrail_input IN text_len=91
2026-04-27 20:29:27.502 | 2026-04-27 23:29:27,501 INFO graph [REC-2026-00220] GRAPH START
2026-04-27 20:29:27.504 | 2026-04-27 23:29:27,504 INFO graph [REC-2026-00220] AGENT=guardrail_input IN text_len=82
2026-04-27 20:29:27.981 | 2026-04-27 23:29:27,980 INFO agent.guardrail guardrail INPUT action=NONE
2026-04-27 20:29:27.981 | 2026-04-27 23:29:27,980 INFO graph [REC-2026-00223] AGENT=guardrail_input OUT in 602ms blocked=False reason=None
2026-04-27 20:29:27.981 | 2026-04-27 23:29:27,981 INFO graph [REC-2026-00223] AGENT=triage IN text_len=91 product_hint=Empréstimo
2026-04-27 20:29:28.076 | 2026-04-27 23:29:28,075 INFO agent.guardrail guardrail INPUT action=NONE
2026-04-27 20:29:28.076 | 2026-04-27 23:29:28,075 INFO graph [REC-2026-00220] AGENT=guardrail_input OUT in 571ms blocked=False reason=None
2026-04-27 20:29:28.077 | 2026-04-27 23:29:28,076 INFO graph [REC-2026-00220] AGENT=triage IN text_len=82 product_hint=Poupança
2026-04-27 20:29:28.234 | 2026-04-27 23:29:28,234 INFO graph [REC-2026-00218] GRAPH START
2026-04-27 20:29:28.236 | 2026-04-27 23:29:28,236 INFO graph [REC-2026-00218] AGENT=guardrail_input IN text_len=90
2026-04-27 20:29:28.829 | 2026-04-27 23:29:28,828 INFO agent.guardrail guardrail INPUT action=NONE
2026-04-27 20:29:28.829 | 2026-04-27 23:29:28,829 INFO graph [REC-2026-00218] AGENT=guardrail_input OUT in 593ms blocked=False reason=None
2026-04-27 20:29:28.830 | 2026-04-27 23:29:28,830 INFO graph [REC-2026-00218] AGENT=triage IN text_len=90 product_hint=None
2026-04-27 20:29:31.222 | 2026-04-27 23:29:31,221 INFO agent.risk risk usou 4 trechos da política (top-k=4)
2026-04-27 20:29:31.222 | 2026-04-27 23:29:31,222 INFO graph [REC-2026-00222] AGENT=risk OUT in 4018ms level=Baixo rag_chunks=4
2026-04-27 20:29:31.223 | 2026-04-27 23:29:31,223 INFO graph [REC-2026-00222] AGENT=report IN
2026-04-27 20:29:31.223 | 2026-04-27 23:29:31,223 INFO graph [REC-2026-00222] AGENT=report OUT in 0ms
2026-04-27 20:29:31.224 | 2026-04-27 23:29:31,223 INFO graph [REC-2026-00222] AGENT=guardrail_output IN
2026-04-27 20:29:31.484 | 2026-04-27 23:29:31,484 INFO graph [REC-2026-00221] AGENT=triage OUT in 10311ms category=Outros product=Não Identificado urgency=Baixa
2026-04-27 20:29:31.485 | 2026-04-27 23:29:31,485 INFO graph [REC-2026-00221] AGENT=risk IN triage_keys=['category', 'product', 'sentiment', 'urgency', 'summary']
2026-04-27 20:29:32.412 | 2026-04-27 23:29:32,411 INFO graph [REC-2026-00222] AGENT=guardrail_output OUT in 1188ms
2026-04-27 20:29:32.412 | 2026-04-27 23:29:32,412 INFO graph [REC-2026-00222] GRAPH END timings={'guardrail_input': 609, 'triage': 1566, 'risk': 4018, 'report': 0, 'guardrail_output': 1188}
2026-04-27 20:29:32.413 | 2026-04-27 23:29:32,412 INFO graph [REC-2026-00224] GRAPH START
2026-04-27 20:29:32.414 | 2026-04-27 23:29:32,414 INFO graph [REC-2026-00224] AGENT=guardrail_input IN text_len=110
2026-04-27 20:29:32.974 | 2026-04-27 23:29:32,973 INFO agent.guardrail guardrail INPUT action=NONE
2026-04-27 20:29:32.974 | 2026-04-27 23:29:32,974 INFO graph [REC-2026-00224] AGENT=guardrail_input OUT in 560ms blocked=False reason=None
2026-04-27 20:29:32.975 | 2026-04-27 23:29:32,975 INFO graph [REC-2026-00224] AGENT=triage IN text_len=110 product_hint=Empréstimo
2026-04-27 20:29:36.166 | 2026-04-27 23:29:36,165 INFO agent.risk risk usou 4 trechos da política (top-k=4)
2026-04-27 20:29:36.166 | 2026-04-27 23:29:36,166 INFO graph [REC-2026-00221] AGENT=risk OUT in 4681ms level=Baixo rag_chunks=4
2026-04-27 20:29:36.167 | 2026-04-27 23:29:36,166 INFO graph [REC-2026-00221] AGENT=report IN
2026-04-27 20:29:36.167 | 2026-04-27 23:29:36,167 INFO graph [REC-2026-00221] AGENT=report OUT in 1ms
2026-04-27 20:29:36.168 | 2026-04-27 23:29:36,167 INFO graph [REC-2026-00221] AGENT=guardrail_output IN
2026-04-27 20:29:36.171 | 2026-04-27 23:29:36,171 ERROR app [REC-2026-00218] todas 3 tentativas falharam: An error occurred (ThrottlingException) when calling the InvokeModel operation (reached max retries: 4): Too many requests, please wait before trying again.
2026-04-27 20:29:36.173 | 2026-04-27 23:29:36,173 ERROR app [REC-2026-00218] falha definitiva: An error occurred (ThrottlingException) when calling the InvokeModel operation (reached max retries: 4): Too many requests, please wait before trying again.
2026-04-27 20:29:36.173 | 2026-04-27 23:29:36,173 INFO graph [REC-2026-00225] GRAPH START
2026-04-27 20:29:36.174 | 2026-04-27 23:29:36,174 INFO graph [REC-2026-00225] AGENT=guardrail_input IN text_len=114
2026-04-27 20:29:36.809 | 2026-04-27 23:29:36,808 INFO agent.guardrail guardrail INPUT action=NONE
2026-04-27 20:29:36.809 | 2026-04-27 23:29:36,809 INFO graph [REC-2026-00225] AGENT=guardrail_input OUT in 635ms blocked=False reason=None
2026-04-27 20:29:36.810 | 2026-04-27 23:29:36,810 INFO graph [REC-2026-00225] AGENT=triage IN text_len=114 product_hint=Transferência
2026-04-27 20:29:37.461 | 2026-04-27 23:29:37,460 WARNING agent.guardrail guardrail OUTPUT bloqueou campo=risk_justification — usando regex como fallback
2026-04-27 20:29:37.461 | 2026-04-27 23:29:37,461 INFO graph [REC-2026-00221] AGENT=guardrail_output OUT in 1294ms
2026-04-27 20:29:37.464 | 2026-04-27 23:29:37,462 INFO graph [REC-2026-00221] GRAPH END timings={'guardrail_input': 592, 'triage': 10311, 'risk': 4681, 'report': 1, 'guardrail_output': 1294}
2026-04-27 20:29:37.464 | 2026-04-27 23:29:37,462 INFO graph [REC-2026-00226] GRAPH START
2026-04-27 20:29:37.464 | 2026-04-27 23:29:37,463 INFO graph [REC-2026-00226] AGENT=guardrail_input IN text_len=104
2026-04-27 20:29:37.805 | 2026-04-27 23:29:37,804 WARNING app [REC-2026-00220] tentativa 2/3 falhou — retry em 2s: An error occurred (ThrottlingException) when calling the InvokeModel operation (reached max retries: 4): Too many requests, please wait before trying again.
2026-04-27 20:29:38.044 | 2026-04-27 23:29:38,044 INFO agent.guardrail guardrail INPUT action=NONE
2026-04-27 20:29:38.045 | 2026-04-27 23:29:38,044 INFO graph [REC-2026-00226] AGENT=guardrail_input OUT in 581ms blocked=False reason=None
2026-04-27 20:29:38.046 | 2026-04-27 23:29:38,045 INFO graph [REC-2026-00226] AGENT=triage IN text_len=104 product_hint=Cartão de Crédito
2026-04-27 20:29:38.438 | 2026-04-27 23:29:38,437 INFO graph [REC-2026-00225] AGENT=triage OUT in 1627ms category=Produto/Serviço product=Conta Corrente urgency=Baixa
2026-04-27 20:29:38.438 | 2026-04-27 23:29:38,438 INFO graph [REC-2026-00225] AGENT=risk IN triage_keys=['category', 'product', 'sentiment', 'urgency', 'summary']
2026-04-27 20:29:39.805 | 2026-04-27 23:29:39,805 INFO graph [REC-2026-00220] GRAPH START
2026-04-27 20:29:39.807 | 2026-04-27 23:29:39,807 INFO graph [REC-2026-00220] AGENT=guardrail_input IN text_len=82
2026-04-27 20:29:40.407 | 2026-04-27 23:29:40,407 INFO agent.guardrail guardrail INPUT action=NONE
2026-04-27 20:29:40.408 | 2026-04-27 23:29:40,407 INFO graph [REC-2026-00220] AGENT=guardrail_input OUT in 600ms blocked=False reason=None
2026-04-27 20:29:40.409 | 2026-04-27 23:29:40,408 INFO graph [REC-2026-00220] AGENT=triage IN text_len=82 product_hint=Poupança
2026-04-27 20:29:41.669 | 2026-04-27 23:29:41,668 WARNING app [REC-2026-00223] tentativa 1/3 falhou — retry em 1s: An error occurred (ThrottlingException) when calling the InvokeModel operation (reached max retries: 4): Too many requests, please wait before trying again.
2026-04-27 20:29:42.669 | 2026-04-27 23:29:42,669 INFO graph [REC-2026-00223] GRAPH START
2026-04-27 20:29:42.670 | 2026-04-27 23:29:42,670 INFO graph [REC-2026-00223] AGENT=guardrail_input IN text_len=91
2026-04-27 20:29:42.917 | 2026-04-27 23:29:42,917 INFO agent.risk risk usou 4 trechos da política (top-k=4)
2026-04-27 20:29:42.917 | 2026-04-27 23:29:42,917 INFO graph [REC-2026-00225] AGENT=risk OUT in 4479ms level=Baixo rag_chunks=4
2026-04-27 20:29:42.918 | 2026-04-27 23:29:42,918 INFO graph [REC-2026-00225] AGENT=report IN
2026-04-27 20:29:42.918 | 2026-04-27 23:29:42,918 INFO graph [REC-2026-00225] AGENT=report OUT in 0ms
2026-04-27 20:29:42.919 | 2026-04-27 23:29:42,919 INFO graph [REC-2026-00225] AGENT=guardrail_output IN
2026-04-27 20:29:43.288 | 2026-04-27 23:29:43,287 INFO agent.guardrail guardrail INPUT action=NONE
2026-04-27 20:29:43.289 | 2026-04-27 23:29:43,288 INFO graph [REC-2026-00223] AGENT=guardrail_input OUT in 618ms blocked=False reason=None
2026-04-27 20:29:43.289 | 2026-04-27 23:29:43,289 INFO graph [REC-2026-00223] AGENT=triage IN text_len=91 product_hint=Empréstimo
2026-04-27 20:29:43.863 | 2026-04-27 23:29:43,863 INFO graph [REC-2026-00226] AGENT=triage OUT in 5818ms category=Fraude/Segurança product=Cartão de Crédito urgency=Crítica
2026-04-27 20:29:43.864 | 2026-04-27 23:29:43,863 INFO graph [REC-2026-00226] AGENT=risk IN triage_keys=['category', 'product', 'sentiment', 'urgency', 'summary']
2026-04-27 20:29:43.973 | 2026-04-27 23:29:43,973 WARNING app [REC-2026-00224] tentativa 1/3 falhou — retry em 1s: An error occurred (ThrottlingException) when calling the InvokeModel operation (reached max retries: 4): Too many requests, please wait before trying again.
2026-04-27 20:29:44.111 | 2026-04-27 23:29:44,110 INFO graph [REC-2026-00225] AGENT=guardrail_output OUT in 1191ms
2026-04-27 20:29:44.111 | 2026-04-27 23:29:44,111 INFO graph [REC-2026-00225] GRAPH END timings={'guardrail_input': 635, 'triage': 1627, 'risk': 4479, 'report': 0, 'guardrail_output': 1191}
2026-04-27 20:29:44.112 | 2026-04-27 23:29:44,111 INFO graph [REC-2026-00227] GRAPH START
2026-04-27 20:29:44.114 | 2026-04-27 23:29:44,113 INFO graph [REC-2026-00227] AGENT=guardrail_input IN text_len=126
2026-04-27 20:29:44.714 | 2026-04-27 23:29:44,714 INFO agent.guardrail guardrail INPUT action=NONE
2026-04-27 20:29:44.714 | 2026-04-27 23:29:44,714 INFO graph [REC-2026-00227] AGENT=guardrail_input OUT in 601ms blocked=False reason=None
2026-04-27 20:29:44.715 | 2026-04-27 23:29:44,715 INFO graph [REC-2026-00227] AGENT=triage IN text_len=126 product_hint=Cartão de Crédito
2026-04-27 20:29:44.974 | 2026-04-27 23:29:44,973 INFO graph [REC-2026-00224] GRAPH START
2026-04-27 20:29:44.975 | 2026-04-27 23:29:44,975 INFO graph [REC-2026-00224] AGENT=guardrail_input IN text_len=110
2026-04-27 20:29:45.544 | 2026-04-27 23:29:45,543 INFO agent.guardrail guardrail INPUT action=NONE
2026-04-27 20:29:45.544 | 2026-04-27 23:29:45,543 INFO graph [REC-2026-00224] AGENT=guardrail_input OUT in 568ms blocked=False reason=None
2026-04-27 20:29:45.545 | 2026-04-27 23:29:45,545 INFO graph [REC-2026-00224] AGENT=triage IN text_len=110 product_hint=Empréstimo
2026-04-27 20:29:45.637 | 2026-04-27 23:29:45,636 ERROR app [REC-2026-00220] todas 3 tentativas falharam: An error occurred (ThrottlingException) when calling the InvokeModel operation (reached max retries: 4): Too many requests, please wait before trying again.
2026-04-27 20:29:45.637 | 2026-04-27 23:29:45,636 ERROR app [REC-2026-00220] falha definitiva: An error occurred (ThrottlingException) when calling the InvokeModel operation (reached max retries: 4): Too many requests, please wait before trying again.
2026-04-27 20:29:45.637 | 2026-04-27 23:29:45,637 INFO graph [REC-2026-00228] GRAPH START
2026-04-27 20:29:45.638 | 2026-04-27 23:29:45,638 INFO graph [REC-2026-00228] AGENT=guardrail_input IN text_len=70
2026-04-27 20:29:46.248 | 2026-04-27 23:29:46,247 INFO agent.guardrail guardrail INPUT action=NONE
2026-04-27 20:29:46.248 | 2026-04-27 23:29:46,247 INFO graph [REC-2026-00228] AGENT=guardrail_input OUT in 609ms blocked=False reason=None
2026-04-27 20:29:46.249 | 2026-04-27 23:29:46,249 INFO graph [REC-2026-00228] AGENT=triage IN text_len=70 product_hint=None
2026-04-27 20:29:49.986 | 2026-04-27 23:29:49,985 INFO graph [REC-2026-00227] AGENT=triage OUT in 5270ms category=Cancelamento product=Cartão de Crédito urgency=Alta
2026-04-27 20:29:49.986 | 2026-04-27 23:29:49,986 INFO graph [REC-2026-00227] AGENT=risk IN triage_keys=['category', 'product', 'sentiment', 'urgency', 'summary']
2026-04-27 20:29:50.824 | 2026-04-27 23:29:50,824 WARNING app [REC-2026-00223] tentativa 2/3 falhou — retry em 2s: An error occurred (ThrottlingException) when calling the InvokeModel operation (reached max retries: 4): Too many requests, please wait before trying again.
2026-04-27 20:29:52.825 | 2026-04-27 23:29:52,824 INFO graph [REC-2026-00223] GRAPH START
2026-04-27 20:29:52.827 | 2026-04-27 23:29:52,826 INFO graph [REC-2026-00223] AGENT=guardrail_input IN text_len=91
2026-04-27 20:29:53.355 | 2026-04-27 23:29:53,354 WARNING app [REC-2026-00228] tentativa 1/3 falhou — retry em 1s: An error occurred (ThrottlingException) when calling the InvokeModel operation (reached max retries: 4): Too many requests, please wait before trying again.
2026-04-27 20:29:53.467 | 2026-04-27 23:29:53,466 INFO agent.guardrail guardrail INPUT action=NONE
2026-04-27 20:29:53.467 | 2026-04-27 23:29:53,466 INFO graph [REC-2026-00223] AGENT=guardrail_input OUT in 640ms blocked=False reason=None
2026-04-27 20:29:53.468 | 2026-04-27 23:29:53,467 INFO graph [REC-2026-00223] AGENT=triage IN text_len=91 product_hint=Empréstimo
2026-04-27 20:29:53.961 | 2026-04-27 23:29:53,961 WARNING app [REC-2026-00224] tentativa 2/3 falhou — retry em 2s: An error occurred (ThrottlingException) when calling the InvokeModel operation (reached max retries: 4): Too many requests, please wait before trying again.
2026-04-27 20:29:54.355 | 2026-04-27 23:29:54,355 INFO graph [REC-2026-00228] GRAPH START
2026-04-27 20:29:54.357 | 2026-04-27 23:29:54,357 INFO graph [REC-2026-00228] AGENT=guardrail_input IN text_len=70
2026-04-27 20:29:54.593 | 2026-04-27 23:29:54,593 INFO agent.risk risk usou 4 trechos da política (top-k=4)
2026-04-27 20:29:54.593 | 2026-04-27 23:29:54,593 INFO graph [REC-2026-00227] AGENT=risk OUT in 4607ms level=Médio rag_chunks=4
2026-04-27 20:29:54.594 | 2026-04-27 23:29:54,594 INFO graph [REC-2026-00227] AGENT=report IN
2026-04-27 20:29:54.594 | 2026-04-27 23:29:54,594 INFO graph [REC-2026-00227] AGENT=report OUT in 0ms
2026-04-27 20:29:54.595 | 2026-04-27 23:29:54,595 INFO graph [REC-2026-00227] AGENT=guardrail_output IN
2026-04-27 20:29:54.940 | 2026-04-27 23:29:54,939 INFO agent.guardrail guardrail INPUT action=NONE
2026-04-27 20:29:54.940 | 2026-04-27 23:29:54,940 INFO graph [REC-2026-00228] AGENT=guardrail_input OUT in 583ms blocked=False reason=None
2026-04-27 20:29:54.940 | 2026-04-27 23:29:54,940 INFO graph [REC-2026-00228] AGENT=triage IN text_len=70 product_hint=None
2026-04-27 20:29:55.264 | 2026-04-27 23:29:55,263 INFO agent.risk risk usou 4 trechos da política (top-k=4)
2026-04-27 20:29:55.264 | 2026-04-27 23:29:55,264 INFO graph [REC-2026-00226] AGENT=risk OUT in 11401ms level=Crítico rag_chunks=4
2026-04-27 20:29:55.265 | 2026-04-27 23:29:55,265 INFO graph [REC-2026-00226] AGENT=report IN
2026-04-27 20:29:55.265 | 2026-04-27 23:29:55,265 INFO graph [REC-2026-00226] AGENT=report OUT in 0ms
2026-04-27 20:29:55.266 | 2026-04-27 23:29:55,266 INFO graph [REC-2026-00226] AGENT=guardrail_output IN
2026-04-27 20:29:55.846 | 2026-04-27 23:29:55,845 WARNING agent.guardrail guardrail OUTPUT bloqueou campo=summary — usando regex como fallback
2026-04-27 20:29:55.874 | 2026-04-27 23:29:55,873 INFO graph [REC-2026-00227] AGENT=guardrail_output OUT in 1278ms
2026-04-27 20:29:55.875 | 2026-04-27 23:29:55,874 INFO graph [REC-2026-00227] GRAPH END timings={'guardrail_input': 601, 'triage': 5270, 'risk': 4607, 'report': 0, 'guardrail_output': 1278}
2026-04-27 20:29:55.875 | 2026-04-27 23:29:55,875 INFO graph [REC-2026-00229] GRAPH START
2026-04-27 20:29:55.876 | 2026-04-27 23:29:55,876 INFO graph [REC-2026-00229] AGENT=guardrail_input IN text_len=126
2026-04-27 20:29:55.962 | 2026-04-27 23:29:55,961 INFO graph [REC-2026-00224] GRAPH START
2026-04-27 20:29:55.964 | 2026-04-27 23:29:55,963 INFO graph [REC-2026-00224] AGENT=guardrail_input IN text_len=110
2026-04-27 20:29:56.513 | 2026-04-27 23:29:56,513 INFO graph [REC-2026-00226] AGENT=guardrail_output OUT in 1247ms
2026-04-27 20:29:56.514 | 2026-04-27 23:29:56,513 INFO graph [REC-2026-00226] GRAPH END timings={'guardrail_input': 581, 'triage': 5818, 'risk': 11401, 'report': 0, 'guardrail_output': 1247}
2026-04-27 20:29:56.514 | 2026-04-27 23:29:56,514 INFO graph [REC-2026-00230] GRAPH START
2026-04-27 20:29:56.515 | 2026-04-27 23:29:56,515 INFO graph [REC-2026-00230] AGENT=guardrail_input IN text_len=151
2026-04-27 20:29:56.520 | 2026-04-27 23:29:56,520 INFO agent.guardrail guardrail INPUT action=NONE
2026-04-27 20:29:56.520 | 2026-04-27 23:29:56,520 INFO graph [REC-2026-00224] AGENT=guardrail_input OUT in 557ms blocked=False reason=None
2026-04-27 20:29:56.520 | 2026-04-27 23:29:56,520 INFO graph [REC-2026-00224] AGENT=triage IN text_len=110 product_hint=Empréstimo
2026-04-27 20:29:56.603 | 2026-04-27 23:29:56,603 INFO agent.guardrail guardrail INPUT action=NONE
2026-04-27 20:29:56.604 | 2026-04-27 23:29:56,603 INFO graph [REC-2026-00229] AGENT=guardrail_input OUT in 727ms blocked=False reason=None
2026-04-27 20:29:56.604 | 2026-04-27 23:29:56,604 INFO graph [REC-2026-00229] AGENT=triage IN text_len=126 product_hint=Cartão de Crédito
2026-04-27 20:29:57.063 | 2026-04-27 23:29:57,062 INFO agent.guardrail guardrail INPUT action=NONE
2026-04-27 20:29:57.063 | 2026-04-27 23:29:57,063 INFO graph [REC-2026-00230] AGENT=guardrail_input OUT in 548ms blocked=False reason=None
2026-04-27 20:29:57.064 | 2026-04-27 23:29:57,064 INFO graph [REC-2026-00230] AGENT=triage IN text_len=151 product_hint=Consórcio
2026-04-27 20:29:59.483 | 2026-04-27 23:29:59,483 INFO graph [REC-2026-00223] AGENT=triage OUT in 6016ms category=Produto/Serviço product=Empréstimo urgency=Alta
2026-04-27 20:29:59.484 | 2026-04-27 23:29:59,483 INFO graph [REC-2026-00223] AGENT=risk IN triage_keys=['category', 'product', 'sentiment', 'urgency', 'summary']
2026-04-27 20:30:01.975 | 2026-04-27 23:30:01,974 INFO graph [REC-2026-00230] AGENT=triage OUT in 4910ms category=Cobrança Indevida product=Não Identificado urgency=Alta
2026-04-27 20:30:01.975 | 2026-04-27 23:30:01,975 INFO graph [REC-2026-00230] AGENT=risk IN triage_keys=['category', 'product', 'sentiment', 'urgency', 'summary']
2026-04-27 20:30:02.646 | 2026-04-27 23:30:02,645 WARNING app [REC-2026-00229] tentativa 1/3 falhou — retry em 1s: An error occurred (ThrottlingException) when calling the InvokeModel operation (reached max retries: 4): Too many requests, please wait before trying again.
2026-04-27 20:30:03.647 | 2026-04-27 23:30:03,646 INFO graph [REC-2026-00229] GRAPH START
2026-04-27 20:30:03.650 | 2026-04-27 23:30:03,649 INFO graph [REC-2026-00229] AGENT=guardrail_input IN text_len=126
2026-04-27 20:30:04.252 | 2026-04-27 23:30:04,252 INFO agent.guardrail guardrail INPUT action=NONE
2026-04-27 20:30:04.252 | 2026-04-27 23:30:04,252 INFO graph [REC-2026-00229] AGENT=guardrail_input OUT in 603ms blocked=False reason=None
2026-04-27 20:30:04.253 | 2026-04-27 23:30:04,253 INFO graph [REC-2026-00229] AGENT=triage IN text_len=126 product_hint=Cartão de Crédito
2026-04-27 20:30:04.537 | 2026-04-27 23:30:04,536 INFO agent.risk risk usou 4 trechos da política (top-k=4)
2026-04-27 20:30:04.537 | 2026-04-27 23:30:04,536 INFO graph [REC-2026-00223] AGENT=risk OUT in 5053ms level=Alto rag_chunks=4
2026-04-27 20:30:04.538 | 2026-04-27 23:30:04,537 INFO graph [REC-2026-00223] AGENT=report IN
2026-04-27 20:30:04.538 | 2026-04-27 23:30:04,538 INFO graph [REC-2026-00223] AGENT=report OUT in 1ms
2026-04-27 20:30:04.539 | 2026-04-27 23:30:04,539 INFO graph [REC-2026-00223] AGENT=guardrail_output IN
2026-04-27 20:30:04.880 | 2026-04-27 23:30:04,879 WARNING app [REC-2026-00228] tentativa 2/3 falhou — retry em 2s: An error occurred (ThrottlingException) when calling the InvokeModel operation (reached max retries: 4): Too many requests, please wait before trying again.
2026-04-27 20:30:05.712 | 2026-04-27 23:30:05,712 INFO graph [REC-2026-00223] AGENT=guardrail_output OUT in 1173ms
2026-04-27 20:30:05.713 | 2026-04-27 23:30:05,713 INFO graph [REC-2026-00223] GRAPH END timings={'guardrail_input': 640, 'triage': 6016, 'risk': 5053, 'report': 1, 'guardrail_output': 1173}
2026-04-27 20:30:05.713 | 2026-04-27 23:30:05,713 INFO graph [REC-2026-00231] GRAPH START
2026-04-27 20:30:05.715 | 2026-04-27 23:30:05,714 INFO graph [REC-2026-00231] AGENT=guardrail_input IN text_len=111
2026-04-27 20:30:06.323 | 2026-04-27 23:30:06,323 INFO agent.guardrail guardrail INPUT action=NONE
2026-04-27 20:30:06.323 | 2026-04-27 23:30:06,323 INFO graph [REC-2026-00231] AGENT=guardrail_input OUT in 609ms blocked=False reason=None
2026-04-27 20:30:06.324 | 2026-04-27 23:30:06,324 INFO graph [REC-2026-00231] AGENT=triage IN text_len=111 product_hint=Empréstimo
2026-04-27 20:30:06.549 | 2026-04-27 23:30:06,549 INFO agent.risk risk usou 4 trechos da política (top-k=4)
2026-04-27 20:30:06.549 | 2026-04-27 23:30:06,549 INFO graph [REC-2026-00230] AGENT=risk OUT in 4574ms level=Alto rag_chunks=4
2026-04-27 20:30:06.550 | 2026-04-27 23:30:06,550 INFO graph [REC-2026-00230] AGENT=report IN
2026-04-27 20:30:06.551 | 2026-04-27 23:30:06,550 INFO graph [REC-2026-00230] AGENT=report OUT in 0ms
2026-04-27 20:30:06.551 | 2026-04-27 23:30:06,551 INFO graph [REC-2026-00230] AGENT=guardrail_output IN
2026-04-27 20:30:06.880 | 2026-04-27 23:30:06,880 INFO graph [REC-2026-00228] GRAPH START
2026-04-27 20:30:06.882 | 2026-04-27 23:30:06,882 INFO graph [REC-2026-00228] AGENT=guardrail_input IN text_len=70
2026-04-27 20:30:07.446 | 2026-04-27 23:30:07,446 ERROR app [REC-2026-00224] todas 3 tentativas falharam: An error occurred (ThrottlingException) when calling the InvokeModel operation (reached max retries: 4): Too many requests, please wait before trying again.
2026-04-27 20:30:07.446 | 2026-04-27 23:30:07,446 ERROR app [REC-2026-00224] falha definitiva: An error occurred (ThrottlingException) when calling the InvokeModel operation (reached max retries: 4): Too many requests, please wait before trying again.
2026-04-27 20:30:07.446 | 2026-04-27 23:30:07,446 INFO graph [REC-2026-00232] GRAPH START
2026-04-27 20:30:07.448 | 2026-04-27 23:30:07,448 INFO graph [REC-2026-00232] AGENT=guardrail_input IN text_len=127
2026-04-27 20:30:07.454 | 2026-04-27 23:30:07,454 INFO agent.guardrail guardrail INPUT action=NONE
2026-04-27 20:30:07.456 | 2026-04-27 23:30:07,456 INFO graph [REC-2026-00228] AGENT=guardrail_input OUT in 574ms blocked=False reason=None
2026-04-27 20:30:07.457 | 2026-04-27 23:30:07,456 INFO graph [REC-2026-00228] AGENT=triage IN text_len=70 product_hint=None
2026-04-27 20:30:07.746 | 2026-04-27 23:30:07,746 INFO graph [REC-2026-00229] AGENT=triage OUT in 3493ms category=Fraude/Segurança product=Cartão de Crédito urgency=Alta
2026-04-27 20:30:07.748 | 2026-04-27 23:30:07,747 INFO graph [REC-2026-00229] AGENT=risk IN triage_keys=['category', 'product', 'sentiment', 'urgency', 'summary']
2026-04-27 20:30:07.776 | 2026-04-27 23:30:07,776 INFO graph [REC-2026-00230] AGENT=guardrail_output OUT in 1225ms
2026-04-27 20:30:07.777 | 2026-04-27 23:30:07,776 INFO graph [REC-2026-00230] GRAPH END timings={'guardrail_input': 548, 'triage': 4910, 'risk': 4574, 'report': 0, 'guardrail_output': 1225}
2026-04-27 20:30:07.777 | 2026-04-27 23:30:07,777 INFO graph [REC-2026-00233] GRAPH START
2026-04-27 20:30:07.779 | 2026-04-27 23:30:07,778 INFO graph [REC-2026-00233] AGENT=guardrail_input IN text_len=99
2026-04-27 20:30:08.015 | 2026-04-27 23:30:08,014 INFO agent.guardrail guardrail INPUT action=NONE
2026-04-27 20:30:08.015 | 2026-04-27 23:30:08,015 INFO graph [REC-2026-00232] AGENT=guardrail_input OUT in 567ms blocked=False reason=None
2026-04-27 20:30:08.016 | 2026-04-27 23:30:08,016 INFO graph [REC-2026-00232] AGENT=triage IN text_len=127 product_hint=Cartão de Crédito
2026-04-27 20:30:08.333 | 2026-04-27 23:30:08,332 INFO agent.guardrail guardrail INPUT action=NONE
2026-04-27 20:30:08.333 | 2026-04-27 23:30:08,333 INFO graph [REC-2026-00233] AGENT=guardrail_input OUT in 555ms blocked=False reason=None
2026-04-27 20:30:08.335 | 2026-04-27 23:30:08,334 INFO graph [REC-2026-00233] AGENT=triage IN text_len=99 product_hint=Empréstimo
2026-04-27 20:30:11.884 | 2026-04-27 23:30:11,883 INFO agent.risk risk usou 4 trechos da política (top-k=4)
2026-04-27 20:30:11.884 | 2026-04-27 23:30:11,884 INFO graph [REC-2026-00229] AGENT=risk OUT in 4137ms level=Médio rag_chunks=4
2026-04-27 20:30:11.885 | 2026-04-27 23:30:11,884 INFO graph [REC-2026-00229] AGENT=report IN
2026-04-27 20:30:11.885 | 2026-04-27 23:30:11,884 INFO graph [REC-2026-00229] AGENT=report OUT in 0ms
2026-04-27 20:30:11.885 | 2026-04-27 23:30:11,885 INFO graph [REC-2026-00229] AGENT=guardrail_output IN
2026-04-27 20:30:13.070 | 2026-04-27 23:30:13,070 INFO graph [REC-2026-00229] AGENT=guardrail_output OUT in 1185ms
2026-04-27 20:30:13.071 | 2026-04-27 23:30:13,071 INFO graph [REC-2026-00229] GRAPH END timings={'guardrail_input': 603, 'triage': 3493, 'risk': 4137, 'report': 0, 'guardrail_output': 1185}
2026-04-27 20:30:13.071 | 2026-04-27 23:30:13,071 INFO graph [REC-2026-00234] GRAPH START
2026-04-27 20:30:13.072 | 2026-04-27 23:30:13,071 INFO graph [REC-2026-00234] AGENT=guardrail_input IN text_len=134
2026-04-27 20:30:13.609 | 2026-04-27 23:30:13,608 INFO agent.guardrail guardrail INPUT action=NONE
2026-04-27 20:30:13.609 | 2026-04-27 23:30:13,609 INFO graph [REC-2026-00234] AGENT=guardrail_input OUT in 538ms blocked=False reason=None
2026-04-27 20:30:13.611 | 2026-04-27 23:30:13,610 INFO graph [REC-2026-00234] AGENT=triage IN text_len=134 product_hint=None
2026-04-27 20:30:13.926 | 2026-04-27 23:30:13,926 INFO graph [REC-2026-00232] AGENT=triage OUT in 5910ms category=Cobrança Indevida product=Cartão de Crédito urgency=Alta
2026-04-27 20:30:13.927 | 2026-04-27 23:30:13,927 INFO graph [REC-2026-00232] AGENT=risk IN triage_keys=['category', 'product', 'sentiment', 'urgency', 'summary']
2026-04-27 20:30:13.982 | 2026-04-27 23:30:13,981 WARNING app [REC-2026-00231] tentativa 1/3 falhou — retry em 1s: An error occurred (ThrottlingException) when calling the InvokeModel operation (reached max retries: 4): Too many requests, please wait before trying again.
2026-04-27 20:30:14.982 | 2026-04-27 23:30:14,982 INFO graph [REC-2026-00231] GRAPH START
2026-04-27 20:30:14.984 | 2026-04-27 23:30:14,984 INFO graph [REC-2026-00231] AGENT=guardrail_input IN text_len=111
2026-04-27 20:30:15.535 | 2026-04-27 23:30:15,534 INFO agent.guardrail guardrail INPUT action=NONE
2026-04-27 20:30:15.535 | 2026-04-27 23:30:15,535 INFO graph [REC-2026-00231] AGENT=guardrail_input OUT in 551ms blocked=False reason=None
2026-04-27 20:30:15.536 | 2026-04-27 23:30:15,535 INFO graph [REC-2026-00231] AGENT=triage IN text_len=111 product_hint=Empréstimo
2026-04-27 20:30:17.109 | 2026-04-27 23:30:17,108 WARNING app [REC-2026-00233] tentativa 1/3 falhou — retry em 1s: An error occurred (ThrottlingException) when calling the InvokeModel operation (reached max retries: 4): Too many requests, please wait before trying again.
2026-04-27 20:30:17.847 | 2026-04-27 23:30:17,847 ERROR app [REC-2026-00228] todas 3 tentativas falharam: An error occurred (ThrottlingException) when calling the InvokeModel operation (reached max retries: 4): Too many requests, please wait before trying again.
2026-04-27 20:30:17.848 | 2026-04-27 23:30:17,847 ERROR app [REC-2026-00228] falha definitiva: An error occurred (ThrottlingException) when calling the InvokeModel operation (reached max retries: 4): Too many requests, please wait before trying again.
2026-04-27 20:30:17.848 | 2026-04-27 23:30:17,847 INFO graph [REC-2026-00235] GRAPH START
2026-04-27 20:30:17.849 | 2026-04-27 23:30:17,849 INFO graph [REC-2026-00235] AGENT=guardrail_input IN text_len=92
2026-04-27 20:30:18.109 | 2026-04-27 23:30:18,109 INFO graph [REC-2026-00233] GRAPH START
2026-04-27 20:30:18.111 | 2026-04-27 23:30:18,110 INFO graph [REC-2026-00233] AGENT=guardrail_input IN text_len=99
2026-04-27 20:30:18.473 | 2026-04-27 23:30:18,472 INFO agent.guardrail guardrail INPUT action=NONE
2026-04-27 20:30:18.473 | 2026-04-27 23:30:18,472 INFO graph [REC-2026-00235] AGENT=guardrail_input OUT in 623ms blocked=False reason=None
2026-04-27 20:30:18.474 | 2026-04-27 23:30:18,474 INFO graph [REC-2026-00235] AGENT=triage IN text_len=92 product_hint=Conta Corrente
2026-04-27 20:30:18.613 | 2026-04-27 23:30:18,613 INFO agent.risk risk usou 4 trechos da política (top-k=4)
2026-04-27 20:30:18.613 | 2026-04-27 23:30:18,613 INFO graph [REC-2026-00232] AGENT=risk OUT in 4686ms level=Alto rag_chunks=4
2026-04-27 20:30:18.613 | 2026-04-27 23:30:18,613 INFO graph [REC-2026-00232] AGENT=report IN
2026-04-27 20:30:18.614 | 2026-04-27 23:30:18,613 INFO graph [REC-2026-00232] AGENT=report OUT in 0ms
2026-04-27 20:30:18.614 | 2026-04-27 23:30:18,614 INFO graph [REC-2026-00232] AGENT=guardrail_output IN
2026-04-27 20:30:18.687 | 2026-04-27 23:30:18,687 INFO agent.guardrail guardrail INPUT action=NONE
2026-04-27 20:30:18.687 | 2026-04-27 23:30:18,687 INFO graph [REC-2026-00233] AGENT=guardrail_input OUT in 577ms blocked=False reason=None
2026-04-27 20:30:18.688 | 2026-04-27 23:30:18,688 INFO graph [REC-2026-00233] AGENT=triage IN text_len=99 product_hint=Empréstimo
2026-04-27 20:30:19.442 | 2026-04-27 23:30:19,441 WARNING agent.guardrail guardrail OUTPUT bloqueou campo=summary — usando regex como fallback
2026-04-27 20:30:19.832 | 2026-04-27 23:30:19,831 INFO graph [REC-2026-00231] AGENT=triage OUT in 4296ms category=Atendimento product=Empréstimo urgency=Alta
2026-04-27 20:30:19.833 | 2026-04-27 23:30:19,833 INFO graph [REC-2026-00231] AGENT=risk IN triage_keys=['category', 'product', 'sentiment', 'urgency', 'summary']
2026-04-27 20:30:20.034 | 2026-04-27 23:30:20,033 WARNING agent.guardrail guardrail OUTPUT bloqueou campo=risk_justification — usando regex como fallback
2026-04-27 20:30:20.034 | 2026-04-27 23:30:20,033 INFO graph [REC-2026-00232] AGENT=guardrail_output OUT in 1419ms
2026-04-27 20:30:20.035 | 2026-04-27 23:30:20,034 INFO graph [REC-2026-00232] GRAPH END timings={'guardrail_input': 567, 'triage': 5910, 'risk': 4686, 'report': 0, 'guardrail_output': 1419}
2026-04-27 20:30:20.035 | 2026-04-27 23:30:20,035 INFO graph [REC-2026-00236] GRAPH START
2026-04-27 20:30:20.037 | 2026-04-27 23:30:20,036 INFO graph [REC-2026-00236] AGENT=guardrail_input IN text_len=80
2026-04-27 20:30:20.620 | 2026-04-27 23:30:20,619 INFO agent.guardrail guardrail INPUT action=NONE
2026-04-27 20:30:20.620 | 2026-04-27 23:30:20,620 INFO graph [REC-2026-00236] AGENT=guardrail_input OUT in 584ms blocked=False reason=None
2026-04-27 20:30:20.621 | 2026-04-27 23:30:20,621 INFO graph [REC-2026-00236] AGENT=triage IN text_len=80 product_hint=None
2026-04-27 20:30:24.643 | 2026-04-27 23:30:24,642 INFO agent.risk risk usou 4 trechos da política (top-k=4)
2026-04-27 20:30:24.643 | 2026-04-27 23:30:24,643 INFO graph [REC-2026-00231] AGENT=risk OUT in 4809ms level=Alto rag_chunks=4
2026-04-27 20:30:24.644 | 2026-04-27 23:30:24,644 INFO graph [REC-2026-00231] AGENT=report IN
2026-04-27 20:30:24.644 | 2026-04-27 23:30:24,644 INFO graph [REC-2026-00231] AGENT=report OUT in 0ms
2026-04-27 20:30:24.645 | 2026-04-27 23:30:24,645 INFO graph [REC-2026-00231] AGENT=guardrail_output IN
2026-04-27 20:30:25.877 | 2026-04-27 23:30:25,876 INFO graph [REC-2026-00231] AGENT=guardrail_output OUT in 1231ms
2026-04-27 20:30:25.877 | 2026-04-27 23:30:25,877 INFO graph [REC-2026-00231] GRAPH END timings={'guardrail_input': 551, 'triage': 4296, 'risk': 4809, 'report': 0, 'guardrail_output': 1231}
2026-04-27 20:30:25.877 | 2026-04-27 23:30:25,877 INFO graph [REC-2026-00237] GRAPH START
2026-04-27 20:30:25.878 | 2026-04-27 23:30:25,878 INFO graph [REC-2026-00237] AGENT=guardrail_input IN text_len=125
2026-04-27 20:30:26.499 | 2026-04-27 23:30:26,498 INFO agent.guardrail guardrail INPUT action=NONE
2026-04-27 20:30:26.499 | 2026-04-27 23:30:26,499 INFO graph [REC-2026-00237] AGENT=guardrail_input OUT in 621ms blocked=False reason=None
2026-04-27 20:30:26.500 | 2026-04-27 23:30:26,500 INFO graph [REC-2026-00237] AGENT=triage IN text_len=125 product_hint=None
2026-04-27 20:30:27.010 | 2026-04-27 23:30:27,010 WARNING app [REC-2026-00234] tentativa 1/3 falhou — retry em 1s: An error occurred (ThrottlingException) when calling the InvokeModel operation (reached max retries: 4): Too many requests, please wait before trying again.
2026-04-27 20:30:27.017 | 2026-04-27 23:30:27,017 INFO graph [REC-2026-00236] AGENT=triage OUT in 6396ms category=Atendimento product=Não Identificado urgency=Baixa
2026-04-27 20:30:27.018 | 2026-04-27 23:30:27,018 INFO graph [REC-2026-00236] AGENT=risk IN triage_keys=['category', 'product', 'sentiment', 'urgency', 'summary']
2026-04-27 20:30:27.657 | 2026-04-27 23:30:27,657 WARNING app [REC-2026-00233] tentativa 2/3 falhou — retry em 2s: An error occurred (ThrottlingException) when calling the InvokeModel operation (reached max retries: 4): Too many requests, please wait before trying again.
2026-04-27 20:30:27.879 | 2026-04-27 23:30:27,878 WARNING app [REC-2026-00235] tentativa 1/3 falhou — retry em 1s: An error occurred (ThrottlingException) when calling the InvokeModel operation (reached max retries: 4): Too many requests, please wait before trying again.
2026-04-27 20:30:28.011 | 2026-04-27 23:30:28,010 INFO graph [REC-2026-00234] GRAPH START
2026-04-27 20:30:28.012 | 2026-04-27 23:30:28,012 INFO graph [REC-2026-00234] AGENT=guardrail_input IN text_len=134
2026-04-27 20:30:28.592 | 2026-04-27 23:30:28,591 INFO agent.guardrail guardrail INPUT action=NONE
2026-04-27 20:30:28.592 | 2026-04-27 23:30:28,592 INFO graph [REC-2026-00234] AGENT=guardrail_input OUT in 580ms blocked=False reason=None
2026-04-27 20:30:28.593 | 2026-04-27 23:30:28,593 INFO graph [REC-2026-00234] AGENT=triage IN text_len=134 product_hint=None
2026-04-27 20:30:28.879 | 2026-04-27 23:30:28,879 INFO graph [REC-2026-00235] GRAPH START
2026-04-27 20:30:28.881 | 2026-04-27 23:30:28,880 INFO graph [REC-2026-00235] AGENT=guardrail_input IN text_len=92
2026-04-27 20:30:29.446 | 2026-04-27 23:30:29,445 INFO agent.guardrail guardrail INPUT action=NONE
2026-04-27 20:30:29.447 | 2026-04-27 23:30:29,446 INFO graph [REC-2026-00235] AGENT=guardrail_input OUT in 566ms blocked=False reason=None
2026-04-27 20:30:29.448 | 2026-04-27 23:30:29,448 INFO graph [REC-2026-00235] AGENT=triage IN text_len=92 product_hint=Conta Corrente
2026-04-27 20:30:29.658 | 2026-04-27 23:30:29,657 INFO graph [REC-2026-00233] GRAPH START
2026-04-27 20:30:29.660 | 2026-04-27 23:30:29,659 INFO graph [REC-2026-00233] AGENT=guardrail_input IN text_len=99
2026-04-27 20:30:30.289 | 2026-04-27 23:30:30,288 INFO agent.guardrail guardrail INPUT action=NONE
2026-04-27 20:30:30.289 | 2026-04-27 23:30:30,289 INFO graph [REC-2026-00233] AGENT=guardrail_input OUT in 630ms blocked=False reason=None
2026-04-27 20:30:30.290 | 2026-04-27 23:30:30,290 INFO graph [REC-2026-00233] AGENT=triage IN text_len=99 product_hint=Empréstimo
2026-04-27 20:30:30.687 | 2026-04-27 23:30:30,686 INFO agent.risk risk usou 4 trechos da política (top-k=4)
2026-04-27 20:30:30.687 | 2026-04-27 23:30:30,686 INFO graph [REC-2026-00236] AGENT=risk OUT in 3668ms level=Baixo rag_chunks=4
2026-04-27 20:30:30.688 | 2026-04-27 23:30:30,687 INFO graph [REC-2026-00236] AGENT=report IN
2026-04-27 20:30:30.688 | 2026-04-27 23:30:30,688 INFO graph [REC-2026-00236] AGENT=report OUT in 1ms
2026-04-27 20:30:30.689 | 2026-04-27 23:30:30,688 INFO graph [REC-2026-00236] AGENT=guardrail_output IN
2026-04-27 20:30:31.527 | 2026-04-27 23:30:31,527 INFO graph [REC-2026-00234] AGENT=triage OUT in 2934ms category=Produto/Serviço product=Cartão de Crédito urgency=Média
2026-04-27 20:30:31.528 | 2026-04-27 23:30:31,528 INFO graph [REC-2026-00234] AGENT=risk IN triage_keys=['category', 'product', 'sentiment', 'urgency', 'summary']
2026-04-27 20:30:31.910 | 2026-04-27 23:30:31,909 INFO graph [REC-2026-00236] AGENT=guardrail_output OUT in 1221ms
2026-04-27 20:30:31.911 | 2026-04-27 23:30:31,910 INFO graph [REC-2026-00236] GRAPH END timings={'guardrail_input': 584, 'triage': 6396, 'risk': 3668, 'report': 1, 'guardrail_output': 1221}
2026-04-27 20:30:31.913 | 2026-04-27 23:30:31,910 INFO graph [REC-2026-00238] GRAPH START
2026-04-27 20:30:31.913 | 2026-04-27 23:30:31,912 INFO graph [REC-2026-00238] AGENT=guardrail_input IN text_len=47
2026-04-27 20:30:32.462 | 2026-04-27 23:30:32,462 INFO agent.guardrail guardrail INPUT action=NONE
2026-04-27 20:30:32.462 | 2026-04-27 23:30:32,462 INFO graph [REC-2026-00238] AGENT=guardrail_input OUT in 550ms blocked=False reason=None
2026-04-27 20:30:32.463 | 2026-04-27 23:30:32,463 INFO graph [REC-2026-00238] AGENT=triage IN text_len=47 product_hint=None
2026-04-27 20:30:34.475 | 2026-04-27 23:30:34,474 WARNING app [REC-2026-00237] tentativa 1/3 falhou — retry em 1s: An error occurred (ThrottlingException) when calling the InvokeModel operation (reached max retries: 4): Too many requests, please wait before trying again.
2026-04-27 20:30:35.476 | 2026-04-27 23:30:35,475 INFO graph [REC-2026-00237] GRAPH START
2026-04-27 20:30:35.477 | 2026-04-27 23:30:35,477 INFO graph [REC-2026-00237] AGENT=guardrail_input IN text_len=125
2026-04-27 20:30:36.103 | 2026-04-27 23:30:36,102 INFO agent.guardrail guardrail INPUT action=NONE
2026-04-27 20:30:36.103 | 2026-04-27 23:30:36,102 INFO graph [REC-2026-00237] AGENT=guardrail_input OUT in 625ms blocked=False reason=None
2026-04-27 20:30:36.104 | 2026-04-27 23:30:36,103 INFO graph [REC-2026-00237] AGENT=triage IN text_len=125 product_hint=None
2026-04-27 20:30:36.762 | 2026-04-27 23:30:36,761 INFO agent.risk risk usou 4 trechos da política (top-k=4)
2026-04-27 20:30:36.762 | 2026-04-27 23:30:36,762 INFO graph [REC-2026-00234] AGENT=risk OUT in 5234ms level=Baixo rag_chunks=4
2026-04-27 20:30:36.763 | 2026-04-27 23:30:36,763 INFO graph [REC-2026-00234] AGENT=report IN
2026-04-27 20:30:36.763 | 2026-04-27 23:30:36,763 INFO graph [REC-2026-00234] AGENT=report OUT in 0ms
2026-04-27 20:30:36.763 | 2026-04-27 23:30:36,763 INFO graph [REC-2026-00234] AGENT=guardrail_output IN
2026-04-27 20:30:37.778 | 2026-04-27 23:30:37,777 INFO graph [REC-2026-00237] AGENT=triage OUT in 1674ms category=Cobrança Indevida product=Não Identificado urgency=Alta
2026-04-27 20:30:37.779 | 2026-04-27 23:30:37,778 INFO graph [REC-2026-00237] AGENT=risk IN triage_keys=['category', 'product', 'sentiment', 'urgency', 'summary']
2026-04-27 20:30:38.023 | 2026-04-27 23:30:38,022 INFO graph [REC-2026-00234] AGENT=guardrail_output OUT in 1259ms
2026-04-27 20:30:38.024 | 2026-04-27 23:30:38,023 INFO graph [REC-2026-00234] GRAPH END timings={'guardrail_input': 580, 'triage': 2934, 'risk': 5234, 'report': 0, 'guardrail_output': 1259}
2026-04-27 20:30:38.024 | 2026-04-27 23:30:38,024 INFO graph [REC-2026-00239] GRAPH START
2026-04-27 20:30:38.025 | 2026-04-27 23:30:38,025 INFO graph [REC-2026-00239] AGENT=guardrail_input IN text_len=132
2026-04-27 20:30:38.641 | 2026-04-27 23:30:38,641 INFO agent.guardrail guardrail INPUT action=NONE
2026-04-27 20:30:38.641 | 2026-04-27 23:30:38,641 INFO graph [REC-2026-00239] AGENT=guardrail_input OUT in 616ms blocked=False reason=None
2026-04-27 20:30:38.642 | 2026-04-27 23:30:38,642 INFO graph [REC-2026-00239] AGENT=triage IN text_len=132 product_hint=Conta Corrente
2026-04-27 20:30:39.230 | 2026-04-27 23:30:39,230 WARNING app [REC-2026-00238] tentativa 1/3 falhou — retry em 1s: An error occurred (ThrottlingException) when calling the InvokeModel operation (reached max retries: 4): Too many requests, please wait before trying again.
2026-04-27 20:30:39.772 | 2026-04-27 23:30:39,771 WARNING app [REC-2026-00235] tentativa 2/3 falhou — retry em 2s: An error occurred (ThrottlingException) when calling the InvokeModel operation (reached max retries: 4): Too many requests, please wait before trying again.
2026-04-27 20:30:40.105 | 2026-04-27 23:30:40,104 ERROR app [REC-2026-00233] todas 3 tentativas falharam: An error occurred (ThrottlingException) when calling the InvokeModel operation (reached max retries: 4): Too many requests, please wait before trying again.
2026-04-27 20:30:40.105 | 2026-04-27 23:30:40,104 ERROR app [REC-2026-00233] falha definitiva: An error occurred (ThrottlingException) when calling the InvokeModel operation (reached max retries: 4): Too many requests, please wait before trying again.
2026-04-27 20:30:40.105 | 2026-04-27 23:30:40,104 INFO graph [REC-2026-00240] GRAPH START
2026-04-27 20:30:40.106 | 2026-04-27 23:30:40,106 INFO graph [REC-2026-00240] AGENT=guardrail_input IN text_len=27
2026-04-27 20:30:40.231 | 2026-04-27 23:30:40,230 INFO graph [REC-2026-00238] GRAPH START
2026-04-27 20:30:40.233 | 2026-04-27 23:30:40,232 INFO graph [REC-2026-00238] AGENT=guardrail_input IN text_len=47
2026-04-27 20:30:40.717 | 2026-04-27 23:30:40,716 INFO agent.guardrail guardrail INPUT action=NONE
2026-04-27 20:30:40.717 | 2026-04-27 23:30:40,717 INFO graph [REC-2026-00240] AGENT=guardrail_input OUT in 611ms blocked=False reason=None
2026-04-27 20:30:40.717 | 2026-04-27 23:30:40,717 INFO graph [REC-2026-00240] AGENT=triage IN text_len=27 product_hint=Conta Corrente
2026-04-27 20:30:40.806 | 2026-04-27 23:30:40,805 INFO agent.guardrail guardrail INPUT action=NONE
2026-04-27 20:30:40.806 | 2026-04-27 23:30:40,806 INFO graph [REC-2026-00238] AGENT=guardrail_input OUT in 574ms blocked=False reason=None
2026-04-27 20:30:40.807 | 2026-04-27 23:30:40,807 INFO graph [REC-2026-00238] AGENT=triage IN text_len=47 product_hint=None
2026-04-27 20:30:41.772 | 2026-04-27 23:30:41,772 INFO graph [REC-2026-00235] GRAPH START
2026-04-27 20:30:41.773 | 2026-04-27 23:30:41,773 INFO graph [REC-2026-00235] AGENT=guardrail_input IN text_len=92
2026-04-27 20:30:42.087 | 2026-04-27 23:30:42,086 INFO agent.risk risk usou 4 trechos da política (top-k=4)
2026-04-27 20:30:42.087 | 2026-04-27 23:30:42,087 INFO graph [REC-2026-00237] AGENT=risk OUT in 4309ms level=Alto rag_chunks=4
2026-04-27 20:30:42.089 | 2026-04-27 23:30:42,088 INFO graph [REC-2026-00237] AGENT=report IN
2026-04-27 20:30:42.089 | 2026-04-27 23:30:42,088 INFO graph [REC-2026-00237] AGENT=report OUT in 0ms
2026-04-27 20:30:42.089 | 2026-04-27 23:30:42,089 INFO graph [REC-2026-00237] AGENT=guardrail_output IN
2026-04-27 20:30:42.362 | 2026-04-27 23:30:42,361 INFO agent.guardrail guardrail INPUT action=NONE
2026-04-27 20:30:42.362 | 2026-04-27 23:30:42,362 INFO graph [REC-2026-00235] AGENT=guardrail_input OUT in 590ms blocked=False reason=None
2026-04-27 20:30:42.363 | 2026-04-27 23:30:42,363 INFO graph [REC-2026-00235] AGENT=triage IN text_len=92 product_hint=Conta Corrente
2026-04-27 20:30:43.247 | 2026-04-27 23:30:43,247 INFO graph [REC-2026-00237] AGENT=guardrail_output OUT in 1158ms
2026-04-27 20:30:43.248 | 2026-04-27 23:30:43,248 INFO graph [REC-2026-00237] GRAPH END timings={'guardrail_input': 625, 'triage': 1674, 'risk': 4309, 'report': 0, 'guardrail_output': 1158}
2026-04-27 20:30:43.250 | 2026-04-27 23:30:43,248 INFO graph [REC-2026-00241] GRAPH START
2026-04-27 20:30:43.250 | 2026-04-27 23:30:43,249 INFO graph [REC-2026-00241] AGENT=guardrail_input IN text_len=82
2026-04-27 20:30:43.423 | 2026-04-27 23:30:43,423 INFO graph [REC-2026-00239] AGENT=triage OUT in 4780ms category=Cobrança Indevida product=Conta Corrente urgency=Alta
2026-04-27 20:30:43.424 | 2026-04-27 23:30:43,424 INFO graph [REC-2026-00239] AGENT=risk IN triage_keys=['category', 'product', 'sentiment', 'urgency', 'summary']
2026-04-27 20:30:43.819 | 2026-04-27 23:30:43,818 INFO agent.guardrail guardrail INPUT action=NONE
2026-04-27 20:30:43.819 | 2026-04-27 23:30:43,819 INFO graph [REC-2026-00241] AGENT=guardrail_input OUT in 571ms blocked=False reason=None
2026-04-27 20:30:43.820 | 2026-04-27 23:30:43,820 INFO graph [REC-2026-00241] AGENT=triage IN text_len=82 product_hint=Investimento
2026-04-27 20:30:48.269 | 2026-04-27 23:30:48,269 INFO agent.risk risk usou 4 trechos da política (top-k=4)
2026-04-27 20:30:48.271 | 2026-04-27 23:30:48,269 INFO graph [REC-2026-00239] AGENT=risk OUT in 4845ms level=Alto rag_chunks=4
2026-04-27 20:30:48.271 | 2026-04-27 23:30:48,269 INFO graph [REC-2026-00239] AGENT=report IN
2026-04-27 20:30:48.271 | 2026-04-27 23:30:48,269 INFO graph [REC-2026-00239] AGENT=report OUT in 0ms
2026-04-27 20:30:48.271 | 2026-04-27 23:30:48,270 INFO graph [REC-2026-00239] AGENT=guardrail_output IN
2026-04-27 20:30:49.052 | 2026-04-27 23:30:49,051 WARNING app [REC-2026-00238] tentativa 2/3 falhou — retry em 2s: An error occurred (ThrottlingException) when calling the InvokeModel operation (reached max retries: 4): Too many requests, please wait before trying again.
2026-04-27 20:30:49.559 | 2026-04-27 23:30:49,559 WARNING agent.guardrail guardrail OUTPUT bloqueou campo=risk_justification — usando regex como fallback
2026-04-27 20:30:49.559 | 2026-04-27 23:30:49,559 INFO graph [REC-2026-00239] AGENT=guardrail_output OUT in 1289ms
2026-04-27 20:30:49.560 | 2026-04-27 23:30:49,560 INFO graph [REC-2026-00239] GRAPH END timings={'guardrail_input': 616, 'triage': 4780, 'risk': 4845, 'report': 0, 'guardrail_output': 1289}
2026-04-27 20:30:49.560 | 2026-04-27 23:30:49,560 INFO graph [REC-2026-00242] GRAPH START
2026-04-27 20:30:49.562 | 2026-04-27 23:30:49,562 INFO graph [REC-2026-00242] AGENT=guardrail_input IN text_len=99
2026-04-27 20:30:50.085 | 2026-04-27 23:30:50,085 INFO graph [REC-2026-00235] AGENT=triage OUT in 7722ms category=Cobrança Indevida product=Conta Corrente urgency=Alta
2026-04-27 20:30:50.086 | 2026-04-27 23:30:50,086 INFO graph [REC-2026-00235] AGENT=risk IN triage_keys=['category', 'product', 'sentiment', 'urgency', 'summary']
2026-04-27 20:30:50.120 | 2026-04-27 23:30:50,119 INFO agent.guardrail guardrail INPUT action=NONE
2026-04-27 20:30:50.120 | 2026-04-27 23:30:50,120 INFO graph [REC-2026-00242] AGENT=guardrail_input OUT in 558ms blocked=False reason=None
2026-04-27 20:30:50.121 | 2026-04-27 23:30:50,121 INFO graph [REC-2026-00242] AGENT=triage IN text_len=99 product_hint=Empréstimo
2026-04-27 20:30:50.533 | 2026-04-27 23:30:50,532 WARNING app [REC-2026-00240] tentativa 1/3 falhou — retry em 1s: An error occurred (ThrottlingException) when calling the InvokeModel operation (reached max retries: 4): Too many requests, please wait before trying again.
2026-04-27 20:30:51.053 | 2026-04-27 23:30:51,052 INFO graph [REC-2026-00238] GRAPH START
2026-04-27 20:30:51.054 | 2026-04-27 23:30:51,054 INFO graph [REC-2026-00238] AGENT=guardrail_input IN text_len=47
2026-04-27 20:30:51.533 | 2026-04-27 23:30:51,532 INFO graph [REC-2026-00240] GRAPH START
2026-04-27 20:30:51.535 | 2026-04-27 23:30:51,535 INFO graph [REC-2026-00240] AGENT=guardrail_input IN text_len=27
2026-04-27 20:30:51.728 | 2026-04-27 23:30:51,727 INFO agent.guardrail guardrail INPUT action=NONE
2026-04-27 20:30:51.728 | 2026-04-27 23:30:51,728 INFO graph [REC-2026-00238] AGENT=guardrail_input OUT in 674ms blocked=False reason=None
2026-04-27 20:30:51.730 | 2026-04-27 23:30:51,729 INFO graph [REC-2026-00238] AGENT=triage IN text_len=47 product_hint=None
2026-04-27 20:30:52.118 | 2026-04-27 23:30:52,117 INFO agent.guardrail guardrail INPUT action=NONE
2026-04-27 20:30:52.118 | 2026-04-27 23:30:52,118 INFO graph [REC-2026-00240] AGENT=guardrail_input OUT in 583ms blocked=False reason=None
2026-04-27 20:30:52.119 | 2026-04-27 23:30:52,119 INFO graph [REC-2026-00240] AGENT=triage IN text_len=27 product_hint=Conta Corrente
2026-04-27 20:30:55.370 | 2026-04-27 23:30:55,370 WARNING app [REC-2026-00241] tentativa 1/3 falhou — retry em 1s: An error occurred (ThrottlingException) when calling the InvokeModel operation (reached max retries: 4): Too many requests, please wait before trying again.
2026-04-27 20:30:55.475 | 2026-04-27 23:30:55,475 INFO agent.risk risk usou 4 trechos da política (top-k=4)
2026-04-27 20:30:55.475 | 2026-04-27 23:30:55,475 INFO graph [REC-2026-00235] AGENT=risk OUT in 5389ms level=Médio rag_chunks=4
2026-04-27 20:30:55.476 | 2026-04-27 23:30:55,476 INFO graph [REC-2026-00235] AGENT=report IN
2026-04-27 20:30:55.476 | 2026-04-27 23:30:55,476 INFO graph [REC-2026-00235] AGENT=report OUT in 0ms
2026-04-27 20:30:55.476 | 2026-04-27 23:30:55,476 INFO graph [REC-2026-00235] AGENT=guardrail_output IN
2026-04-27 20:30:55.587 | 2026-04-27 23:30:55,586 INFO graph [REC-2026-00242] AGENT=triage OUT in 5465ms category=Cobrança Indevida product=Empréstimo urgency=Alta
2026-04-27 20:30:55.587 | 2026-04-27 23:30:55,587 INFO graph [REC-2026-00242] AGENT=risk IN triage_keys=['category', 'product', 'sentiment', 'urgency', 'summary']
2026-04-27 20:30:56.370 | 2026-04-27 23:30:56,370 INFO graph [REC-2026-00241] GRAPH START
2026-04-27 20:30:56.371 | 2026-04-27 23:30:56,371 INFO graph [REC-2026-00241] AGENT=guardrail_input IN text_len=82
2026-04-27 20:30:56.662 | 2026-04-27 23:30:56,661 INFO graph [REC-2026-00235] AGENT=guardrail_output OUT in 1185ms
2026-04-27 20:30:56.663 | 2026-04-27 23:30:56,662 INFO graph [REC-2026-00235] GRAPH END timings={'guardrail_input': 590, 'triage': 7722, 'risk': 5389, 'report': 0, 'guardrail_output': 1185}
2026-04-27 20:30:56.663 | 2026-04-27 23:30:56,663 INFO graph [REC-2026-00243] GRAPH START
2026-04-27 20:30:56.665 | 2026-04-27 23:30:56,665 INFO graph [REC-2026-00243] AGENT=guardrail_input IN text_len=37
2026-04-27 20:30:56.979 | 2026-04-27 23:30:56,978 INFO agent.guardrail guardrail INPUT action=NONE
2026-04-27 20:30:56.979 | 2026-04-27 23:30:56,979 INFO graph [REC-2026-00241] AGENT=guardrail_input OUT in 608ms blocked=False reason=None
2026-04-27 20:30:56.979 | 2026-04-27 23:30:56,979 INFO graph [REC-2026-00241] AGENT=triage IN text_len=82 product_hint=Investimento
2026-04-27 20:30:57.261 | 2026-04-27 23:30:57,260 INFO agent.guardrail guardrail INPUT action=NONE
2026-04-27 20:30:57.261 | 2026-04-27 23:30:57,260 INFO graph [REC-2026-00243] AGENT=guardrail_input OUT in 595ms blocked=False reason=None
2026-04-27 20:30:57.261 | 2026-04-27 23:30:57,261 INFO graph [REC-2026-00243] AGENT=triage IN text_len=37 product_hint=Cartão de Crédito
2026-04-27 20:30:57.872 | 2026-04-27 23:30:57,871 ERROR app [REC-2026-00238] todas 3 tentativas falharam: An error occurred (ThrottlingException) when calling the InvokeModel operation (reached max retries: 4): Too many requests, please wait before trying again.
2026-04-27 20:30:57.872 | 2026-04-27 23:30:57,871 ERROR app [REC-2026-00238] falha definitiva: An error occurred (ThrottlingException) when calling the InvokeModel operation (reached max retries: 4): Too many requests, please wait before trying again.
2026-04-27 20:30:57.872 | 2026-04-27 23:30:57,872 INFO graph [REC-2026-00244] GRAPH START
2026-04-27 20:30:57.873 | 2026-04-27 23:30:57,872 INFO graph [REC-2026-00244] AGENT=guardrail_input IN text_len=99
2026-04-27 20:30:58.445 | 2026-04-27 23:30:58,444 INFO agent.guardrail guardrail INPUT action=NONE
2026-04-27 20:30:58.445 | 2026-04-27 23:30:58,445 INFO graph [REC-2026-00244] AGENT=guardrail_input OUT in 573ms blocked=False reason=None
2026-04-27 20:30:58.445 | 2026-04-27 23:30:58,445 INFO graph [REC-2026-00244] AGENT=triage IN text_len=99 product_hint=Investimento
2026-04-27 20:31:01.105 | 2026-04-27 23:31:01,105 INFO agent.risk risk usou 4 trechos da política (top-k=4)
2026-04-27 20:31:01.105 | 2026-04-27 23:31:01,105 INFO graph [REC-2026-00242] AGENT=risk OUT in 5518ms level=Alto rag_chunks=4
2026-04-27 20:31:01.105 | 2026-04-27 23:31:01,105 INFO graph [REC-2026-00242] AGENT=report IN
2026-04-27 20:31:01.105 | 2026-04-27 23:31:01,105 INFO graph [REC-2026-00242] AGENT=report OUT in 0ms
2026-04-27 20:31:01.106 | 2026-04-27 23:31:01,105 INFO graph [REC-2026-00242] AGENT=guardrail_output IN
2026-04-27 20:31:02.456 | 2026-04-27 23:31:02,455 WARNING agent.guardrail guardrail OUTPUT bloqueou campo=risk_justification — usando regex como fallback
2026-04-27 20:31:02.456 | 2026-04-27 23:31:02,456 INFO graph [REC-2026-00242] AGENT=guardrail_output OUT in 1351ms
2026-04-27 20:31:02.457 | 2026-04-27 23:31:02,456 INFO graph [REC-2026-00242] GRAPH END timings={'guardrail_input': 558, 'triage': 5465, 'risk': 5518, 'report': 0, 'guardrail_output': 1351}
2026-04-27 20:31:02.457 | 2026-04-27 23:31:02,456 INFO graph [REC-2026-00245] GRAPH START
2026-04-27 20:31:02.458 | 2026-04-27 23:31:02,457 INFO graph [REC-2026-00245] AGENT=guardrail_input IN text_len=74
2026-04-27 20:31:02.499 | 2026-04-27 23:31:02,499 INFO graph [REC-2026-00244] AGENT=triage OUT in 4054ms category=Produto/Serviço product=Investimentos urgency=Alta
2026-04-27 20:31:02.500 | 2026-04-27 23:31:02,500 INFO graph [REC-2026-00244] AGENT=risk IN triage_keys=['category', 'product', 'sentiment', 'urgency', 'summary']
2026-04-27 20:31:02.999 | 2026-04-27 23:31:02,999 INFO agent.guardrail guardrail INPUT action=NONE
2026-04-27 20:31:02.999 | 2026-04-27 23:31:02,999 INFO graph [REC-2026-00245] AGENT=guardrail_input OUT in 542ms blocked=False reason=None
2026-04-27 20:31:03.000 | 2026-04-27 23:31:02,999 INFO graph [REC-2026-00245] AGENT=triage IN text_len=74 product_hint=None
2026-04-27 20:31:03.134 | 2026-04-27 23:31:03,134 WARNING app [REC-2026-00240] tentativa 2/3 falhou — retry em 2s: An error occurred (ThrottlingException) when calling the InvokeModel operation (reached max retries: 4): Too many requests, please wait before trying again.
2026-04-27 20:31:03.311 | 2026-04-27 23:31:03,311 WARNING app [REC-2026-00243] tentativa 1/3 falhou — retry em 1s: An error occurred (ThrottlingException) when calling the InvokeModel operation (reached max retries: 4): Too many requests, please wait before trying again.
2026-04-27 20:31:04.312 | 2026-04-27 23:31:04,311 INFO graph [REC-2026-00243] GRAPH START
2026-04-27 20:31:04.315 | 2026-04-27 23:31:04,314 INFO graph [REC-2026-00243] AGENT=guardrail_input IN text_len=37
2026-04-27 20:31:04.881 | 2026-04-27 23:31:04,881 INFO agent.guardrail guardrail INPUT action=NONE
2026-04-27 20:31:04.881 | 2026-04-27 23:31:04,881 INFO graph [REC-2026-00243] AGENT=guardrail_input OUT in 567ms blocked=False reason=None
2026-04-27 20:31:04.882 | 2026-04-27 23:31:04,882 INFO graph [REC-2026-00243] AGENT=triage IN text_len=37 product_hint=Cartão de Crédito
2026-04-27 20:31:05.135 | 2026-04-27 23:31:05,134 INFO graph [REC-2026-00240] GRAPH START
2026-04-27 20:31:05.137 | 2026-04-27 23:31:05,136 INFO graph [REC-2026-00240] AGENT=guardrail_input IN text_len=27
2026-04-27 20:31:05.722 | 2026-04-27 23:31:05,721 INFO agent.guardrail guardrail INPUT action=NONE
2026-04-27 20:31:05.723 | 2026-04-27 23:31:05,722 INFO graph [REC-2026-00240] AGENT=guardrail_input OUT in 586ms blocked=False reason=None
2026-04-27 20:31:05.724 | 2026-04-27 23:31:05,723 INFO graph [REC-2026-00240] AGENT=triage IN text_len=27 product_hint=Conta Corrente
2026-04-27 20:31:06.016 | 2026-04-27 23:31:06,015 WARNING app [REC-2026-00241] tentativa 2/3 falhou — retry em 2s: An error occurred (ThrottlingException) when calling the InvokeModel operation (reached max retries: 4): Too many requests, please wait before trying again.
2026-04-27 20:31:07.186 | 2026-04-27 23:31:07,185 INFO agent.risk risk usou 4 trechos da política (top-k=4)
2026-04-27 20:31:07.186 | 2026-04-27 23:31:07,185 INFO graph [REC-2026-00244] AGENT=risk OUT in 4685ms level=Alto rag_chunks=4
2026-04-27 20:31:07.186 | 2026-04-27 23:31:07,186 INFO graph [REC-2026-00244] AGENT=report IN
2026-04-27 20:31:07.186 | 2026-04-27 23:31:07,186 INFO graph [REC-2026-00244] AGENT=report OUT in 0ms
2026-04-27 20:31:07.187 | 2026-04-27 23:31:07,186 INFO graph [REC-2026-00244] AGENT=guardrail_output IN
2026-04-27 20:31:07.493 | 2026-04-27 23:31:07,492 INFO graph [REC-2026-00240] AGENT=triage OUT in 1769ms category=Cobrança Indevida product=Conta Corrente urgency=Alta
2026-04-27 20:31:07.493 | 2026-04-27 23:31:07,493 INFO graph [REC-2026-00240] AGENT=risk IN triage_keys=['category', 'product', 'sentiment', 'urgency', 'summary']
2026-04-27 20:31:08.016 | 2026-04-27 23:31:08,016 INFO graph [REC-2026-00241] GRAPH START
2026-04-27 20:31:08.017 | 2026-04-27 23:31:08,017 INFO graph [REC-2026-00241] AGENT=guardrail_input IN text_len=82
2026-04-27 20:31:08.457 | 2026-04-27 23:31:08,457 INFO graph [REC-2026-00244] AGENT=guardrail_output OUT in 1271ms
2026-04-27 20:31:08.458 | 2026-04-27 23:31:08,458 INFO graph [REC-2026-00244] GRAPH END timings={'guardrail_input': 573, 'triage': 4054, 'risk': 4685, 'report': 0, 'guardrail_output': 1271}
2026-04-27 20:31:08.458 | 2026-04-27 23:31:08,458 INFO graph [REC-2026-00246] GRAPH START
2026-04-27 20:31:08.459 | 2026-04-27 23:31:08,459 INFO graph [REC-2026-00246] AGENT=guardrail_input IN text_len=123
2026-04-27 20:31:08.548 | 2026-04-27 23:31:08,547 INFO agent.guardrail guardrail INPUT action=NONE
2026-04-27 20:31:08.548 | 2026-04-27 23:31:08,547 INFO graph [REC-2026-00241] AGENT=guardrail_input OUT in 530ms blocked=False reason=None
2026-04-27 20:31:08.549 | 2026-04-27 23:31:08,549 INFO graph [REC-2026-00241] AGENT=triage IN text_len=82 product_hint=Investimento
2026-04-27 20:31:09.036 | 2026-04-27 23:31:09,035 INFO agent.guardrail guardrail INPUT action=NONE
2026-04-27 20:31:09.036 | 2026-04-27 23:31:09,035 INFO graph [REC-2026-00246] AGENT=guardrail_input OUT in 576ms blocked=False reason=None
2026-04-27 20:31:09.036 | 2026-04-27 23:31:09,036 INFO graph [REC-2026-00246] AGENT=triage IN text_len=123 product_hint=Seguro
2026-04-27 20:31:12.822 | 2026-04-27 23:31:12,822 INFO agent.risk risk usou 4 trechos da política (top-k=4)
2026-04-27 20:31:12.822 | 2026-04-27 23:31:12,822 INFO graph [REC-2026-00240] AGENT=risk OUT in 5329ms level=Alto rag_chunks=4
2026-04-27 20:31:12.822 | 2026-04-27 23:31:12,822 INFO graph [REC-2026-00240] AGENT=report IN
2026-04-27 20:31:12.822 | 2026-04-27 23:31:12,822 INFO graph [REC-2026-00240] AGENT=report OUT in 0ms
2026-04-27 20:31:12.823 | 2026-04-27 23:31:12,823 INFO graph [REC-2026-00240] AGENT=guardrail_output IN
2026-04-27 20:31:13.274 | 2026-04-27 23:31:13,274 WARNING app [REC-2026-00245] tentativa 1/3 falhou — retry em 1s: An error occurred (ThrottlingException) when calling the InvokeModel operation (reached max retries: 4): Too many requests, please wait before trying again.
2026-04-27 20:31:14.199 | 2026-04-27 23:31:14,198 WARNING app [REC-2026-00243] tentativa 2/3 falhou — retry em 2s: An error occurred (ThrottlingException) when calling the InvokeModel operation (reached max retries: 4): Too many requests, please wait before trying again.
2026-04-27 20:31:14.215 | 2026-04-27 23:31:14,215 INFO graph [REC-2026-00241] AGENT=triage OUT in 5666ms category=Cobrança Indevida product=Investimentos urgency=Alta
2026-04-27 20:31:14.216 | 2026-04-27 23:31:14,215 INFO graph [REC-2026-00241] AGENT=risk IN triage_keys=['category', 'product', 'sentiment', 'urgency', 'summary']
2026-04-27 20:31:14.229 | 2026-04-27 23:31:14,229 INFO graph [REC-2026-00240] AGENT=guardrail_output OUT in 1406ms
2026-04-27 20:31:14.230 | 2026-04-27 23:31:14,230 INFO graph [REC-2026-00240] GRAPH END timings={'guardrail_input': 586, 'triage': 1769, 'risk': 5329, 'report': 0, 'guardrail_output': 1406}
2026-04-27 20:31:14.230 | 2026-04-27 23:31:14,230 INFO graph [REC-2026-00247] GRAPH START
2026-04-27 20:31:14.233 | 2026-04-27 23:31:14,232 INFO graph [REC-2026-00247] AGENT=guardrail_input IN text_len=87
2026-04-27 20:31:14.275 | 2026-04-27 23:31:14,274 INFO graph [REC-2026-00245] GRAPH START
2026-04-27 20:31:14.276 | 2026-04-27 23:31:14,275 INFO graph [REC-2026-00245] AGENT=guardrail_input IN text_len=74
2026-04-27 20:31:14.826 | 2026-04-27 23:31:14,826 INFO agent.guardrail guardrail INPUT action=NONE
2026-04-27 20:31:14.827 | 2026-04-27 23:31:14,826 INFO graph [REC-2026-00247] AGENT=guardrail_input OUT in 594ms blocked=False reason=None
2026-04-27 20:31:14.828 | 2026-04-27 23:31:14,827 INFO graph [REC-2026-00247] AGENT=triage IN text_len=87 product_hint=Empréstimo
2026-04-27 20:31:14.879 | 2026-04-27 23:31:14,878 INFO agent.guardrail guardrail INPUT action=NONE
2026-04-27 20:31:14.879 | 2026-04-27 23:31:14,879 INFO graph [REC-2026-00245] AGENT=guardrail_input OUT in 604ms blocked=False reason=None
2026-04-27 20:31:14.881 | 2026-04-27 23:31:14,880 INFO graph [REC-2026-00245] AGENT=triage IN text_len=74 product_hint=None
2026-04-27 20:31:16.199 | 2026-04-27 23:31:16,199 INFO graph [REC-2026-00243] GRAPH START
2026-04-27 20:31:16.201 | 2026-04-27 23:31:16,201 INFO graph [REC-2026-00243] AGENT=guardrail_input IN text_len=37
2026-04-27 20:31:16.290 | 2026-04-27 23:31:16,289 WARNING app [REC-2026-00246] tentativa 1/3 falhou — retry em 1s: An error occurred (ThrottlingException) when calling the InvokeModel operation (reached max retries: 4): Too many requests, please wait before trying again.
2026-04-27 20:31:16.759 | 2026-04-27 23:31:16,758 INFO agent.guardrail guardrail INPUT action=NONE
2026-04-27 20:31:16.759 | 2026-04-27 23:31:16,759 INFO graph [REC-2026-00243] AGENT=guardrail_input OUT in 558ms blocked=False reason=None
2026-04-27 20:31:16.760 | 2026-04-27 23:31:16,759 INFO graph [REC-2026-00243] AGENT=triage IN text_len=37 product_hint=Cartão de Crédito
2026-04-27 20:31:17.290 | 2026-04-27 23:31:17,290 INFO graph [REC-2026-00246] GRAPH START
2026-04-27 20:31:17.293 | 2026-04-27 23:31:17,292 INFO graph [REC-2026-00246] AGENT=guardrail_input IN text_len=123
2026-04-27 20:31:17.882 | 2026-04-27 23:31:17,882 INFO agent.guardrail guardrail INPUT action=NONE
2026-04-27 20:31:17.882 | 2026-04-27 23:31:17,882 INFO graph [REC-2026-00246] AGENT=guardrail_input OUT in 590ms blocked=False reason=None
2026-04-27 20:31:17.883 | 2026-04-27 23:31:17,883 INFO graph [REC-2026-00246] AGENT=triage IN text_len=123 product_hint=Seguro
2026-04-27 20:31:18.884 | 2026-04-27 23:31:18,884 INFO agent.risk risk usou 4 trechos da política (top-k=4)
2026-04-27 20:31:18.884 | 2026-04-27 23:31:18,884 INFO graph [REC-2026-00241] AGENT=risk OUT in 4669ms level=Alto rag_chunks=4
2026-04-27 20:31:18.885 | 2026-04-27 23:31:18,885 INFO graph [REC-2026-00241] AGENT=report IN
2026-04-27 20:31:18.885 | 2026-04-27 23:31:18,885 INFO graph [REC-2026-00241] AGENT=report OUT in 0ms
2026-04-27 20:31:18.886 | 2026-04-27 23:31:18,886 INFO graph [REC-2026-00241] AGENT=guardrail_output IN
2026-04-27 20:31:19.669 | 2026-04-27 23:31:19,669 INFO graph [REC-2026-00246] AGENT=triage OUT in 1786ms category=Produto/Serviço product=Seguros urgency=Média
2026-04-27 20:31:19.670 | 2026-04-27 23:31:19,670 INFO graph [REC-2026-00246] AGENT=risk IN triage_keys=['category', 'product', 'sentiment', 'urgency', 'summary']
2026-04-27 20:31:20.055 | 2026-04-27 23:31:20,054 INFO graph [REC-2026-00241] AGENT=guardrail_output OUT in 1168ms
2026-04-27 20:31:20.056 | 2026-04-27 23:31:20,055 INFO graph [REC-2026-00241] GRAPH END timings={'guardrail_input': 530, 'triage': 5666, 'risk': 4669, 'report': 0, 'guardrail_output': 1168}
2026-04-27 20:31:20.056 | 2026-04-27 23:31:20,056 INFO graph [REC-2026-00248] GRAPH START
2026-04-27 20:31:20.058 | 2026-04-27 23:31:20,058 INFO graph [REC-2026-00248] AGENT=guardrail_input IN text_len=77
2026-04-27 20:31:20.522 | 2026-04-27 23:31:20,522 WARNING app [REC-2026-00245] tentativa 2/3 falhou — retry em 2s: An error occurred (ThrottlingException) when calling the InvokeModel operation (reached max retries: 4): Too many requests, please wait before trying again.
2026-04-27 20:31:20.649 | 2026-04-27 23:31:20,649 INFO agent.guardrail guardrail INPUT action=NONE
2026-04-27 20:31:20.650 | 2026-04-27 23:31:20,649 INFO graph [REC-2026-00248] AGENT=guardrail_input OUT in 591ms blocked=False reason=None
2026-04-27 20:31:20.651 | 2026-04-27 23:31:20,650 INFO graph [REC-2026-00248] AGENT=triage IN text_len=77 product_hint=None
2026-04-27 20:31:22.075 | 2026-04-27 23:31:22,074 ERROR app [REC-2026-00243] todas 3 tentativas falharam: An error occurred (ThrottlingException) when calling the InvokeModel operation (reached max retries: 4): Too many requests, please wait before trying again.
2026-04-27 20:31:22.075 | 2026-04-27 23:31:22,074 ERROR app [REC-2026-00243] falha definitiva: An error occurred (ThrottlingException) when calling the InvokeModel operation (reached max retries: 4): Too many requests, please wait before trying again.
2026-04-27 20:31:22.075 | 2026-04-27 23:31:22,075 INFO graph [REC-2026-00249] GRAPH START
2026-04-27 20:31:22.077 | 2026-04-27 23:31:22,077 INFO graph [REC-2026-00249] AGENT=guardrail_input IN text_len=93
2026-04-27 20:31:22.215 | 2026-04-27 23:31:22,214 WARNING app [REC-2026-00247] tentativa 1/3 falhou — retry em 1s: An error occurred (ThrottlingException) when calling the InvokeModel operation (reached max retries: 4): Too many requests, please wait before trying again.
2026-04-27 20:31:22.523 | 2026-04-27 23:31:22,522 INFO graph [REC-2026-00245] GRAPH START
2026-04-27 20:31:22.525 | 2026-04-27 23:31:22,524 INFO graph [REC-2026-00245] AGENT=guardrail_input IN text_len=74
2026-04-27 20:31:22.680 | 2026-04-27 23:31:22,679 INFO agent.guardrail guardrail INPUT action=NONE
2026-04-27 20:31:22.680 | 2026-04-27 23:31:22,680 INFO graph [REC-2026-00249] AGENT=guardrail_input OUT in 603ms blocked=False reason=None
2026-04-27 20:31:22.681 | 2026-04-27 23:31:22,680 INFO graph [REC-2026-00249] AGENT=triage IN text_len=93 product_hint=PIX
2026-04-27 20:31:23.100 | 2026-04-27 23:31:23,099 INFO agent.guardrail guardrail INPUT action=NONE
2026-04-27 20:31:23.100 | 2026-04-27 23:31:23,100 INFO graph [REC-2026-00245] AGENT=guardrail_input OUT in 576ms blocked=False reason=None
2026-04-27 20:31:23.101 | 2026-04-27 23:31:23,101 INFO graph [REC-2026-00245] AGENT=triage IN text_len=74 product_hint=None
2026-04-27 20:31:23.215 | 2026-04-27 23:31:23,215 INFO graph [REC-2026-00247] GRAPH START
2026-04-27 20:31:23.216 | 2026-04-27 23:31:23,216 INFO graph [REC-2026-00247] AGENT=guardrail_input IN text_len=87
2026-04-27 20:31:23.807 | 2026-04-27 23:31:23,807 INFO agent.guardrail guardrail INPUT action=NONE
2026-04-27 20:31:23.807 | 2026-04-27 23:31:23,807 INFO graph [REC-2026-00247] AGENT=guardrail_input OUT in 591ms blocked=False reason=None
2026-04-27 20:31:23.808 | 2026-04-27 23:31:23,808 INFO graph [REC-2026-00247] AGENT=triage IN text_len=87 product_hint=Empréstimo
2026-04-27 20:31:24.604 | 2026-04-27 23:31:24,603 INFO agent.risk risk usou 4 trechos da política (top-k=4)
2026-04-27 20:31:24.604 | 2026-04-27 23:31:24,604 INFO graph [REC-2026-00246] AGENT=risk OUT in 4933ms level=Alto rag_chunks=4
2026-04-27 20:31:24.605 | 2026-04-27 23:31:24,604 INFO graph [REC-2026-00246] AGENT=report IN
2026-04-27 20:31:24.605 | 2026-04-27 23:31:24,604 INFO graph [REC-2026-00246] AGENT=report OUT in 0ms
2026-04-27 20:31:24.605 | 2026-04-27 23:31:24,605 INFO graph [REC-2026-00246] AGENT=guardrail_output IN
2026-04-27 20:31:25.639 | 2026-04-27 23:31:25,638 INFO graph [REC-2026-00247] AGENT=triage OUT in 1830ms category=Produto/Serviço product=Empréstimo urgency=Alta
2026-04-27 20:31:25.639 | 2026-04-27 23:31:25,639 INFO graph [REC-2026-00247] AGENT=risk IN triage_keys=['category', 'product', 'sentiment', 'urgency', 'summary']
2026-04-27 20:31:25.720 | 2026-04-27 23:31:25,719 INFO graph [REC-2026-00246] AGENT=guardrail_output OUT in 1114ms
2026-04-27 20:31:25.720 | 2026-04-27 23:31:25,720 INFO graph [REC-2026-00246] GRAPH END timings={'guardrail_input': 590, 'triage': 1786, 'risk': 4933, 'report': 0, 'guardrail_output': 1114}
2026-04-27 20:31:25.720 | 2026-04-27 23:31:25,720 INFO graph [REC-2026-00250] GRAPH START
2026-04-27 20:31:25.722 | 2026-04-27 23:31:25,722 INFO graph [REC-2026-00250] AGENT=guardrail_input IN text_len=61
2026-04-27 20:31:26.307 | 2026-04-27 23:31:26,305 INFO agent.guardrail guardrail INPUT action=NONE
2026-04-27 20:31:26.307 | 2026-04-27 23:31:26,306 INFO graph [REC-2026-00250] AGENT=guardrail_input OUT in 584ms blocked=False reason=None
2026-04-27 20:31:26.308 | 2026-04-27 23:31:26,307 INFO graph [REC-2026-00250] AGENT=triage IN text_len=61 product_hint=None
2026-04-27 20:31:26.551 | 2026-04-27 23:31:26,550 WARNING app [REC-2026-00248] tentativa 1/3 falhou — retry em 1s: An error occurred (ThrottlingException) when calling the InvokeModel operation (reached max retries: 4): Too many requests, please wait before trying again.
2026-04-27 20:31:27.551 | 2026-04-27 23:31:27,551 INFO graph [REC-2026-00248] GRAPH START
2026-04-27 20:31:27.553 | 2026-04-27 23:31:27,553 INFO graph [REC-2026-00248] AGENT=guardrail_input IN text_len=77
2026-04-27 20:31:28.120 | 2026-04-27 23:31:28,119 INFO agent.guardrail guardrail INPUT action=NONE
2026-04-27 20:31:28.120 | 2026-04-27 23:31:28,119 INFO graph [REC-2026-00248] AGENT=guardrail_input OUT in 566ms blocked=False reason=None
2026-04-27 20:31:28.121 | 2026-04-27 23:31:28,121 INFO graph [REC-2026-00248] AGENT=triage IN text_len=77 product_hint=None
2026-04-27 20:31:29.507 | 2026-04-27 23:31:29,506 WARNING app [REC-2026-00249] tentativa 1/3 falhou — retry em 1s: An error occurred (ThrottlingException) when calling the InvokeModel operation (reached max retries: 4): Too many requests, please wait before trying again.
2026-04-27 20:31:30.507 | 2026-04-27 23:31:30,506 INFO graph [REC-2026-00249] GRAPH START
2026-04-27 20:31:30.509 | 2026-04-27 23:31:30,508 INFO graph [REC-2026-00249] AGENT=guardrail_input IN text_len=93
2026-04-27 20:31:30.824 | 2026-04-27 23:31:30,824 INFO agent.risk risk usou 4 trechos da política (top-k=4)
2026-04-27 20:31:30.824 | 2026-04-27 23:31:30,824 INFO graph [REC-2026-00247] AGENT=risk OUT in 5185ms level=Alto rag_chunks=4
2026-04-27 20:31:30.825 | 2026-04-27 23:31:30,825 INFO graph [REC-2026-00247] AGENT=report IN
2026-04-27 20:31:30.825 | 2026-04-27 23:31:30,825 INFO graph [REC-2026-00247] AGENT=report OUT in 0ms
2026-04-27 20:31:30.826 | 2026-04-27 23:31:30,826 INFO graph [REC-2026-00247] AGENT=guardrail_output IN
2026-04-27 20:31:31.084 | 2026-04-27 23:31:31,084 ERROR app [REC-2026-00245] todas 3 tentativas falharam: An error occurred (ThrottlingException) when calling the InvokeModel operation (reached max retries: 4): Too many requests, please wait before trying again.
2026-04-27 20:31:31.084 | 2026-04-27 23:31:31,084 ERROR app [REC-2026-00245] falha definitiva: An error occurred (ThrottlingException) when calling the InvokeModel operation (reached max retries: 4): Too many requests, please wait before trying again.
2026-04-27 20:31:31.085 | 2026-04-27 23:31:31,084 INFO graph [REC-2026-00251] GRAPH START
2026-04-27 20:31:31.087 | 2026-04-27 23:31:31,085 INFO agent.guardrail guardrail INPUT action=NONE
2026-04-27 20:31:31.088 | 2026-04-27 23:31:31,088 INFO graph [REC-2026-00251] AGENT=guardrail_input IN text_len=117
2026-04-27 20:31:31.090 | 2026-04-27 23:31:31,088 INFO graph [REC-2026-00249] AGENT=guardrail_input OUT in 580ms blocked=False reason=None
2026-04-27 20:31:31.090 | 2026-04-27 23:31:31,090 INFO graph [REC-2026-00249] AGENT=triage IN text_len=93 product_hint=PIX
2026-04-27 20:31:31.669 | 2026-04-27 23:31:31,668 INFO agent.guardrail guardrail INPUT action=NONE
2026-04-27 20:31:31.670 | 2026-04-27 23:31:31,670 INFO graph [REC-2026-00251] AGENT=guardrail_input OUT in 582ms blocked=False reason=None
2026-04-27 20:31:31.672 | 2026-04-27 23:31:31,671 INFO graph [REC-2026-00250] AGENT=triage OUT in 5364ms category=Outros product=Não Identificado urgency=Baixa
2026-04-27 20:31:31.673 | 2026-04-27 23:31:31,672 INFO graph [REC-2026-00251] AGENT=triage IN text_len=117 product_hint=Conta Corrente
2026-04-27 20:31:31.675 | 2026-04-27 23:31:31,673 INFO graph [REC-2026-00250] AGENT=risk IN triage_keys=['category', 'product', 'sentiment', 'urgency', 'summary']
2026-04-27 20:31:31.958 | 2026-04-27 23:31:31,958 INFO graph [REC-2026-00247] AGENT=guardrail_output OUT in 1132ms
2026-04-27 20:31:31.960 | 2026-04-27 23:31:31,959 INFO graph [REC-2026-00247] GRAPH END timings={'guardrail_input': 591, 'triage': 1830, 'risk': 5185, 'report': 0, 'guardrail_output': 1132}
2026-04-27 20:31:31.960 | 2026-04-27 23:31:31,960 INFO graph [REC-2026-00252] GRAPH START
2026-04-27 20:31:31.962 | 2026-04-27 23:31:31,962 INFO graph [REC-2026-00252] AGENT=guardrail_input IN text_len=100
2026-04-27 20:31:32.545 | 2026-04-27 23:31:32,544 INFO agent.guardrail guardrail INPUT action=NONE
2026-04-27 20:31:32.545 | 2026-04-27 23:31:32,544 INFO graph [REC-2026-00252] AGENT=guardrail_input OUT in 582ms blocked=False reason=None
2026-04-27 20:31:32.545 | 2026-04-27 23:31:32,545 INFO graph [REC-2026-00252] AGENT=triage IN text_len=100 product_hint=Cartão de Crédito
2026-04-27 20:31:35.110 | 2026-04-27 23:31:35,110 WARNING app [REC-2026-00248] tentativa 2/3 falhou — retry em 2s: An error occurred (ThrottlingException) when calling the InvokeModel operation (reached max retries: 4): Too many requests, please wait before trying again.
2026-04-27 20:31:35.424 | 2026-04-27 23:31:35,423 INFO agent.risk risk usou 4 trechos da política (top-k=4)
2026-04-27 20:31:35.424 | 2026-04-27 23:31:35,423 INFO graph [REC-2026-00250] AGENT=risk OUT in 3750ms level=Baixo rag_chunks=4
2026-04-27 20:31:35.424 | 2026-04-27 23:31:35,424 INFO graph [REC-2026-00250] AGENT=report IN
2026-04-27 20:31:35.424 | 2026-04-27 23:31:35,424 INFO graph [REC-2026-00250] AGENT=report OUT in 0ms
2026-04-27 20:31:35.425 | 2026-04-27 23:31:35,425 INFO graph [REC-2026-00250] AGENT=guardrail_output IN
2026-04-27 20:31:36.700 | 2026-04-27 23:31:36,699 INFO graph [REC-2026-00250] AGENT=guardrail_output OUT in 1274ms
2026-04-27 20:31:36.700 | 2026-04-27 23:31:36,700 INFO graph [REC-2026-00250] GRAPH END timings={'guardrail_input': 584, 'triage': 5364, 'risk': 3750, 'report': 0, 'guardrail_output': 1274}
2026-04-27 20:31:36.701 | 2026-04-27 23:31:36,700 INFO graph [REC-2026-00253] GRAPH START
2026-04-27 20:31:36.702 | 2026-04-27 23:31:36,702 INFO graph [REC-2026-00253] AGENT=guardrail_input IN text_len=120
2026-04-27 20:31:37.113 | 2026-04-27 23:31:37,110 INFO graph [REC-2026-00248] GRAPH START
2026-04-27 20:31:37.115 | 2026-04-27 23:31:37,114 INFO graph [REC-2026-00248] AGENT=guardrail_input IN text_len=77
2026-04-27 20:31:37.341 | 2026-04-27 23:31:37,341 INFO agent.guardrail guardrail INPUT action=NONE
2026-04-27 20:31:37.341 | 2026-04-27 23:31:37,341 INFO graph [REC-2026-00253] AGENT=guardrail_input OUT in 639ms blocked=False reason=None
2026-04-27 20:31:37.342 | 2026-04-27 23:31:37,342 INFO graph [REC-2026-00253] AGENT=triage IN text_len=120 product_hint=Cartão de Crédito
2026-04-27 20:31:37.589 | 2026-04-27 23:31:37,589 INFO graph [REC-2026-00249] AGENT=triage OUT in 6499ms category=Produto/Serviço product=Conta Corrente urgency=Alta
2026-04-27 20:31:37.589 | 2026-04-27 23:31:37,589 INFO graph [REC-2026-00249] AGENT=risk IN triage_keys=['category', 'product', 'sentiment', 'urgency', 'summary']
2026-04-27 20:31:37.708 | 2026-04-27 23:31:37,708 INFO agent.guardrail guardrail INPUT action=NONE
2026-04-27 20:31:37.708 | 2026-04-27 23:31:37,708 INFO graph [REC-2026-00248] AGENT=guardrail_input OUT in 594ms blocked=False reason=None
2026-04-27 20:31:37.709 | 2026-04-27 23:31:37,709 INFO graph [REC-2026-00248] AGENT=triage IN text_len=77 product_hint=None
2026-04-27 20:31:40.891 | 2026-04-27 23:31:40,891 WARNING app [REC-2026-00253] tentativa 1/3 falhou — retry em 1s: An error occurred (ThrottlingException) when calling the InvokeModel operation (reached max retries: 4): Too many requests, please wait before trying again.
2026-04-27 20:31:41.140 | 2026-04-27 23:31:41,140 WARNING app [REC-2026-00252] tentativa 1/3 falhou — retry em 1s: An error occurred (ThrottlingException) when calling the InvokeModel operation (reached max retries: 4): Too many requests, please wait before trying again.
2026-04-27 20:31:41.892 | 2026-04-27 23:31:41,891 INFO graph [REC-2026-00253] GRAPH START
2026-04-27 20:31:41.893 | 2026-04-27 23:31:41,893 INFO graph [REC-2026-00253] AGENT=guardrail_input IN text_len=120
2026-04-27 20:31:41.954 | 2026-04-27 23:31:41,954 INFO agent.risk risk usou 4 trechos da política (top-k=4)
2026-04-27 20:31:41.954 | 2026-04-27 23:31:41,954 INFO graph [REC-2026-00249] AGENT=risk OUT in 4365ms level=Médio rag_chunks=4
2026-04-27 20:31:41.955 | 2026-04-27 23:31:41,955 INFO graph [REC-2026-00249] AGENT=report IN
2026-04-27 20:31:41.955 | 2026-04-27 23:31:41,955 INFO graph [REC-2026-00249] AGENT=report OUT in 0ms
2026-04-27 20:31:41.956 | 2026-04-27 23:31:41,955 INFO graph [REC-2026-00249] AGENT=guardrail_output IN
2026-04-27 20:31:42.141 | 2026-04-27 23:31:42,140 INFO graph [REC-2026-00252] GRAPH START
2026-04-27 20:31:42.142 | 2026-04-27 23:31:42,142 INFO graph [REC-2026-00252] AGENT=guardrail_input IN text_len=100
2026-04-27 20:31:42.478 | 2026-04-27 23:31:42,477 INFO agent.guardrail guardrail INPUT action=NONE
2026-04-27 20:31:42.478 | 2026-04-27 23:31:42,478 INFO graph [REC-2026-00253] AGENT=guardrail_input OUT in 585ms blocked=False reason=None
2026-04-27 20:31:42.479 | 2026-04-27 23:31:42,478 INFO graph [REC-2026-00253] AGENT=triage IN text_len=120 product_hint=Cartão de Crédito
2026-04-27 20:31:42.715 | 2026-04-27 23:31:42,715 INFO agent.guardrail guardrail INPUT action=NONE
2026-04-27 20:31:42.715 | 2026-04-27 23:31:42,715 INFO graph [REC-2026-00252] AGENT=guardrail_input OUT in 573ms blocked=False reason=None
2026-04-27 20:31:42.717 | 2026-04-27 23:31:42,716 INFO graph [REC-2026-00252] AGENT=triage IN text_len=100 product_hint=Cartão de Crédito
2026-04-27 20:31:43.166 | 2026-04-27 23:31:43,166 INFO graph [REC-2026-00249] AGENT=guardrail_output OUT in 1211ms
2026-04-27 20:31:43.167 | 2026-04-27 23:31:43,167 INFO graph [REC-2026-00249] GRAPH END timings={'guardrail_input': 580, 'triage': 6499, 'risk': 4365, 'report': 0, 'guardrail_output': 1211}
2026-04-27 20:31:43.167 | 2026-04-27 23:31:43,167 INFO graph [REC-2026-00254] GRAPH START
2026-04-27 20:31:43.169 | 2026-04-27 23:31:43,169 INFO graph [REC-2026-00254] AGENT=guardrail_input IN text_len=91
2026-04-27 20:31:43.633 | 2026-04-27 23:31:43,632 WARNING app [REC-2026-00251] tentativa 1/3 falhou — retry em 1s: An error occurred (ThrottlingException) when calling the InvokeModel operation (reached max retries: 4): Too many requests, please wait before trying again.
2026-04-27 20:31:43.763 | 2026-04-27 23:31:43,762 INFO agent.guardrail guardrail INPUT action=NONE
2026-04-27 20:31:43.763 | 2026-04-27 23:31:43,762 INFO graph [REC-2026-00254] AGENT=guardrail_input OUT in 593ms blocked=False reason=None
2026-04-27 20:31:43.764 | 2026-04-27 23:31:43,763 INFO graph [REC-2026-00254] AGENT=triage IN text_len=91 product_hint=None
2026-04-27 20:31:44.173 | 2026-04-27 23:31:44,172 INFO graph [REC-2026-00253] AGENT=triage OUT in 1694ms category=Fraude/Segurança product=Cartão de Crédito urgency=Alta
2026-04-27 20:31:44.174 | 2026-04-27 23:31:44,173 INFO graph [REC-2026-00253] AGENT=risk IN triage_keys=['category', 'product', 'sentiment', 'urgency', 'summary']
2026-04-27 20:31:44.633 | 2026-04-27 23:31:44,632 INFO graph [REC-2026-00251] GRAPH START
2026-04-27 20:31:44.634 | 2026-04-27 23:31:44,634 INFO graph [REC-2026-00251] AGENT=guardrail_input IN text_len=117
2026-04-27 20:31:45.207 | 2026-04-27 23:31:45,206 INFO agent.guardrail guardrail INPUT action=NONE
2026-04-27 20:31:45.207 | 2026-04-27 23:31:45,207 INFO graph [REC-2026-00251] AGENT=guardrail_input OUT in 573ms blocked=False reason=None
2026-04-27 20:31:45.208 | 2026-04-27 23:31:45,208 INFO graph [REC-2026-00251] AGENT=triage IN text_len=117 product_hint=Conta Corrente
2026-04-27 20:31:48.758 | 2026-04-27 23:31:48,758 WARNING app [REC-2026-00252] tentativa 2/3 falhou — retry em 2s: An error occurred (ThrottlingException) when calling the InvokeModel operation (reached max retries: 4): Too many requests, please wait before trying again.
2026-04-27 20:31:49.057 | 2026-04-27 23:31:49,056 INFO agent.risk risk usou 4 trechos da política (top-k=4)
2026-04-27 20:31:49.057 | 2026-04-27 23:31:49,056 INFO graph [REC-2026-00253] AGENT=risk OUT in 4883ms level=Alto rag_chunks=4
2026-04-27 20:31:49.058 | 2026-04-27 23:31:49,057 INFO graph [REC-2026-00253] AGENT=report IN
2026-04-27 20:31:49.058 | 2026-04-27 23:31:49,058 INFO graph [REC-2026-00253] AGENT=report OUT in 0ms
2026-04-27 20:31:49.059 | 2026-04-27 23:31:49,058 INFO graph [REC-2026-00253] AGENT=guardrail_output IN
2026-04-27 20:31:49.687 | 2026-04-27 23:31:49,686 INFO graph [REC-2026-00254] AGENT=triage OUT in 5923ms category=Cobrança Indevida product=Não Identificado urgency=Média
2026-04-27 20:31:49.688 | 2026-04-27 23:31:49,687 INFO graph [REC-2026-00254] AGENT=risk IN triage_keys=['category', 'product', 'sentiment', 'urgency', 'summary']
2026-04-27 20:31:50.270 | 2026-04-27 23:31:50,269 INFO graph [REC-2026-00253] AGENT=guardrail_output OUT in 1211ms
2026-04-27 20:31:50.271 | 2026-04-27 23:31:50,270 INFO graph [REC-2026-00253] GRAPH END timings={'guardrail_input': 585, 'triage': 1694, 'risk': 4883, 'report': 0, 'guardrail_output': 1211}
2026-04-27 20:31:50.271 | 2026-04-27 23:31:50,270 INFO graph [REC-2026-00255] GRAPH START
2026-04-27 20:31:50.272 | 2026-04-27 23:31:50,272 INFO graph [REC-2026-00255] AGENT=guardrail_input IN text_len=82
2026-04-27 20:31:50.759 | 2026-04-27 23:31:50,758 INFO graph [REC-2026-00252] GRAPH START
2026-04-27 20:31:50.759 | 2026-04-27 23:31:50,759 INFO graph [REC-2026-00252] AGENT=guardrail_input IN text_len=100
2026-04-27 20:31:50.769 | 2026-04-27 23:31:50,768 ERROR app [REC-2026-00248] todas 3 tentativas falharam: An error occurred (ThrottlingException) when calling the InvokeModel operation (reached max retries: 4): Too many requests, please wait before trying again.
2026-04-27 20:31:50.769 | 2026-04-27 23:31:50,768 ERROR app [REC-2026-00248] falha definitiva: An error occurred (ThrottlingException) when calling the InvokeModel operation (reached max retries: 4): Too many requests, please wait before trying again.
2026-04-27 20:31:50.769 | 2026-04-27 23:31:50,769 INFO graph [REC-2026-00256] GRAPH START
2026-04-27 20:31:50.770 | 2026-04-27 23:31:50,770 INFO graph [REC-2026-00256] AGENT=guardrail_input IN text_len=54
2026-04-27 20:31:50.867 | 2026-04-27 23:31:50,866 INFO agent.guardrail guardrail INPUT action=NONE
2026-04-27 20:31:50.867 | 2026-04-27 23:31:50,866 INFO graph [REC-2026-00255] AGENT=guardrail_input OUT in 594ms blocked=False reason=None
2026-04-27 20:31:50.867 | 2026-04-27 23:31:50,867 INFO graph [REC-2026-00255] AGENT=triage IN text_len=82 product_hint=Poupança
2026-04-27 20:31:51.309 | 2026-04-27 23:31:51,309 INFO agent.guardrail guardrail INPUT action=NONE
2026-04-27 20:31:51.310 | 2026-04-27 23:31:51,309 INFO graph [REC-2026-00252] AGENT=guardrail_input OUT in 550ms blocked=False reason=None
2026-04-27 20:31:51.311 | 2026-04-27 23:31:51,310 INFO graph [REC-2026-00252] AGENT=triage IN text_len=100 product_hint=Cartão de Crédito
2026-04-27 20:31:51.339 | 2026-04-27 23:31:51,339 INFO agent.guardrail guardrail INPUT action=NONE
2026-04-27 20:31:51.339 | 2026-04-27 23:31:51,339 INFO graph [REC-2026-00256] AGENT=guardrail_input OUT in 569ms blocked=False reason=None
2026-04-27 20:31:51.340 | 2026-04-27 23:31:51,340 INFO graph [REC-2026-00256] AGENT=triage IN text_len=54 product_hint=None
2026-04-27 20:31:54.082 | 2026-04-27 23:31:54,081 WARNING app [REC-2026-00251] tentativa 2/3 falhou — retry em 2s: An error occurred (ThrottlingException) when calling the InvokeModel operation (reached max retries: 4): Too many requests, please wait before trying again.
2026-04-27 20:31:54.410 | 2026-04-27 23:31:54,410 INFO agent.risk risk usou 4 trechos da política (top-k=4)
2026-04-27 20:31:54.410 | 2026-04-27 23:31:54,410 INFO graph [REC-2026-00254] AGENT=risk OUT in 4723ms level=Médio rag_chunks=4
2026-04-27 20:31:54.411 | 2026-04-27 23:31:54,410 INFO graph [REC-2026-00254] AGENT=report IN
2026-04-27 20:31:54.411 | 2026-04-27 23:31:54,411 INFO graph [REC-2026-00254] AGENT=report OUT in 0ms
2026-04-27 20:31:54.411 | 2026-04-27 23:31:54,411 INFO graph [REC-2026-00254] AGENT=guardrail_output IN
2026-04-27 20:31:55.642 | 2026-04-27 23:31:55,642 INFO graph [REC-2026-00254] AGENT=guardrail_output OUT in 1231ms
2026-04-27 20:31:55.642 | 2026-04-27 23:31:55,642 INFO graph [REC-2026-00254] GRAPH END timings={'guardrail_input': 593, 'triage': 5923, 'risk': 4723, 'report': 0, 'guardrail_output': 1231}
2026-04-27 20:31:55.642 | 2026-04-27 23:31:55,642 INFO graph [REC-2026-00257] GRAPH START
2026-04-27 20:31:55.643 | 2026-04-27 23:31:55,643 INFO graph [REC-2026-00257] AGENT=guardrail_input IN text_len=82
2026-04-27 20:31:56.083 | 2026-04-27 23:31:56,082 INFO graph [REC-2026-00251] GRAPH START
2026-04-27 20:31:56.085 | 2026-04-27 23:31:56,084 INFO graph [REC-2026-00251] AGENT=guardrail_input IN text_len=117
2026-04-27 20:31:56.152 | 2026-04-27 23:31:56,152 INFO graph [REC-2026-00252] AGENT=triage OUT in 4842ms category=Cobrança Indevida product=Cartão de Crédito urgency=Alta
2026-04-27 20:31:56.153 | 2026-04-27 23:31:56,152 INFO graph [REC-2026-00252] AGENT=risk IN triage_keys=['category', 'product', 'sentiment', 'urgency', 'summary']
2026-04-27 20:31:56.223 | 2026-04-27 23:31:56,222 INFO agent.guardrail guardrail INPUT action=NONE
2026-04-27 20:31:56.223 | 2026-04-27 23:31:56,223 INFO graph [REC-2026-00257] AGENT=guardrail_input OUT in 580ms blocked=False reason=None
2026-04-27 20:31:56.223 | 2026-04-27 23:31:56,223 INFO graph [REC-2026-00257] AGENT=triage IN text_len=82 product_hint=Poupança
2026-04-27 20:31:56.656 | 2026-04-27 23:31:56,655 INFO agent.guardrail guardrail INPUT action=NONE
2026-04-27 20:31:56.657 | 2026-04-27 23:31:56,656 INFO graph [REC-2026-00251] AGENT=guardrail_input OUT in 572ms blocked=False reason=None
2026-04-27 20:31:56.658 | 2026-04-27 23:31:56,657 INFO graph [REC-2026-00251] AGENT=triage IN text_len=117 product_hint=Conta Corrente
2026-04-27 20:32:00.770 | 2026-04-27 23:32:00,770 INFO agent.risk risk usou 4 trechos da política (top-k=4)
2026-04-27 20:32:00.771 | 2026-04-27 23:32:00,770 INFO graph [REC-2026-00252] AGENT=risk OUT in 4618ms level=Médio rag_chunks=4
2026-04-27 20:32:00.771 | 2026-04-27 23:32:00,771 INFO graph [REC-2026-00252] AGENT=report IN
2026-04-27 20:32:00.771 | 2026-04-27 23:32:00,771 INFO graph [REC-2026-00252] AGENT=report OUT in 0ms
2026-04-27 20:32:00.772 | 2026-04-27 23:32:00,772 INFO graph [REC-2026-00252] AGENT=guardrail_output IN
2026-04-27 20:32:01.486 | 2026-04-27 23:32:01,486 WARNING app [REC-2026-00255] tentativa 1/3 falhou — retry em 1s: An error occurred (ThrottlingException) when calling the InvokeModel operation (reached max retries: 4): Too many requests, please wait before trying again.
2026-04-27 20:32:02.013 | 2026-04-27 23:32:02,013 INFO graph [REC-2026-00252] AGENT=guardrail_output OUT in 1241ms
2026-04-27 20:32:02.014 | 2026-04-27 23:32:02,014 INFO graph [REC-2026-00252] GRAPH END timings={'guardrail_input': 550, 'triage': 4842, 'risk': 4618, 'report': 0, 'guardrail_output': 1241}
2026-04-27 20:32:02.014 | 2026-04-27 23:32:02,014 INFO graph [REC-2026-00258] GRAPH START
2026-04-27 20:32:02.016 | 2026-04-27 23:32:02,016 INFO graph [REC-2026-00258] AGENT=guardrail_input IN text_len=105
2026-04-27 20:32:02.163 | 2026-04-27 23:32:02,162 INFO graph [REC-2026-00256] AGENT=triage OUT in 10822ms category=Outros product=Não Identificado urgency=Baixa
2026-04-27 20:32:02.163 | 2026-04-27 23:32:02,163 INFO graph [REC-2026-00256] AGENT=risk IN triage_keys=['category', 'product', 'sentiment', 'urgency', 'summary']
2026-04-27 20:32:02.487 | 2026-04-27 23:32:02,486 INFO graph [REC-2026-00255] GRAPH START
2026-04-27 20:32:02.488 | 2026-04-27 23:32:02,488 INFO graph [REC-2026-00255] AGENT=guardrail_input IN text_len=82
2026-04-27 20:32:02.589 | 2026-04-27 23:32:02,588 INFO agent.guardrail guardrail INPUT action=NONE
2026-04-27 20:32:02.589 | 2026-04-27 23:32:02,589 INFO graph [REC-2026-00258] AGENT=guardrail_input OUT in 573ms blocked=False reason=None
2026-04-27 20:32:02.591 | 2026-04-27 23:32:02,590 INFO graph [REC-2026-00258] AGENT=triage IN text_len=105 product_hint=Empréstimo
2026-04-27 20:32:02.822 | 2026-04-27 23:32:02,821 WARNING app [REC-2026-00257] tentativa 1/3 falhou — retry em 1s: An error occurred (ThrottlingException) when calling the InvokeModel operation (reached max retries: 4): Too many requests, please wait before trying again.
2026-04-27 20:32:03.045 | 2026-04-27 23:32:03,045 INFO agent.guardrail guardrail INPUT action=NONE
2026-04-27 20:32:03.045 | 2026-04-27 23:32:03,045 INFO graph [REC-2026-00255] AGENT=guardrail_input OUT in 557ms blocked=False reason=None
2026-04-27 20:32:03.046 | 2026-04-27 23:32:03,046 INFO graph [REC-2026-00255] AGENT=triage IN text_len=82 product_hint=Poupança
2026-04-27 20:32:03.822 | 2026-04-27 23:32:03,822 INFO graph [REC-2026-00257] GRAPH START
2026-04-27 20:32:03.824 | 2026-04-27 23:32:03,824 INFO graph [REC-2026-00257] AGENT=guardrail_input IN text_len=82
2026-04-27 20:32:04.386 | 2026-04-27 23:32:04,385 INFO agent.guardrail guardrail INPUT action=NONE
2026-04-27 20:32:04.386 | 2026-04-27 23:32:04,385 INFO graph [REC-2026-00257] AGENT=guardrail_input OUT in 561ms blocked=False reason=None
2026-04-27 20:32:04.387 | 2026-04-27 23:32:04,387 INFO graph [REC-2026-00257] AGENT=triage IN text_len=82 product_hint=Poupança
2026-04-27 20:32:06.013 | 2026-04-27 23:32:06,012 INFO agent.risk risk usou 4 trechos da política (top-k=4)
2026-04-27 20:32:06.013 | 2026-04-27 23:32:06,013 INFO graph [REC-2026-00256] AGENT=risk OUT in 3850ms level=Baixo rag_chunks=4
2026-04-27 20:32:06.013 | 2026-04-27 23:32:06,013 INFO graph [REC-2026-00256] AGENT=report IN
2026-04-27 20:32:06.013 | 2026-04-27 23:32:06,013 INFO graph [REC-2026-00256] AGENT=report OUT in 0ms
2026-04-27 20:32:06.014 | 2026-04-27 23:32:06,013 INFO graph [REC-2026-00256] AGENT=guardrail_output IN
2026-04-27 20:32:06.756 | 2026-04-27 23:32:06,755 WARNING agent.guardrail guardrail OUTPUT bloqueou campo=summary — usando regex como fallback
2026-04-27 20:32:07.092 | 2026-04-27 23:32:07,091 ERROR app [REC-2026-00251] todas 3 tentativas falharam: An error occurred (ThrottlingException) when calling the InvokeModel operation (reached max retries: 4): Too many requests, please wait before trying again.
2026-04-27 20:32:07.092 | 2026-04-27 23:32:07,092 ERROR app [REC-2026-00251] falha definitiva: An error occurred (ThrottlingException) when calling the InvokeModel operation (reached max retries: 4): Too many requests, please wait before trying again.
2026-04-27 20:32:07.092 | 2026-04-27 23:32:07,092 INFO graph [REC-2026-00259] GRAPH START
2026-04-27 20:32:07.094 | 2026-04-27 23:32:07,094 INFO graph [REC-2026-00259] AGENT=guardrail_input IN text_len=120
2026-04-27 20:32:07.315 | 2026-04-27 23:32:07,313 WARNING agent.guardrail guardrail OUTPUT bloqueou campo=risk_justification — usando regex como fallback
2026-04-27 20:32:07.315 | 2026-04-27 23:32:07,314 INFO graph [REC-2026-00256] AGENT=guardrail_output OUT in 1301ms
2026-04-27 20:32:07.315 | 2026-04-27 23:32:07,315 INFO graph [REC-2026-00256] GRAPH END timings={'guardrail_input': 569, 'triage': 10822, 'risk': 3850, 'report': 0, 'guardrail_output': 1301}
2026-04-27 20:32:07.315 | 2026-04-27 23:32:07,315 INFO graph [REC-2026-00260] GRAPH START
2026-04-27 20:32:07.317 | 2026-04-27 23:32:07,317 INFO graph [REC-2026-00260] AGENT=guardrail_input IN text_len=104
2026-04-27 20:32:07.670 | 2026-04-27 23:32:07,670 INFO agent.guardrail guardrail INPUT action=NONE
2026-04-27 20:32:07.670 | 2026-04-27 23:32:07,670 INFO graph [REC-2026-00259] AGENT=guardrail_input OUT in 576ms blocked=False reason=None
2026-04-27 20:32:07.671 | 2026-04-27 23:32:07,670 INFO graph [REC-2026-00259] AGENT=triage IN text_len=120 product_hint=Cartão de Crédito
2026-04-27 20:32:07.875 | 2026-04-27 23:32:07,875 INFO agent.guardrail guardrail INPUT action=NONE
2026-04-27 20:32:07.875 | 2026-04-27 23:32:07,875 INFO graph [REC-2026-00260] AGENT=guardrail_input OUT in 558ms blocked=False reason=None
2026-04-27 20:32:07.876 | 2026-04-27 23:32:07,876 INFO graph [REC-2026-00260] AGENT=triage IN text_len=104 product_hint=None
2026-04-27 20:32:08.321 | 2026-04-27 23:32:08,320 INFO graph [REC-2026-00255] AGENT=triage OUT in 5274ms category=Produto/Serviço product=Não Identificado urgency=Baixa
2026-04-27 20:32:08.322 | 2026-04-27 23:32:08,321 INFO graph [REC-2026-00255] AGENT=risk IN triage_keys=['category', 'product', 'sentiment', 'urgency', 'summary']
2026-04-27 20:32:11.889 | 2026-04-27 23:32:11,888 WARNING app [REC-2026-00257] tentativa 2/3 falhou — retry em 2s: An error occurred (ThrottlingException) when calling the InvokeModel operation (reached max retries: 4): Too many requests, please wait before trying again.
2026-04-27 20:32:12.339 | 2026-04-27 23:32:12,338 INFO agent.risk risk usou 4 trechos da política (top-k=4)
2026-04-27 20:32:12.339 | 2026-04-27 23:32:12,338 INFO graph [REC-2026-00255] AGENT=risk OUT in 4017ms level=Baixo rag_chunks=4
2026-04-27 20:32:12.339 | 2026-04-27 23:32:12,339 INFO graph [REC-2026-00255] AGENT=report IN
2026-04-27 20:32:12.339 | 2026-04-27 23:32:12,339 INFO graph [REC-2026-00255] AGENT=report OUT in 0ms
2026-04-27 20:32:12.339 | 2026-04-27 23:32:12,339 INFO graph [REC-2026-00255] AGENT=guardrail_output IN
2026-04-27 20:32:13.620 | 2026-04-27 23:32:13,620 INFO graph [REC-2026-00255] AGENT=guardrail_output OUT in 1280ms
2026-04-27 20:32:13.621 | 2026-04-27 23:32:13,620 INFO graph [REC-2026-00255] GRAPH END timings={'guardrail_input': 557, 'triage': 5274, 'risk': 4017, 'report': 0, 'guardrail_output': 1280}
2026-04-27 20:32:13.621 | 2026-04-27 23:32:13,621 INFO graph [REC-2026-00261] GRAPH START
2026-04-27 20:32:13.623 | 2026-04-27 23:32:13,623 INFO graph [REC-2026-00261] AGENT=guardrail_input IN text_len=122
2026-04-27 20:32:13.887 | 2026-04-27 23:32:13,886 INFO graph [REC-2026-00257] GRAPH START
2026-04-27 20:32:13.889 | 2026-04-27 23:32:13,888 INFO graph [REC-2026-00257] AGENT=guardrail_input IN text_len=82
2026-04-27 20:32:14.464 | 2026-04-27 23:32:14,463 INFO agent.guardrail guardrail INPUT action=NONE
2026-04-27 20:32:14.464 | 2026-04-27 23:32:14,464 INFO graph [REC-2026-00257] AGENT=guardrail_input OUT in 576ms blocked=False reason=None
2026-04-27 20:32:14.466 | 2026-04-27 23:32:14,465 INFO graph [REC-2026-00257] AGENT=triage IN text_len=82 product_hint=Poupança
2026-04-27 20:32:14.706 | 2026-04-27 23:32:14,706 INFO agent.guardrail guardrail INPUT action=NONE
2026-04-27 20:32:14.706 | 2026-04-27 23:32:14,706 INFO graph [REC-2026-00261] AGENT=guardrail_input OUT in 1083ms blocked=False reason=None
2026-04-27 20:32:14.706 | 2026-04-27 23:32:14,706 INFO graph [REC-2026-00261] AGENT=triage IN text_len=122 product_hint=Capitalização
2026-04-27 20:32:16.059 | 2026-04-27 23:32:16,058 WARNING app [REC-2026-00258] tentativa 1/3 falhou — retry em 1s: An error occurred (ThrottlingException) when calling the InvokeModel operation (reached max retries: 4): Too many requests, please wait before trying again.
2026-04-27 20:32:16.123 | 2026-04-27 23:32:16,122 INFO graph [REC-2026-00257] AGENT=triage OUT in 1657ms category=Produto/Serviço product=Não Identificado urgency=Baixa
2026-04-27 20:32:16.124 | 2026-04-27 23:32:16,124 INFO graph [REC-2026-00257] AGENT=risk IN triage_keys=['category', 'product', 'sentiment', 'urgency', 'summary']
2026-04-27 20:32:16.549 | 2026-04-27 23:32:16,548 WARNING app [REC-2026-00260] tentativa 1/3 falhou — retry em 1s: An error occurred (ThrottlingException) when calling the InvokeModel operation (reached max retries: 4): Too many requests, please wait before trying again.
2026-04-27 20:32:16.627 | 2026-04-27 23:32:16,626 WARNING app [REC-2026-00259] tentativa 1/3 falhou — retry em 1s: An error occurred (ThrottlingException) when calling the InvokeModel operation (reached max retries: 4): Too many requests, please wait before trying again.
2026-04-27 20:32:17.060 | 2026-04-27 23:32:17,059 INFO graph [REC-2026-00258] GRAPH START
2026-04-27 20:32:17.062 | 2026-04-27 23:32:17,061 INFO graph [REC-2026-00258] AGENT=guardrail_input IN text_len=105
2026-04-27 20:32:17.549 | 2026-04-27 23:32:17,549 INFO graph [REC-2026-00260] GRAPH START
2026-04-27 20:32:17.551 | 2026-04-27 23:32:17,550 INFO graph [REC-2026-00260] AGENT=guardrail_input IN text_len=104
2026-04-27 20:32:17.625 | 2026-04-27 23:32:17,624 INFO agent.guardrail guardrail INPUT action=NONE
2026-04-27 20:32:17.625 | 2026-04-27 23:32:17,624 INFO graph [REC-2026-00258] AGENT=guardrail_input OUT in 563ms blocked=False reason=None
2026-04-27 20:32:17.626 | 2026-04-27 23:32:17,626 INFO graph [REC-2026-00258] AGENT=triage IN text_len=105 product_hint=Empréstimo
2026-04-27 20:32:17.628 | 2026-04-27 23:32:17,628 INFO graph [REC-2026-00259] GRAPH START
2026-04-27 20:32:17.632 | 2026-04-27 23:32:17,632 INFO graph [REC-2026-00259] AGENT=guardrail_input IN text_len=120
2026-04-27 20:32:18.161 | 2026-04-27 23:32:18,160 INFO agent.guardrail guardrail INPUT action=NONE
2026-04-27 20:32:18.161 | 2026-04-27 23:32:18,160 INFO graph [REC-2026-00260] AGENT=guardrail_input OUT in 610ms blocked=False reason=None
2026-04-27 20:32:18.162 | 2026-04-27 23:32:18,162 INFO graph [REC-2026-00260] AGENT=triage IN text_len=104 product_hint=None
2026-04-27 20:32:18.210 | 2026-04-27 23:32:18,210 INFO agent.guardrail guardrail INPUT action=NONE
2026-04-27 20:32:18.210 | 2026-04-27 23:32:18,210 INFO graph [REC-2026-00259] AGENT=guardrail_input OUT in 578ms blocked=False reason=None
2026-04-27 20:32:18.212 | 2026-04-27 23:32:18,211 INFO graph [REC-2026-00259] AGENT=triage IN text_len=120 product_hint=Cartão de Crédito
2026-04-27 20:32:19.806 | 2026-04-27 23:32:19,805 INFO graph [REC-2026-00259] AGENT=triage OUT in 1594ms category=Fraude/Segurança product=Cartão de Crédito urgency=Alta
2026-04-27 20:32:19.807 | 2026-04-27 23:32:19,806 INFO graph [REC-2026-00259] AGENT=risk IN triage_keys=['category', 'product', 'sentiment', 'urgency', 'summary']
2026-04-27 20:32:19.995 | 2026-04-27 23:32:19,995 INFO agent.risk risk usou 4 trechos da política (top-k=4)
2026-04-27 20:32:19.995 | 2026-04-27 23:32:19,995 INFO graph [REC-2026-00257] AGENT=risk OUT in 3871ms level=Baixo rag_chunks=4
2026-04-27 20:32:19.996 | 2026-04-27 23:32:19,996 INFO graph [REC-2026-00257] AGENT=report IN
2026-04-27 20:32:19.996 | 2026-04-27 23:32:19,996 INFO graph [REC-2026-00257] AGENT=report OUT in 0ms
2026-04-27 20:32:19.997 | 2026-04-27 23:32:19,997 INFO graph [REC-2026-00257] AGENT=guardrail_output IN
2026-04-27 20:32:21.163 | 2026-04-27 23:32:21,162 WARNING agent.guardrail guardrail OUTPUT bloqueou campo=risk_justification — usando regex como fallback
2026-04-27 20:32:21.163 | 2026-04-27 23:32:21,163 INFO graph [REC-2026-00257] AGENT=guardrail_output OUT in 1166ms
2026-04-27 20:32:21.163 | 2026-04-27 23:32:21,163 INFO graph [REC-2026-00257] GRAPH END timings={'guardrail_input': 576, 'triage': 1657, 'risk': 3871, 'report': 0, 'guardrail_output': 1166}
2026-04-27 20:32:21.646 | 2026-04-27 23:32:21,645 WARNING app [REC-2026-00261] tentativa 1/3 falhou — retry em 1s: An error occurred (ThrottlingException) when calling the InvokeModel operation (reached max retries: 4): Too many requests, please wait before trying again.
2026-04-27 20:32:22.646 | 2026-04-27 23:32:22,646 INFO graph [REC-2026-00261] GRAPH START
2026-04-27 20:32:22.647 | 2026-04-27 23:32:22,647 INFO graph [REC-2026-00261] AGENT=guardrail_input IN text_len=122
2026-04-27 20:32:23.274 | 2026-04-27 23:32:23,274 INFO agent.guardrail guardrail INPUT action=NONE
2026-04-27 20:32:23.275 | 2026-04-27 23:32:23,274 INFO graph [REC-2026-00261] AGENT=guardrail_input OUT in 627ms blocked=False reason=None
2026-04-27 20:32:23.275 | 2026-04-27 23:32:23,275 INFO graph [REC-2026-00261] AGENT=triage IN text_len=122 product_hint=Capitalização
2026-04-27 20:32:24.291 | 2026-04-27 23:32:24,290 INFO agent.risk risk usou 4 trechos da política (top-k=4)
2026-04-27 20:32:24.291 | 2026-04-27 23:32:24,291 INFO graph [REC-2026-00259] AGENT=risk OUT in 4485ms level=Alto rag_chunks=4
2026-04-27 20:32:24.292 | 2026-04-27 23:32:24,291 INFO graph [REC-2026-00259] AGENT=report IN
2026-04-27 20:32:24.292 | 2026-04-27 23:32:24,291 INFO graph [REC-2026-00259] AGENT=report OUT in 0ms
2026-04-27 20:32:24.292 | 2026-04-27 23:32:24,292 INFO graph [REC-2026-00259] AGENT=guardrail_output IN
2026-04-27 20:32:25.349 | 2026-04-27 23:32:25,349 WARNING app [REC-2026-00258] tentativa 2/3 falhou — retry em 2s: An error occurred (ThrottlingException) when calling the InvokeModel operation (reached max retries: 4): Too many requests, please wait before trying again.
2026-04-27 20:32:25.503 | 2026-04-27 23:32:25,503 WARNING agent.guardrail guardrail OUTPUT bloqueou campo=risk_justification — usando regex como fallback
2026-04-27 20:32:25.504 | 2026-04-27 23:32:25,503 INFO graph [REC-2026-00259] AGENT=guardrail_output OUT in 1211ms
2026-04-27 20:32:25.504 | 2026-04-27 23:32:25,504 INFO graph [REC-2026-00259] GRAPH END timings={'guardrail_input': 578, 'triage': 1594, 'risk': 4485, 'report': 0, 'guardrail_output': 1211}
2026-04-27 20:32:26.059 | 2026-04-27 23:32:26,058 INFO graph [REC-2026-00261] AGENT=triage OUT in 2783ms category=Produto/Serviço product=Investimentos urgency=Alta
2026-04-27 20:32:26.059 | 2026-04-27 23:32:26,059 INFO graph [REC-2026-00261] AGENT=risk IN triage_keys=['category', 'product', 'sentiment', 'urgency', 'summary']
2026-04-27 20:32:27.350 | 2026-04-27 23:32:27,349 INFO graph [REC-2026-00258] GRAPH START
2026-04-27 20:32:27.352 | 2026-04-27 23:32:27,351 INFO graph [REC-2026-00258] AGENT=guardrail_input IN text_len=105
2026-04-27 20:32:27.488 | 2026-04-27 23:32:27,488 WARNING app [REC-2026-00260] tentativa 2/3 falhou — retry em 2s: An error occurred (ThrottlingException) when calling the InvokeModel operation (reached max retries: 4): Too many requests, please wait before trying again.
2026-04-27 20:32:27.940 | 2026-04-27 23:32:27,940 INFO agent.guardrail guardrail INPUT action=NONE
2026-04-27 20:32:27.940 | 2026-04-27 23:32:27,940 INFO graph [REC-2026-00258] AGENT=guardrail_input OUT in 589ms blocked=False reason=None
2026-04-27 20:32:27.942 | 2026-04-27 23:32:27,941 INFO graph [REC-2026-00258] AGENT=triage IN text_len=105 product_hint=Empréstimo
2026-04-27 20:32:29.489 | 2026-04-27 23:32:29,488 INFO graph [REC-2026-00260] GRAPH START
2026-04-27 20:32:29.491 | 2026-04-27 23:32:29,490 INFO graph [REC-2026-00260] AGENT=guardrail_input IN text_len=104
2026-04-27 20:32:30.056 | 2026-04-27 23:32:30,055 INFO agent.guardrail guardrail INPUT action=NONE
2026-04-27 20:32:30.056 | 2026-04-27 23:32:30,055 INFO graph [REC-2026-00260] AGENT=guardrail_input OUT in 565ms blocked=False reason=None
2026-04-27 20:32:30.057 | 2026-04-27 23:32:30,057 INFO graph [REC-2026-00260] AGENT=triage IN text_len=104 product_hint=None
2026-04-27 20:32:30.776 | 2026-04-27 23:32:30,776 INFO agent.risk risk usou 4 trechos da política (top-k=4)
2026-04-27 20:32:30.776 | 2026-04-27 23:32:30,776 INFO graph [REC-2026-00261] AGENT=risk OUT in 4717ms level=Crítico rag_chunks=4
2026-04-27 20:32:30.777 | 2026-04-27 23:32:30,777 INFO graph [REC-2026-00261] AGENT=report IN
2026-04-27 20:32:30.777 | 2026-04-27 23:32:30,777 INFO graph [REC-2026-00261] AGENT=report OUT in 0ms
2026-04-27 20:32:30.777 | 2026-04-27 23:32:30,777 INFO graph [REC-2026-00261] AGENT=guardrail_output IN
2026-04-27 20:32:31.492 | 2026-04-27 23:32:31,491 INFO graph [REC-2026-00258] AGENT=triage OUT in 3550ms category=Cobrança Indevida product=Empréstimo urgency=Média
2026-04-27 20:32:31.493 | 2026-04-27 23:32:31,492 INFO graph [REC-2026-00258] AGENT=risk IN triage_keys=['category', 'product', 'sentiment', 'urgency', 'summary']
2026-04-27 20:32:31.935 | 2026-04-27 23:32:31,934 INFO graph [REC-2026-00261] AGENT=guardrail_output OUT in 1157ms
2026-04-27 20:32:31.936 | 2026-04-27 23:32:31,935 INFO graph [REC-2026-00261] GRAPH END timings={'guardrail_input': 627, 'triage': 2783, 'risk': 4717, 'report': 0, 'guardrail_output': 1157}
2026-04-27 20:32:35.892 | 2026-04-27 23:32:35,892 INFO agent.risk risk usou 4 trechos da política (top-k=4)
2026-04-27 20:32:35.892 | 2026-04-27 23:32:35,892 INFO graph [REC-2026-00258] AGENT=risk OUT in 4400ms level=Alto rag_chunks=4
2026-04-27 20:32:35.893 | 2026-04-27 23:32:35,893 INFO graph [REC-2026-00258] AGENT=report IN
2026-04-27 20:32:35.894 | 2026-04-27 23:32:35,893 INFO graph [REC-2026-00258] AGENT=report OUT in 0ms
2026-04-27 20:32:35.894 | 2026-04-27 23:32:35,894 INFO graph [REC-2026-00258] AGENT=guardrail_output IN
2026-04-27 20:32:37.154 | 2026-04-27 23:32:37,153 INFO graph [REC-2026-00258] AGENT=guardrail_output OUT in 1259ms
2026-04-27 20:32:37.154 | 2026-04-27 23:32:37,154 INFO graph [REC-2026-00258] GRAPH END timings={'guardrail_input': 589, 'triage': 3550, 'risk': 4400, 'report': 0, 'guardrail_output': 1259}
2026-04-27 20:32:44.463 | 2026-04-27 23:32:44,463 INFO graph [REC-2026-00260] AGENT=triage OUT in 14405ms category=Atendimento product=Não Identificado urgency=Alta
2026-04-27 20:32:44.463 | 2026-04-27 23:32:44,463 INFO graph [REC-2026-00260] AGENT=risk IN triage_keys=['category', 'product', 'sentiment', 'urgency', 'summary']
2026-04-27 20:32:48.104 | 2026-04-27 23:32:48,103 INFO agent.risk risk usou 4 trechos da política (top-k=4)
2026-04-27 20:32:48.104 | 2026-04-27 23:32:48,104 INFO graph [REC-2026-00260] AGENT=risk OUT in 3641ms level=Alto rag_chunks=4
2026-04-27 20:32:48.104 | 2026-04-27 23:32:48,104 INFO graph [REC-2026-00260] AGENT=report IN
2026-04-27 20:32:48.104 | 2026-04-27 23:32:48,104 INFO graph [REC-2026-00260] AGENT=report OUT in 0ms
2026-04-27 20:32:48.105 | 2026-04-27 23:32:48,105 INFO graph [REC-2026-00260] AGENT=guardrail_output IN
2026-04-27 20:32:49.303 | 2026-04-27 23:32:49,302 INFO graph [REC-2026-00260] AGENT=guardrail_output OUT in 1197ms
2026-04-27 20:32:49.303 | 2026-04-27 23:32:49,303 INFO graph [REC-2026-00260] GRAPH END timings={'guardrail_input': 565, 'triage': 14405, 'risk': 3641, 'report': 0, 'guardrail_output': 1197}
2026-04-27 20:32:49.360 | INFO:     172.23.0.1:55692 - "POST /batch HTTP/1.1" 303 See Other
2026-04-27 20:32:49.370 | INFO:     172.23.0.1:50402 - "GET /output/report_2026-04-27-23-32-49.html HTTP/1.1" 200 OK