id,canal,texto_original,category,product,sentiment,urgency,prazo_resposta,area_responsavel,summary,risk_level,risk_justification,acoes_recomendadas
REC-2026-00480,Ouvidoria,"Gostaria de reportar um problema com minha conta corrente. Desde a última atualização do aplicativo, não consigo realizar transferências via Pix. Ao tentar fazer qualquer transferência, o app apresenta uma mensagem de erro genérica e a operação não é concluída. Já tentei reinstalar o aplicativo e limpar o cache, mas o problema persiste. Também testei pelo internet banking no computador e o erro é o mesmo. Isso está me causando transtornos pois dependo do Pix para pagamentos do dia a dia. Solicito que verifiquem a situação da minha conta e normalizem o serviço o mais breve possível.",Produto/Serviço,Conta Corrente,Negativo,Alta,24 horas,Gerência de Contas,"Cliente relata impossibilidade de realizar transferências via Pix na conta corrente após atualização do aplicativo, com mensagens de erro persistentes em múltiplos canais. Problema afeta operações financeiras rotineiras do cliente.",Alto,"A reclamação envolve bloqueio de funcionalidade essencial (Pix) que impede transações financeiras rotineiras do cliente, caracterizando impacto operacional significativo. Conforme §2.3 da POL-SAC-001, casos com múltiplas tentativas sem resolução e que afetam operações financeiras são classificados como urgência ALTA. Há risco reputacional moderado caso o problema seja sistêmico e afete outros clientes, além de potencial escalação para órgãos reguladores se não resolvido prontamente.","Contato ativo com o cliente via telefone em até 4 horas para confirmar recebimento e coletar informações adicionais sobre o erro (conforme §2.3 da POL-SAC-001) | Encaminhar imediatamente para área de TI com prioridade máxima, pois o problema afeta transações financeiras essenciais (conforme §3.2 da POL-SAC-001) | Designar analista dedicado da Gerência de Contas para acompanhamento exclusivo do caso até resolução completa | Notificar coordenador da Gerência de Contas sobre o incidente e verificar se há outros clientes afetados pelo mesmo problema sistêmico | Registrar no painel de acompanhamento gerencial e gerar relatório de incidente em até 24 horas detalhando causa raiz e ações corretivas"
REC-2026-00634,Redes Sociais,"Prezados senhores, venho por meio desta manifestar minha insatisfação com o serviço de seguros contratado junto a essa instituição financeira. Sou titular da conta [CONTA OMITIDA] e contratei o seguro de vida em outubro do ano passado. Desde então, tenho enfrentado dificuldades para obter informações claras sobre as coberturas incluídas na minha apólice. Solicitei por três vezes o envio do detalhamento completo das cláusulas contratuais e até o momento não recebi nenhum documento. O aplicativo do banco apresenta apenas informações genéricas que não condizem com o que me foi apresentado no momento da contratação. Solicito o envio imediato da documentação completa do seguro contratado, bem como a confirmação dos valores e coberturas vigentes. Aguardo retorno dentro do prazo legal estabelecido pelo Código de Defesa do Consumidor.",Produto/Serviço,Seguros,Negativo,Alta,24 horas,Gerência de Seguros,"Cliente relata dificuldades em obter informações sobre cobertura de seguro de vida contratado. Após três solicitações anteriores sem resposta, solicita envio de documentação completa e confirmação de valores e coberturas, invocando direitos do Código de Defesa do Consumidor.",Médio,"A reclamação envolve falha reiterada na prestação de informações contratuais sobre seguro de vida, com três solicitações anteriores não atendidas, configurando potencial violação ao direito de informação do CDC e à transparência exigida pela LGPD. O cliente invoca expressamente direitos consumeristas, elevando o risco de escalação para órgãos externos. Conforme §3.5 da POL-SAC-001, questões de seguros demandam tratamento pela Gerência de Seguros com prazos específicos.","Encaminhar imediatamente para Gerência de Seguros conforme §3.5 da POL-SAC-001 para análise prioritária do caso | Verificar histórico das três solicitações anteriores do cliente e identificar falhas no processo de atendimento em até 24h | Providenciar envio da documentação completa da apólice (cláusulas contratuais, coberturas e valores vigentes) ao cliente em até 48h | Gerar relatório de incidente conforme §2.3 da POL-SAC-001 documentando as falhas no atendimento anterior | Revisar informações apresentadas no aplicativo versus contrato original para identificar divergências e corrigi-las em até 72h"
REC-2026-00350,Redes Sociais,"oi gente to com um problemao aqui kkk o app de vcs ta com bug e nao consigo fazer nd 😤 ja tentei atualizar, desinstalar e instalar denovo e nada funciona. Fico na tela de login e da erro toda hr, nao carrega saldo nem nada. Preciso mt pagar ums boleto hj q vence amanha e to sem conseguir acessar minha conta. Alguem pfv me ajuda?? ja tentei pelo site tb e msm coisa. Se nao resolver logo vou ter q ir no procon pq nao eh possivel q um banco desse tamanho tenha um app tao ruim assim 😡 to precisando disso urgente glr pelo amor",Produto/Serviço,Conta Corrente,Crítico,Crítica,4 horas,Gerência de Contas,"Cliente relata indisponibilidade do aplicativo bancário com erro persistente na tela de login, impedindo acesso à conta e pagamento de boleto com vencimento próximo. Ameaça denúncia ao Procon caso não haja resolução imediata.",Crítico,"A reclamação apresenta menção explícita ao Procon, o que configura automaticamente urgência crítica conforme §4.3 da POL-SAC-001. Adicionalmente, há impedimento de acesso a serviços essenciais (pagamento de boletos) com prazo iminente, caracterizando vulnerabilidade financeira do cliente. O problema técnico afeta transações críticas, exigindo escalação imediata conforme §2.4 da POL-SAC-001.","Contato ativo IMEDIATO com o cliente em até 2 horas para oferecer canal alternativo de pagamento do boleto (internet banking, agência, correspondente bancário) | Encaminhar para TI com prioridade máxima o problema de acesso ao aplicativo, conforme §3.2 da POL-SAC-001, dado que afeta transações essenciais | Registrar no sistema de ouvidoria e notificar jurídico em até 2 horas sobre menção ao Procon, conforme §4.3 da POL-SAC-001 | Escalar para gerente da Gerência de Contas e equipe de Compliance imediatamente, conforme §2.4 da POL-SAC-001 | Gerar relatório de incidente em até 24 horas documentando falha técnica, impacto ao cliente e ações corretivas implementadas"
REC-2026-00605,Banco Central,"Gostaria de relatar um problema com meu cartão de crédito. A função de pagamento por aproximação parou de funcionar há cerca de cinco dias. Já tentei reiniciar o aplicativo, remover e adicionar novamente o cartão na carteira digital e também realizei um pagamento com chip para verificar se o cartão em si funcionava, e funcionou normalmente. O problema parece ser exclusivamente na modalidade contactless. Preciso dessa funcionalidade resolvida com urgência pois utilizo diariamente para transporte e alimentação. Solicito análise técnica e, se necessário, a emissão de um novo cartão com a maior brevidade possível. Caso não seja possível resolver rapidamente, avaliarei registrar reclamação junto ao Banco Central.",Produto/Serviço,Cartão de Crédito,Negativo,Crítica,4 horas,Gerência de Cartões,"Cliente relata falha na função de pagamento por aproximação do cartão de crédito há cinco dias, com impacto em transações diárias essenciais. Ameaça de denúncia ao Banco Central caso não haja resolução rápida, acionando gatilho obrigatório de urgência crítica.",Alto,"A menção explícita ao Banco Central configura urgência crítica conforme §2.4 da POL-SAC-001, exigindo escalação imediata para Compliance e jurídico. Embora não haja indícios de fraude ou transação não autorizada, o risco reputacional é elevado pela possibilidade de registro em órgão regulador. A falha técnica persistente por 5 dias em funcionalidade essencial (transporte e alimentação) agrava o impacto ao cliente e a exposição institucional.","Contato ativo com o cliente em até 2 horas para reconhecimento do problema e apresentação de solução temporária (§2.4 da POL-SAC-001) | Escalar imediatamente para Gerência de Cartões e equipe de Compliance, notificando sobre menção ao Banco Central (§2.4 da POL-SAC-001) | Registrar no sistema de ouvidoria e notificar jurídico sobre potencial reclamação ao Banco Central (§2.4 da POL-SAC-001) | Emitir segunda via do cartão com prioridade máxima, processando em até 12 horas conforme protocolo de falha técnica (§3.1 da POL-SAC-001) | Gerar relatório de incidente técnico em até 24 horas documentando a falha do sistema contactless e ações corretivas (§2.4 da POL-SAC-001)"
REC-2026-00317,SAC,"Que lindo, hein? Entro no aplicativo da minha conta corrente e vejo duas compras no débito que eu jamais fiz: uma de R$ 212,00 numa loja online e outra de R$ 78,50 num posto de gasolina em outro estado. Moro em Belo Horizonte e aparentemente meu cartão tava passeando por Recife. Fantástico o sistema de segurança de vocês! Meu CPF é [CPF OMITIDO] e estou aguardando alguma providência. Já bloqueei o cartão pelo app, mas seria interessante se o banco também demonstrasse algum interesse em investigar como meus dados foram parar nas mãos de terceiros. Ou isso é pedir demais?",Fraude/Segurança,Cartão de Crédito,Crítico,Crítica,4 horas,Gerência de Cartões,"Cliente relata duas transações não autorizadas em seu cartão de débito totalizando aproximadamente R$ 290, realizadas em estado diferente de sua residência. Suspeita de comprometimento de dados pessoais e questiona a efetividade dos sistemas de segurança da instituição.",Crítico,"Caso enquadra-se em urgência CRÍTICA conforme §2.4 da POL-SAC-001, por apresentar indícios claros de fraude com transações não autorizadas em localidade distinta da residência do cliente. A situação demanda acionamento imediato da equipe de Prevenção a Fraudes e bloqueio de transações suspeitas, conforme protocolo estabelecido. O cliente já demonstrou vulnerabilidade ao questionar a efetividade dos sistemas de segurança, exigindo atendimento sensível.","Contato ativo com o cliente em até 2 horas para confirmar as transações fraudulentas e tranquilizar sobre as providências, aplicando protocolo de atendimento sensível conforme §2.4 | Acionar imediatamente a equipe de Prevenção a Fraudes para investigação das transações suspeitas e análise de comprometimento de dados, conforme §2.4 | Iniciar processo de contestação e estorno provisório das transações (R$ 212,00 e R$ 78,50) em até 48 horas, conforme §3.1 para valores superiores a R$ 200 | Emitir segunda via do cartão e iniciar investigação formal em até 12 horas, sob responsabilidade da Gerência de Cartões, conforme §3.1 | Gerar relatório de incidente em até 24 horas e escalar para gerente de área e equipe de Compliance, conforme §2.4"
REC-2026-00454,Ouvidoria,"Gostaria de relatar uma situação com meu seguro residencial. Ao acessar a área do cliente no aplicativo do banco, percebi que havia uma alteração no meu plano de seguro que eu não solicitei. O valor da cobertura foi reduzido e apareceu um endosso datado de 12 de janeiro que não reconheço. Não recebi nenhum e-mail ou notificação sobre essa mudança. Parece que alguém acessou minha conta e fez essa modificação. Já troquei minha senha e ativei a verificação em duas etapas, mas preciso que investiguem quem fez essa alteração e restabeleçam a cobertura original. Vou registrar a ocorrência no Banco Central caso não obtenha resposta em prazo razoável.",Fraude/Segurança,Seguros,Crítico,Crítica,4 horas,Gerência de Seguros,Cliente relata alteração não autorizada em plano de seguro residencial com redução de cobertura e endosso não reconhecido. Suspeita de acesso indevido à conta. Ameaça de denúncia ao Banco Central.,Crítico,"A reclamação apresenta indícios claros de acesso não autorizado à conta do cliente com alteração de contrato de seguro, caracterizando potencial fraude conforme §2.4 da POL-SAC-001. Adicionalmente, há menção explícita a registro no Banco Central, o que automaticamente eleva a urgência a CRÍTICA conforme §4.3 da POL-SAC-001. A situação envolve violação de segurança da informação e possível comprometimento de dados pessoais, demandando acionamento imediato de Compliance e Prevenção a Fraudes.","Contato ativo IMEDIATO com o cliente em até 2 horas para confirmar os fatos e tranquilizar quanto às medidas de segurança adotadas (§2.4 da POL-SAC-001) | Acionar equipe de Prevenção a Fraudes imediatamente para investigar o acesso não autorizado e bloquear novas alterações no contrato de seguro (§2.4 da POL-SAC-001) | Escalar para gerente de área, equipe de Compliance e notificar diretoria de Compliance em até 2 horas devido à menção ao Banco Central (§4.3 da POL-SAC-001) | Restabelecer a cobertura original do seguro em até 24 horas e processar cancelamento do endosso não reconhecido conforme §3.5 da POL-SAC-001 (Responsável: Gerência de Seguros) | Gerar relatório de incidente de segurança em até 24 horas e registrar no sistema de ouvidoria preventivamente devido ao risco de escalação regulatória (§2.4 da POL-SAC-001)"
REC-2026-00630,SAC,"Ah, que beleza! Entrei no app do banco hoje cedo e descobri que alguém fez um PIX de R$ 1.200,00 da minha conta corrente às 2 da manhã. Eu, dormindo feito um anjo, e meu dinheiro passeando por aí. Muito obrigado pela segurança de ponta, viu? O mais engraçado é que eu tenho reconhecimento facial, biometria, senha de 8 dígitos e token, mas pelo visto qualquer um entra na minha conta mesmo assim. Sou eu, portador do CPF [CPF OMITIDO], e garanto que não fiz essa transferência. Mas relaxa, né, vou só esperar os 10 dias úteis que vocês pedem pra analisar enquanto meu dinheiro some. Que eficiência.",Fraude/Segurança,Conta Corrente,Crítico,Crítica,4 horas,Gerência de Contas,"Cliente relata transação PIX não autorizada de R$ 1.200,00 realizada em sua conta corrente durante a madrugada, apesar de possuir múltiplas camadas de segurança ativadas. Solicita investigação imediata sobre possível comprometimento de segurança da conta.",Crítico,"Caso enquadra-se em urgência CRÍTICA conforme §2.4 da POL-SAC-001 por apresentar indícios claros de fraude em transação PIX não autorizada, com possível comprometimento de múltiplas camadas de segurança. A situação demanda acionamento imediato da equipe de Prevenção a Fraudes e bloqueio preventivo de transações suspeitas, além de investigação sobre vulnerabilidade sistêmica que permitiu a transação apesar das proteções ativas.","Contato ativo IMEDIATO com o cliente em até 2 horas para confirmar a não autorização da transação e tranquilizar sobre as medidas em curso (§2.4 POL-SAC-001) | Acionar equipe de Prevenção a Fraudes imediatamente e bloquear novas transações PIX na conta até conclusão da investigação (§2.4 POL-SAC-001) | Escalar para gerente da Gerência de Contas e equipe de Compliance em até 2 horas, com notificação ao coordenador da área responsável (§2.4 POL-SAC-001) | Iniciar investigação formal sobre a transação não autorizada em até 12 horas e gerar relatório de incidente em até 24 horas (§2.4 e §3.1 POL-SAC-001) | Processar estorno provisório da transação fraudulenta em até 48 horas e registrar no painel de acompanhamento gerencial (§2.3 POL-SAC-001)"
REC-2026-00614,Ouvidoria,"Que maravilha, né? O banco mais seguro do Brasil, como dizem na propaganda. Pois bem, descobri hoje que fizeram três transferências da minha conta [CONTA OMITIDA] para destinatários que eu nunca vi na vida. Foram dois PIX de R$ 1.500 e um de R$ 3.200, tudo de madrugada, enquanto eu dormia tranquilamente. Claro, o sistema de segurança ultra avançado do banco não detectou nada de anormal. Três transferências seguidas, de madrugada, para contas diferentes — tudo normal, aparentemente. Já fiz o boletim de ocorrência e estou aguardando o prazo de vocês para contestação. Mas confesso que minha confiança nessa instituição está em níveis impressionantemente baixos.",Fraude/Segurança,Conta Corrente,Crítico,Crítica,4 horas,Gerência de Contas,Cliente relata três transferências não autorizadas de sua conta (totalizando R$ 6.200) realizadas durante a madrugada para destinatários desconhecidos. Já formalizou boletim de ocorrência e aguarda análise do banco para contestação.,Crítico,"Caso enquadra-se em urgência CRÍTICA conforme §2.4 da POL-SAC-001, por apresentar indícios claros de fraude com transações não autorizadas totalizando R$ 6.200,00. A situação demanda acionamento imediato da equipe de Prevenção a Fraudes e bloqueio de transações suspeitas, além de protocolo de atendimento sensível devido à vulnerabilidade financeira do cliente. O valor expressivo e o padrão das transações (madrugada, destinatários desconhecidos, sequência de operações) configuram risco reputacional e potencial violação de segurança que requer escalação para Compliance.","Contato ativo IMEDIATO com o cliente em até 2 horas para acolhimento e coleta de informações adicionais, aplicando protocolo de atendimento sensível conforme §2.4 da POL-SAC-001 | Acionar equipe de Prevenção a Fraudes imediatamente para análise das três transações suspeitas e bloquear novas operações na conta 48712-3 até conclusão da investigação, conforme §2.4 | Escalar para gerente da Gerência de Contas e equipe de Compliance em até 2 horas, notificando sobre o caso de fraude e o boletim de ocorrência já registrado | Iniciar investigação formal em até 12 horas e processar estorno provisório em até 48 horas conforme §3.2 da POL-SAC-001, considerando o valor total de R$ 6.200,00 | Gerar relatório de incidente detalhado em até 24 horas para registro no painel gerencial e documentação do caso, conforme §2.4"
REC-2026-00497,SAC,"Oi gente, to com um probleminha aqui q ta me incomodando já faz um tempo 😤 Contratei um CDB pelo app e na hora tava mostrando rendimento de 120% do CDI, beleza né, só q agora qdo vou ver o extrato ta rendendo tipo 100% do CDI só. Já tentei achar onde mostra as condiçoes no app mas aquilo é um labirinto, n acho nada. Mandei msg pelo chat do app e o bot fica me mandando em circulo sem resolver nd. Queria entender se mudaram a taxa ou se eu q entendi errado na hora, pq se mudaram sem avisar acho sacanagem 😒 Alguém sabe como faz pra falar com um humano de vdd nesse banco?",Produto/Serviço,Investimentos,Negativo,Média,3 dias úteis,Gerência de Investimentos,Cliente relata discrepância entre taxa de rendimento contratada (120% do CDI) e a exibida atualmente (100% do CDI) em aplicação CDB. Dificuldade em localizar informações no app e atendimento automatizado sem resolução.,Médio,"A divergência entre taxa contratada (120% CDI) e taxa aplicada (100% CDI) configura potencial rentabilidade divergente, exigindo análise detalhada conforme §3.4 da POL-SAC-001. Embora não haja indícios de fraude ou violação de LGPD, a falha na comunicação e dificuldade de acesso às informações contratuais podem gerar risco reputacional moderado e insatisfação do cliente, especialmente se não houver transparência na resolução.","Gerência de Investimentos deve gerar relatório comparativo detalhado entre taxa contratada e aplicada em até 72h, conforme §3.4 da POL-SAC-001 | Revisar contrato original e todas as comunicações enviadas ao cliente para verificar se houve informação clara sobre condições da taxa de rendimento | Caso comprovada ausência de informação adequada ou alteração unilateral sem aviso prévio, proceder com estorno da diferença de rentabilidade conforme §3.4 | Encaminhar feedback para área de TI sobre dificuldades de navegação no app e ineficácia do chatbot para melhorias de UX | Registrar protocolo SAC com prazo de resposta de 5 dias úteis e garantir atendimento humano prioritário para esclarecimento das condições contratuais"
REC-2026-00221,SAC,"Que experiência encantadora investir por esse banco. Tentei resgatar uma aplicação em CDB que já venceu há quinze dias e o sistema simplesmente trava na hora de confirmar. Liguei pro suporte e a moça muito educada me informou que o setor de investimentos só atende de terça a quinta, das 10h às 15h. Sério mesmo? Meu dinheiro fica preso e eu preciso ajustar minha agenda pra conseguir falar com alguém? Mandei mensagem pelo chat do app e recebi uma resposta automática dizendo que minha solicitação seria atendida em até cinco dias úteis. Enquanto isso meu dinheiro rendendo a gloriosa taxa de zero por cento ao dia. Parabéns pelo comprometimento com o investidor.",Produto/Serviço,Investimentos,Crítico,Alta,24 horas,Gerência de Investimentos,"Cliente relata impossibilidade de resgatar aplicação em CDB vencida há 15 dias devido a travamento do sistema. Suporte oferece atendimento restrito (terça a quinta, 10h-15h) e resposta automática com prazo de cinco dias úteis, deixando recursos indisponíveis.",Alto,"Bloqueio de resgate de investimento vencido configura retenção indevida de recursos do cliente há 15 dias, com atendimento inadequado e prazos incompatíveis com a urgência. Conforme §3.4 da POL-SAC-001, resgate bloqueado exige desbloqueio ou justificativa formal em até 24h. A situação apresenta risco reputacional moderado e potencial violação de direitos do consumidor, demandando ação corretiva imediata.","Desbloquear resgate ou fornecer justificativa formal ao cliente em até 24h, conforme §3.4 da POL-SAC-001 (Gerência de Investimentos) | Contato ativo com o cliente em até 2h para informar providências e oferecer canal direto de atendimento, conforme urgência Alta identificada | Acionar equipe de TI com prioridade para correção do travamento do sistema de resgate | Calcular e provisionar compensação por lucros cessantes do período de bloqueio indevido (15 dias sem rendimento) | Escalar para coordenador da Gerência de Investimentos e registrar no painel de acompanhamento gerencial, conforme §2.3 da POL-SAC-001"
REC-2026-00427,Banco Central,"Prezados, dirijo-me a esta ouvidoria para formalizar reclamação acerca da indisponibilidade recorrente dos serviços digitais desta instituição. Nas últimas semanas, tenho enfrentado instabilidades graves no aplicativo móvel e no internet banking, impossibilitando a realização de operações essenciais como transferências e pagamentos de boletos. A situação é particularmente grave pois tenho compromissos financeiros com vencimento diário e o não processamento dessas transações tem gerado multas e juros. Solicito providências urgentes para restabelecimento dos serviços, bem como o ressarcimento dos encargos decorrentes da falha operacional do banco. Caso não haja resolução satisfatória em até 10 dias úteis, formalizo que encaminharei esta demanda ao Banco Central do Brasil.",Produto/Serviço,Conta Corrente,Crítico,Crítica,4 horas,Gerência de Contas,"Cliente relata indisponibilidade recorrente dos serviços digitais (aplicativo móvel e internet banking), impedindo operações essenciais e gerando multas e juros. Ameaça formalizar denúncia ao Banco Central em caso de não resolução em 10 dias úteis.",Crítico,"A reclamação apresenta múltiplos fatores de risco crítico conforme §2.4 da POL-SAC-001: menção explícita a escalação para Banco Central, impacto financeiro direto ao cliente (multas e juros), e falha sistêmica recorrente afetando operações essenciais. A indisponibilidade de canais digitais representa risco operacional e reputacional significativo, podendo configurar violação de continuidade de serviços essenciais perante órgãos reguladores.","Contato ativo IMEDIATO com o cliente em até 2 horas conforme §2.4 da POL-SAC-001, priorizando canal telefônico para entendimento detalhado dos períodos de indisponibilidade | Escalar imediatamente para Gerência de Contas e equipe de Compliance, com notificação à diretoria de Compliance sobre potencial escalação ao Banco Central conforme §4.3 | Encaminhar para TI com prioridade máxima para diagnóstico e correção da instabilidade, considerando que afeta transações essenciais conforme §3.2 da POL-SAC-001 | Iniciar análise de ressarcimento de multas e juros comprovadamente decorrentes da falha do banco, com revisão de extratos e documentação em até 24 horas | Gerar relatório de incidente em até 24 horas detalhando períodos de indisponibilidade, impacto ao cliente e ações corretivas implementadas, conforme §2.4"
REC-2026-00179,Ouvidoria,"SOCORRO! Recebi agora uma notificação de compra no meu cartão de crédito no valor de R$ 4.730,00 em uma loja online que eu nunca ouvi falar. Não fiz essa compra, meu cartão está aqui comigo e eu não compartilhei os dados com ninguém! Logo em seguida veio outra tentativa de R$ 2.100,00 que felizmente foi negada. Já bloqueei o cartão pelo app mas estou desesperado, preciso que cancelem essa compra de quase cinco mil reais IMEDIATAMENTE. Se não resolverem vou ao Procon e ao Banco Central. Estou com medo de que tentem usar meus dados de novo. Por favor, é urgente, preciso de um retorno HOJE.",Fraude/Segurança,Cartão de Crédito,Crítico,Crítica,4 horas,Gerência de Cartões,"Cliente relata transação não autorizada de R$ 4.730,00 em cartão de crédito, com tentativa adicional negada. Ameaça denúncia ao Procon e Banco Central. Solicita cancelamento imediato e demonstra vulnerabilidade emocional.",Crítico,"Caso enquadra-se em urgência CRÍTICA conforme §2.4 da POL-SAC-001: indícios claros de fraude em cartão de crédito com transação não autorizada de valor elevado (R$ 4.730,00), menção explícita a órgãos reguladores (Procon e Banco Central) e vulnerabilidade emocional do cliente ('desesperado', 'com medo'). A combinação desses fatores exige acionamento imediato dos protocolos de segurança e compliance.","Contato ativo com o cliente em até 2 horas para confirmar bloqueio do cartão e acionar protocolo de atendimento sensível, conforme §2.4 da POL-SAC-001 | Acionar imediatamente equipe de Prevenção a Fraudes e Gerência de Cartões para iniciar investigação da transação de R$ 4.730,00 em até 12h, conforme §3.1 da POL-SAC-001 | Processar estorno provisório da transação fraudulenta em até 48h, conforme §3.1 da POL-SAC-001 (valor > R$ 200) | Escalar para gerente de área e equipe de Compliance, registrando no sistema de ouvidoria devido à menção a Procon e Banco Central, notificando jurídico conforme §2.4 | Gerar relatório de incidente em até 24h e emitir segunda via do cartão, conforme §2.4 e §3.1 da POL-SAC-001"
REC-2026-00219,Ouvidoria,"Pelo amor de Deus, preciso de ajuda urgente. Ontem à noite recebi notificações de três transferências Pix que eu não fiz, totalizando R$ 4.780,00. Não perdi meu celular, não passei minha senha pra ninguém e mesmo assim alguém conseguiu acessar minha conta e fazer essas transações. Liguei imediatamente pro banco e me disseram pra esperar uma análise que pode levar até dez dias úteis. Dez dias? Esse dinheiro é tudo que eu tinha. Já fiz boletim de ocorrência na delegacia e registrei reclamação no Banco Central. Se o banco não devolver meu dinheiro em 48 horas, vou procurar um advogado e a imprensa. Estou em pânico, sem dormir, sem saber como vou pagar minhas contas esse mês.",Fraude/Segurança,Conta Corrente,Crítico,Crítica,4 horas,Gerência de Contas,"Cliente relata três transferências Pix não autorizadas totalizando R$ 4.780,00. Registrou boletim de ocorrência e reclamação no Banco Central. Apresenta vulnerabilidade financeira e ameaça ação legal e denúncia à imprensa.",Crítico,"Caso enquadra-se em urgência CRÍTICA conforme §2.4 da POL-SAC-001: indícios claros de fraude em transações Pix não autorizadas, reclamação já registrada no Banco Central (violação regulatória em andamento) e vulnerabilidade financeira extrema do cliente. O valor significativo (R$ 4.780,00) representa totalidade dos recursos disponíveis, configurando risco reputacional elevado pela ameaça de exposição à imprensa e ação judicial.","Contato ativo IMEDIATO com o cliente em até 2 horas, acionando protocolo de atendimento sensível conforme §2.4 da POL-SAC-001 (tom empático, sem cobrança de prazos) | Escalar imediatamente para gerente da Gerência de Contas, equipe de Compliance e equipe de Prevenção a Fraudes para bloqueio de transações suspeitas conforme §2.4 | Notificar diretoria de Compliance em até 2 horas sobre reclamação no Banco Central, conforme §4.3 da POL-SAC-001, e acionar jurídico para revisão da resposta ao órgão regulador | Iniciar investigação de fraude em até 12 horas e processar estorno provisório em até 48 horas, conforme procedimentos de Conta Corrente (§3.2) aplicados analogamente a Pix | Gerar relatório de incidente em até 24 horas documentando cronologia, ações tomadas e análise de vulnerabilidades de segurança conforme §2.4"
REC-2026-00324,Banco Central,"Que maravilha, hein? Entro no aplicativo do banco e descubro que fizeram um Pix de R$ 1.200,00 da minha conta para um tal de José que eu nunca vi na vida. Claro, porque a segurança do banco é de primeira, né? Top de linha. Abri uma contestação e me disseram que vão analisar em até 10 dias úteis. Dez dias úteis! Como se eu tivesse todo o tempo do mundo esperando o banco decidir se vai devolver o MEU dinheiro que saiu da MINHA conta sem a MINHA autorização. Impressionante como é fácil para os outros movimentarem meu dinheiro e tão difícil para mim ter uma resposta.",Fraude/Segurança,Conta Corrente,Crítico,Crítica,4 horas,Gerência de Contas,"Cliente relata transação Pix não autorizada de R$ 1.200,00 debitada de sua conta para terceiro desconhecido. Contestação aberta, aguardando análise do banco em 10 dias úteis. Cliente expressa frustração com segurança e tempo de resposta.",Crítico,Caso enquadrado como urgência CRÍTICA conforme §2.4 da POL-SAC-001 por apresentar indícios claros de fraude (transação Pix não autorizada para terceiro desconhecido). A situação demanda acionamento imediato da equipe de Prevenção a Fraudes e bloqueio de transações suspeitas. O prazo de 10 dias informado ao cliente está em desconformidade com o protocolo de resposta de até 4 horas estabelecido para casos críticos.,"Contato ativo IMEDIATO com o cliente em até 2 horas para atualização do caso e aplicação de protocolo de atendimento sensível (§2.4 da POL-SAC-001) | Acionar equipe de Prevenção a Fraudes imediatamente e bloquear transações suspeitas na conta do cliente (§2.4 da POL-SAC-001) | Escalar para gerente da Gerência de Contas e equipe de Compliance com notificação sobre fraude confirmada (§2.4 e §3.2 da POL-SAC-001) | Iniciar processo de estorno provisório em até 48 horas considerando valor superior a R$ 200,00 (§3.1 da POL-SAC-001, aplicável por analogia) | Gerar relatório de incidente detalhado em até 24 horas e registrar no painel de acompanhamento gerencial (§2.4 da POL-SAC-001)"
REC-2026-00391,Ouvidoria,"Venho registrar esta reclamação referente à total impossibilidade de contato com o setor de investimentos desta instituição. Minha conta é a [CONTA OMITIDA]. Possuo aplicações em CDB e fundos de renda fixa que totalizam valor superior a R$ 180 mil, e desde o dia 05/03/2026 não consigo acessar a plataforma de investimentos nem obter qualquer informação sobre a rentabilidade ou movimentação dos meus recursos. Já registrei três chamados pelo SAC sem obter retorno. Informo que já protocolei reclamação junto ao Banco Central sob o número 2026-0347821 e estou em contato com o Procon do meu estado. Caso não receba uma resposta satisfatória em até 72 horas, tomarei as medidas judiciais cabíveis e acionarei a imprensa para relatar o ocorrido.",Produto/Serviço,Investimentos,Crítico,Crítica,4 horas,Gerência de Investimentos,"Cliente relata impossibilidade de acesso à plataforma de investimentos desde 05/03/2026, com aplicações em CDB e fundos de renda fixa totalizando R$ 180 mil. Já registrou três chamados sem retorno e protocolou reclamação no Banco Central e Procon, ameaçando ações judiciais.",Crítico,"A reclamação apresenta múltiplos fatores de risco crítico conforme §2.4 da POL-SAC-001: menção expressa a Banco Central e Procon, valor elevado em risco (R$ 180 mil), impossibilidade de acesso a investimentos por período prolongado e ameaça de exposição na imprensa. A combinação de violação regulatória potencial, risco reputacional significativo e valor financeiro substancial exige tratamento imediato com escalação para Compliance e jurídico.","Contato ativo IMEDIATO com o cliente em até 2 horas para reconhecimento da reclamação e início de tratativa (conforme §2.4 da POL-SAC-001) | Escalar imediatamente para gerente de área, equipe de Compliance e notificar diretoria de Compliance em até 2h sobre protocolo do Banco Central (conforme §4.3 da POL-SAC-001) | Desbloquear acesso à plataforma de investimentos ou justificar formalmente a impossibilidade em até 24h, com a Gerência de Investimentos responsável (conforme §3.4 da POL-SAC-001) | Gerar relatório comparativo detalhado de rentabilidade e movimentações em até 72h para prestação de contas ao cliente (conforme §3.4 da POL-SAC-001) | Preparar resposta formal ao Banco Central com revisão obrigatória do jurídico antes do envio, respeitando prazo do órgão regulador (conforme §4.3 da POL-SAC-001)"
REC-2026-00312,SAC,"Que maravilha, né? Abro meu extrato da conta corrente [CONTA OMITIDA] e descubro que alguém fez uma transferência de R$ 350,00 pra um tal de Pix que eu nunca autorizei. Adorei a surpresa! Liguei pro banco e me disseram pra aguardar análise em até 10 dias úteis. Dez dias! Como se eu tivesse todo o tempo do mundo pra ficar esperando alguém devolver meu dinheiro. Pelo menos o café da manhã tá garantido, porque o almoço já era. Enfim, fico no aguardo da boa vontade de vocês em verificar essa transação não reconhecida na minha conta. Seria ótimo se pudessem resolver antes do Natal do ano que vem.",Fraude/Segurança,Conta Corrente,Crítico,Crítica,4 horas,Gerência de Contas,"Cliente relata transação Pix não autorizada de R$ 350,00 em sua conta corrente. Aguarda análise do banco há 10 dias úteis. Demonstra frustração com o tempo de resolução e impacto financeiro na subsistência.",Crítico,"Caso enquadra-se em urgência CRÍTICA conforme §2.4 da POL-SAC-001 por apresentar indícios claros de fraude (transação Pix não autorizada). O prazo de 10 dias úteis já transcorrido sem resolução configura violação do prazo de resposta de até 4 horas estabelecido para casos críticos, agravando o risco reputacional e de conformidade. A vulnerabilidade financeira expressa pelo cliente ('almoço já era') reforça a necessidade de protocolo de atendimento sensível.","Contato ativo IMEDIATO com o cliente em até 2 horas para atualização do caso e acionamento do protocolo de atendimento sensível, conforme §2.4 da POL-SAC-001 | Acionar equipe de Prevenção a Fraudes imediatamente e bloquear novas transações suspeitas na conta 48213-7, conforme §2.4 da POL-SAC-001 | Escalar para gerente da Gerência de Contas e equipe de Compliance em caráter urgente, conforme §2.4 da POL-SAC-001 | Processar estorno provisório do valor de R$ 350,00 em até 48h, conforme §3.2 da POL-SAC-001 (aplicação analógica do procedimento de cartão para fraude em conta) | Gerar relatório de incidente em até 24h e registrar no painel de acompanhamento gerencial, conforme §2.4 da POL-SAC-001"
REC-2026-00445,Ouvidoria,"Venho por meio desta informar que identifiquei movimentações não reconhecidas em minha conta de número [CONTA OMITIDA]. No dia 12 de março de 2026, foram realizadas duas transferências via TED nos valores de R$ 3.500,00 e R$ 2.100,00, para destinatários que desconheço. Não autorizei essas transações e não compartilhei meus dados de acesso com terceiros. Solicito o bloqueio imediato da conta e a abertura de contestação formal. Caso não haja resolução em até cinco dias úteis, encaminharei reclamação ao Banco Central e tomarei as medidas judiciais cabíveis. Aguardo retorno urgente.",Fraude/Segurança,Conta Corrente,Crítico,Crítica,4 horas,Gerência de Contas,"Cliente relata movimentações não autorizadas em conta corrente totalizando R$ 5.600,00. Solicita bloqueio imediato e ameaça denúncia ao Banco Central e ação judicial se não houver resolução em cinco dias úteis.",Crítico,"A reclamação apresenta indícios claros de fraude com transações não autorizadas totalizando R$ 5.600,00, além de menção explícita ao Banco Central e ameaça de medidas judiciais, caracterizando urgência CRÍTICA conforme §2.4 da POL-SAC-001. O caso envolve risco regulatório imediato e potencial violação de segurança que demanda acionamento de Compliance e Prevenção a Fraudes.","Contato ativo IMEDIATO com o cliente em até 2 horas para confirmar as transações não reconhecidas e tranquilizar quanto às providências (§2.4 da POL-SAC-001) | Bloquear imediatamente a conta corrente 48173-2 para prevenir novas movimentações fraudulentas e acionar equipe de Prevenção a Fraudes para investigação em até 12 horas (§2.4 e §3.2 da POL-SAC-001) | Escalar para gerente da Gerência de Contas, equipe de Compliance e jurídico devido à menção ao Banco Central, registrando no sistema de ouvidoria (§2.4 da POL-SAC-001) | Iniciar processo de estorno provisório das transações contestadas (R$ 3.500,00 e R$ 2.100,00) em até 48 horas, conforme §3.2 da POL-SAC-001 | Gerar relatório de incidente detalhado em até 24 horas documentando a cronologia, valores envolvidos e medidas adotadas (§2.4 da POL-SAC-001)"
REC-2026-00481,SAC,"Identifico transações não reconhecidas na minha conta corrente e gostaria de reportar a situação com urgência. No dia 14 de março, foram realizadas duas transferências via Pix nos valores de R$ 3.500,00 e R$ 2.800,00 para destinatários que desconheço. Eu não autorizei essas movimentações e meu celular esteve comigo o tempo todo. Além disso, recebi uma notificação de tentativa de alteração de senha que também não partiu de mim, o que indica possível acesso indevido à minha conta. Já bloqueei o acesso pelo aplicativo e registrei boletim de ocorrência. Solicito o bloqueio total da conta, análise das transações e o ressarcimento dos valores. Caso necessário, formalizarei a reclamação junto ao Banco Central.",Fraude/Segurança,Conta Corrente,Crítico,Crítica,4 horas,Gerência de Contas,"Cliente relata transações não autorizadas via Pix totalizando R$ 6.300,00 e tentativa de alteração de senha, indicando possível acesso indevido à conta. Ameaça formalizar reclamação junto ao Banco Central e solicita bloqueio total da conta e ressarcimento.",Crítico,"Caso apresenta indícios claros de fraude com transações não autorizadas totalizando R$ 6.300,00, tentativa de alteração de senha não reconhecida e menção explícita ao Banco Central, configurando urgência CRÍTICA conforme §2.4 da POL-SAC-001. A situação envolve risco de segurança do cliente, possível vulnerabilidade de sistemas e alto risco reputacional pela ameaça de escalação regulatória.","Contato ativo IMEDIATO com o cliente em até 2 horas para confirmar bloqueio e coletar informações adicionais sobre o incidente (§2.4 POL-SAC-001) | Acionar equipe de Prevenção a Fraudes imediatamente e bloquear todas as transações suspeitas, conforme §2.4 da POL-SAC-001 | Escalar para gerente da Gerência de Contas, equipe de Compliance e notificar jurídico devido à menção ao Banco Central (§2.4 e §3.2 POL-SAC-001) | Registrar formalmente no sistema de ouvidoria e iniciar investigação das transações Pix em até 12 horas (§2.4 POL-SAC-001) | Gerar relatório de incidente detalhado em até 24 horas e avaliar ressarcimento provisório conforme apuração da fraude (§2.4 POL-SAC-001)"
REC-2026-00310,Redes Sociais,cara to mto puto com vcs 😤😤 meu investimento em CDB q era pra render 110% do CDI ta rendendo menos q a poupança!! oq ta acontecendo?? coloquei 15 mil la faz 3 meses e o rendimento ta ridiculo. tentei falar com o gerente pelo chat do app e o cara me mandou um pdf de 30 paginas q n explica nd. quero uma explicação CLARA do pq o rendimento ta tão abaixo do prometido. se n resolverem vou tirar td e meter no reclame aqui pq isso é propaganda enganosa na minha opiniao,Produto/Serviço,Investimentos,Crítico,Alta,24 horas,Gerência de Investimentos,Cliente relata rendimento inferior ao esperado em aplicação de CDB (110% do CDI) após três meses. Insatisfeito com atendimento anterior via chat e ameaça reclamação em órgão regulador. Solicita esclarecimento sobre discrepância de rentabilidade.,Alto,"Cliente manifesta intenção explícita de escalar para órgãos externos (Reclame Aqui), caracterizando risco reputacional conforme §4.4 da POL-SAC-001. A alegação de rentabilidade divergente do contratado (110% CDI) pode configurar propaganda enganosa, exigindo análise técnica urgente conforme §3.4 da POL-SAC-001. Embora não haja menção direta a Banco Central/Procon, a insatisfação com atendimento anterior e ameaça de exposição pública elevam o risco de escalação regulatória.","Gerar relatório comparativo detalhado da rentabilidade do CDB versus 110% do CDI no período de 3 meses em até 72h, conforme §3.4 da POL-SAC-001 (Gerência de Investimentos) | Contato ativo com o cliente em até 24h para fornecer explicação clara e acessível sobre a rentabilidade, evitando documentos técnicos extensos | Revisar contrato e comunicações de oferta do produto para verificar se houve informação adequada sobre taxas, impostos e forma de cálculo da rentabilidade | Monitorar menções em redes sociais e Reclame Aqui nas próximas 48h para identificar possível exposição pública do caso (equipe de Marketing/Comunicação) | Designar analista sênior para acompanhamento dedicado do caso até resolução final, registrando no painel gerencial conforme §2.3 da POL-SAC-001"
REC-2026-00542,Redes Sociais,"oi gente, to passando aqui pq apareceu uma compra no meu cartão de crédito q eu não fiz 😤 foi uma compra de R$ 287,90 numa loja online de eletrônicos, dia 15/03. Eu nem conheço essa loja e tava em casa o dia inteiro. Já tentei ligar pro banco mas a ligação cai toda vez. Mandei msg pelo app tbm e ninguém responde. Sei q não é o fim do mundo mas queria resolver logo né, pq fico com medo de aparecer mais coisa estranha. Se alguém puder me ajudar a contestar essa transação eu agradeço 🙏",Fraude/Segurança,Cartão de Crédito,Negativo,Crítica,4 horas,Gerência de Cartões,"Cliente relata transação não autorizada de R$ 287,90 em cartão de crédito em loja desconhecida. Múltiplas tentativas de contato com o banco sem resposta. Preocupação com possíveis transações fraudulentas adicionais.",Alto,"Caso configura indício claro de fraude em cartão de crédito com transação não autorizada de R$ 287,90, agravado por falhas múltiplas nos canais de atendimento do banco. Conforme §2.4 da POL-SAC-001, casos com suspeita de fraude exigem acionamento imediato da equipe de Prevenção a Fraudes. O risco é elevado pela possibilidade de transações fraudulentas adicionais e pela exposição reputacional decorrente da falha de atendimento, mas não atinge nível crítico por ausência de menção a órgãos reguladores ou vulnerabilidade financeira extrema do cliente.","Bloquear cartão de crédito imediatamente e emitir segunda via, conforme §3.1 da POL-SAC-001 | Acionar equipe de Prevenção a Fraudes e iniciar investigação da transação de R$ 287,90 em até 12h, conforme §2.4 e §3.1 | Realizar contato ativo IMEDIATO com o cliente em até 2h por canal alternativo funcional (telefone ou e-mail), conforme §2.4 | Iniciar contestação de fatura em até 24h e processar estorno provisório em até 48h, conforme §3.1 (valor > R$ 200) | Gerar relatório de incidente em até 24h e escalar para Gerência de Cartões e equipe de Compliance, conforme §2.4 e §3.1"
REC-2026-00637,SAC,"Meu nome é [NOME OMITIDO] e gostaria de relatar um problema que venho enfrentando com o aplicativo do banco. Há cerca de duas semanas o app simplesmente parou de funcionar no meu celular. Toda vez que tento acessar aparece uma mensagem de erro genérica pedindo para tentar novamente mais tarde. Já desinstalei e instalei novamente, limpei o cache, atualizei o sistema do celular e nada resolveu. O problema é que dependo do aplicativo para fazer praticamente todas as minhas movimentações financeiras. A alternativa seria ir até a agência, mas a mais próxima fica a 30 km da minha cidade. Peço que verifiquem o que está acontecendo e normalizem meu acesso.",Atendimento,Não Identificado,Negativo,Alta,24 horas,Área de Suporte Geral,"Cliente relata falha persistente no aplicativo bancário há duas semanas, com mensagens de erro recorrentes. Já realizou tentativas de resolução sem sucesso e depende do app para movimentações financeiras, com dificuldade de acesso à agência física.",Médio,"A reclamação envolve falha técnica recorrente que impede acesso aos serviços bancários há duas semanas, com impacto moderado na capacidade do cliente de realizar movimentações financeiras. Embora não haja indícios de fraude, violação regulatória ou valores financeiros significativos em disputa, a persistência do problema e a dificuldade de acesso a canais alternativos (agência distante 30km) caracterizam impacto financeiro moderado e falha de atendimento, conforme definição de Urgência MÉDIA no §2.2 da POL-SAC-001. Não há elementos que justifiquem classificação como risco Alto ou Crítico.","Registrar protocolo formal e enviar confirmação ao cliente Ricardo Fernandes de Oliveira em até 12 horas, conforme §2.2 da POL-SAC-001 | Designar analista sênior da área de Tecnologia/Canais Digitais para avaliar o caso em até 24 horas, investigando logs de erro e compatibilidade do dispositivo | Solicitar à área de Operações análise de soluções alternativas temporárias (internet banking, atendimento telefônico facilitado) enquanto o problema técnico não é resolvido | Enviar posicionamento intermediário ao cliente caso a resolução técnica exceda 48 horas, informando status da investigação e alternativas disponíveis, conforme §2.2 | Garantir resposta definitiva e resolução do problema em até 3 dias úteis, prazo estabelecido para urgência MÉDIA no §2.2 da POL-SAC-001"
REC-2026-00618,SAC,"Preciso de ajuda urgente, por favor! Recebi uma notificação no meu celular ontem à noite informando que meu seguro de vida foi alterado, com mudança de beneficiário e redução da cobertura. Eu NÃO fiz nenhuma alteração! Alguém acessou minha conta no aplicativo e mexeu na minha apólice sem minha autorização. Tentei entrar no app para verificar e minha senha tinha sido trocada. Consegui recuperar o acesso hoje de manhã e confirmei que as alterações foram realmente feitas. Estou em pânico porque esse seguro é a garantia da minha família. Já registrei boletim de ocorrência e preciso que o banco restaure minha apólice original imediatamente e investigue como alguém conseguiu acesso à minha conta.",Fraude/Segurança,Seguros,Crítico,Crítica,4 horas,Gerência de Seguros,Cliente relata acesso não autorizado à sua conta com alteração de beneficiário e redução de cobertura de seguro de vida. Senha foi trocada sem autorização e boletim de ocorrência foi registrado. Solicita restauração da apólice original e investigação imediata.,Crítico,"Caso apresenta indícios claros de fraude com acesso não autorizado à conta e alteração de dados contratuais sensíveis (beneficiário e cobertura de seguro de vida), configurando urgência CRÍTICA conforme §2.4 da POL-SAC-001. Há risco de segurança do cliente, vulnerabilidade emocional evidenciada e potencial violação de controles de autenticação. A existência de boletim de ocorrência reforça a gravidade e demanda acionamento imediato de Compliance e Prevenção a Fraudes.","Contato ativo IMEDIATO com o cliente em até 2 horas para tranquilização e coleta de informações adicionais, aplicando protocolo de atendimento sensível conforme §2.4 da POL-SAC-001 | Acionar equipe de Prevenção a Fraudes imediatamente para investigação do acesso não autorizado e bloquear novas transações suspeitas na conta, conforme §2.4 | Restaurar apólice original do seguro de vida às condições anteriores (beneficiário e cobertura) em até 24 horas, sob responsabilidade da Gerência de Seguros conforme §3.5 | Escalar para gerente de área, equipe de Compliance e notificar diretoria em até 2 horas sobre o incidente de segurança, conforme §2.4 | Gerar relatório de incidente detalhado em até 24 horas documentando a violação de segurança, ações tomadas e análise de vulnerabilidades nos controles de autenticação, conforme §2.4"
REC-2026-00244,Redes Sociais,"oi gente, to tentando resolver um probleminha aqui mas ngm me responde 😅 mandei msg pelo app faz uns 4 dias e nd. liguei tbm e ficou naquela musiquinha por 40 min ate q caiu a ligação kkkk. so queria entender pq minha conta ta com uma restrição q eu n pedi, n consigo nem fazer pix direito. sera q da pra alguem me ajudar?? to sem paciencia ja viu. o app tbm trava toda hr, parece q ta pior dps da ultima atualização. enfim, se alguem puder dar um retorno agradeço 🙏",Atendimento,Conta Corrente,Negativo,Alta,24 horas,Gerência de Contas,"Cliente relata falta de resposta a solicitações de suporte há 4 dias, restrição não autorizada na conta impedindo operações de PIX, e problemas técnicos no aplicativo após atualização recente.",Alto,"A reclamação apresenta múltiplas tentativas sem resolução (4 dias sem resposta) e restrição não autorizada impedindo operações financeiras (PIX), caracterizando urgência ALTA conforme §2.3 da POL-SAC-001. Embora não haja indícios diretos de fraude, a restrição não solicitada pelo cliente requer investigação imediata para descartar falha sistêmica ou ação indevida. O problema técnico no aplicativo agrava o cenário ao impedir acesso adequado aos serviços.","Contato ativo com o cliente via telefone em até 4 horas para esclarecimento da restrição na conta (§2.3 da POL-SAC-001) | Designar analista dedicado da Gerência de Contas para investigar a origem da restrição não autorizada e reverter se indevida (§3.2 da POL-SAC-001) | Encaminhar problema técnico do aplicativo para TI com prioridade, pois afeta transações financeiras (§3.2 da POL-SAC-001) | Notificar coordenador da área de Contas sobre o caso e registrar no painel de acompanhamento gerencial (§2.3 da POL-SAC-001) | Enviar posicionamento intermediário ao cliente em até 24 horas caso a resolução completa exceda este prazo (§2.3 da POL-SAC-001)"
REC-2026-00347,Banco Central,"Solicitei um empréstimo pessoal pelo aplicativo e as condições apresentadas na simulação eram diferentes das que apareceram no contrato final. Na simulação, a taxa era de 1,89% ao mês e no contrato veio 2,34% ao mês. Além disso, o CET informado não bate com o que foi simulado. Entendo que podem haver variações, mas a diferença é significativa e muda bastante o valor final das parcelas. Gostaria de um esclarecimento sobre por que houve essa divergência e se é possível renegociar para as condições originalmente simuladas. Aguardo um posicionamento.",Produto/Serviço,Empréstimo,Negativo,Alta,24 horas,Gerência de Crédito,"Cliente relata divergência entre condições simuladas e contrato final de empréstimo pessoal, com aumento de taxa de juros e CET. Solicita esclarecimento e possibilidade de renegociação para as condições originais.",Médio,"A divergência entre taxa simulada (1,89%) e contratada (2,34%) configura potencial falha na transparência de informações, podendo caracterizar prática abusiva sob ótica do CDC e regulamentação do Banco Central. Conforme §3.3 da POL-SAC-001, divergências de taxas em empréstimos exigem recálculo e notificação formal ao cliente em até 48h. Embora não haja indícios de fraude, a discrepância no CET representa risco reputacional moderado e possível não conformidade com dever de informação clara.","Recalcular parcelas considerando a taxa originalmente simulada (1,89%) em até 48h e notificar cliente com comparativo detalhado entre simulação e contrato, conforme §3.3 da POL-SAC-001 - Responsável: Gerência de Crédito | Oferecer ao menos 2 alternativas de renegociação ao cliente, incluindo possibilidade de ajuste às condições simuladas, conforme §3.3 da POL-SAC-001 | Solicitar à área de TI/Produtos auditoria do sistema de simulação para identificar causa da divergência entre taxa simulada e contratada | Revisar todas as comunicações e telas de simulação apresentadas ao cliente para verificar se houve informação clara sobre possibilidade de variação de taxas | Documentar o caso como potencial falha sistêmica para análise em relatório semanal consolidado à diretoria, conforme seção 6 da POL-SAC-001"
REC-2026-00209,Ouvidoria,"Venho formalmente comunicar a ocorrência de transações não reconhecidas em minha conta corrente. Na data de 12 de março de 2026, foram realizadas duas transferências via PIX nos valores de R$ 2.340,00 e R$ 1.890,00 para destinatários que desconheço. Não realizei essas operações nem autorizei terceiros a movimentar minha conta. Imediatamente após identificar as movimentações, compareci à agência e solicitei o bloqueio cautelar. Solicito a abertura de procedimento interno de investigação e a devolução integral dos valores subtraídos, conforme previsto na Resolução BCB nº 147. Caso não haja resolução satisfatória no prazo regulamentar, tomarei as medidas cabíveis junto ao Banco Central e aos órgãos de defesa do consumidor. Registro ainda boletim de ocorrência sob o número que será encaminhado oportunamente.",Fraude/Segurança,Conta Corrente,Crítico,Crítica,4 horas,Gerência de Contas,"Cliente relata transações não autorizadas via PIX totalizando R$ 4.230,00 em conta corrente. Menciona intenção de denúncia ao Banco Central e órgãos de defesa do consumidor, com registro de boletim de ocorrência. Requer investigação e restituição dos valores conforme regulamentação.",Crítico,"Caso enquadra-se em urgência CRÍTICA conforme §2.4 da POL-SAC-001: presença de indícios claros de fraude (transações não autorizadas via PIX), menção explícita a Banco Central e órgãos de defesa do consumidor, e registro de boletim de ocorrência. O valor total envolvido (R$ 4.230,00) representa risco financeiro significativo e potencial violação da Resolução BCB nº 147, exigindo acionamento imediato de Compliance e Prevenção a Fraudes.","Contato ativo IMEDIATO com o cliente em até 2 horas para confirmar bloqueio cautelar e coletar informações adicionais sobre as transações fraudulentas (§2.4 POL-SAC-001) | Escalar imediatamente para Gerência de Contas, equipe de Compliance e equipe de Prevenção a Fraudes para investigação das transações PIX não autorizadas (§2.4 e §3.2 POL-SAC-001) | Registrar no sistema de ouvidoria e notificar jurídico em até 2 horas devido à menção ao Banco Central, conforme §2.4 e §4.3 da POL-SAC-001 | Gerar relatório de incidente detalhado em até 24 horas documentando cronologia, valores, destinatários e medidas adotadas (§2.4 POL-SAC-001) | Iniciar processo de análise para estorno ou compensação temporária dos valores (R$ 4.230,00) enquanto investigação está em andamento, conforme §2.3 da POL-SAC-001"
REC-2026-00199,SAC,"Prezados, gostaria de registrar uma solicitação referente ao produto de investimentos disponibilizado por esta instituição. Apliquei em um fundo multimercado há aproximadamente seis meses e, desde então, não recebi nenhum informe de rendimentos detalhado conforme prometido no momento da contratação. O aplicativo apresenta apenas o saldo total, sem discriminar rendimentos brutos, impostos retidos ou taxas aplicadas. Solicito que seja disponibilizado o extrato analítico completo das movimentações e rendimentos deste fundo, preferencialmente em formato PDF, para fins de controle patrimonial e declaração de imposto de renda.",Produto/Serviço,Investimentos,Neutro,Média,3 dias úteis,Gerência de Investimentos,"Cliente solicita disponibilização de extrato analítico detalhado de fundo multimercado contratado há seis meses, com discriminação de rendimentos, impostos e taxas, alegando falta de informes conforme prometido na contratação.",Médio,"A reclamação envolve ausência de informações contratuais prometidas sobre investimentos, configurando potencial violação de transparência e direitos do consumidor conforme §3.4 da POL-SAC-001. Embora não haja indícios de fraude ou urgência crítica, a falta de informes fiscais pode gerar escalação para órgãos reguladores se não tratada adequadamente. O risco reputacional é moderado, pois afeta conformidade com obrigações de prestação de contas.","Gerar relatório comparativo detalhado das movimentações do fundo multimercado em até 72h, conforme §3.4 da POL-SAC-001, discriminando rendimentos brutos, impostos retidos e taxas aplicadas | Revisar contrato e comunicações da contratação para verificar compromisso de envio de informes periódicos e identificar falha no processo | Disponibilizar extrato analítico completo em formato PDF ao cliente, incluindo histórico dos últimos 6 meses | Notificar Gerência de Investimentos sobre a falha no envio de informes para correção sistêmica e prevenção de recorrência | Registrar o caso no painel de acompanhamento gerencial para monitoramento de SLA e conformidade com diretrizes LGPD na comunicação"
REC-2026-00382,SAC,"Que maravilha de banco, hein? Abri minha conta corrente há dois meses e até agora não consigo fazer uma transferência sem o aplicativo travar. Ligo pro SAC e fico quarenta minutos ouvindo musiquinha pra no final a ligação cair. Sensacional o serviço de vocês! Ah, e o melhor: cobraram tarifa de manutenção de conta que, segundo o contrato, deveria ser isenta nos primeiros seis meses. Parabéns pela eficiência! Se não resolverem em 48 horas, vou direto ao Banco Central e ao Reclame Aqui, porque pelo visto só assim as coisas funcionam nesse banco.",Cobrança Indevida,Conta Corrente,Crítico,Crítica,4 horas,Gerência de Contas,"Cliente relata cobrança indevida de tarifa de manutenção em conta corrente que deveria ser isenta nos primeiros seis meses, associada a problemas de atendimento e funcionalidade do aplicativo. Ameaça denúncia ao Banco Central e Reclame Aqui em 48 horas.",Crítico,"A reclamação apresenta múltiplos fatores de criticidade conforme §2.4 da POL-SAC-001: menção explícita ao Banco Central com prazo de 48h, cobrança indevida em produto essencial (conta corrente), e falha sistêmica no aplicativo afetando transações. A combinação de violação contratual (isenção não respeitada), problema operacional grave e ameaça de escalação regulatória configura risco reputacional e regulatório imediato.","Contato ativo com o cliente em até 2 horas para reconhecimento da reclamação e início de tratativa, conforme §2.4 da POL-SAC-001 | Escalar imediatamente para Gerência de Contas e equipe de Compliance, notificando sobre menção ao Banco Central conforme §2.4 | Revisar extrato dos últimos 90 dias e processar estorno automático da tarifa indevida em até 24h, conforme §3.2 da POL-SAC-001 | Encaminhar problema de acesso ao aplicativo para TI com prioridade máxima, pois afeta transações, conforme §3.2 | Registrar no sistema de ouvidoria preventivamente e gerar relatório de incidente em até 24h, conforme §2.4 da POL-SAC-001"
REC-2026-00311,Banco Central,"Gostaria de reportar uma situação preocupante em minha conta corrente. Hoje pela manhã, ao acessar o aplicativo, identifiquei duas transferências via Pix que não realizei: uma de R$ 1.500,00 e outra de R$ 2.300,00, ambas efetuadas na madrugada de hoje para destinatários desconhecidos. Não compartilhei minha senha com ninguém e meu celular esteve comigo durante toda a noite. Já bloqueei o acesso pelo aplicativo e registrei boletim de ocorrência. Solicito o bloqueio total da conta, investigação das transações e ressarcimento dos valores. Caso não haja posicionamento em até 24 horas, registrarei reclamação no Banco Central.",Fraude/Segurança,Conta Corrente,Crítico,Crítica,4 horas,Gerência de Contas,"Cliente relata duas transferências Pix não autorizadas totalizando R$ 3.800,00 em sua conta corrente, realizadas na madrugada. Ameaça denúncia ao Banco Central em caso de falta de posicionamento em 24 horas. Solicita bloqueio da conta, investigação e ressarcimento.",Crítico,"Caso enquadra-se em urgência CRÍTICA conforme §2.4 da POL-SAC-001: indícios claros de fraude com transações não autorizadas, valor significativo (R$ 3.800,00), e menção explícita a escalação para Banco Central. Cliente demonstra vulnerabilidade financeira e emocional ao relatar perda de controle sobre sua conta, exigindo acionamento imediato de protocolos de segurança e prevenção a fraudes.","Contato ativo IMEDIATO com o cliente em até 2 horas para confirmar recebimento da reclamação e acionar protocolo de atendimento sensível (§2.4 da POL-SAC-001) | Escalar imediatamente para Gerência de Contas, equipe de Compliance e equipe de Prevenção a Fraudes para bloqueio de transações suspeitas (§2.4 da POL-SAC-001) | Bloquear conta corrente preventivamente e iniciar investigação das transações Pix não autorizadas em até 12 horas (§2.4 e §3.2 da POL-SAC-001) | Registrar caso no sistema de ouvidoria e notificar jurídico devido à menção ao Banco Central (§2.4 da POL-SAC-001) | Gerar relatório de incidente detalhado em até 24 horas e iniciar processo de estorno ou compensação temporária conforme resultado da investigação (§2.4 da POL-SAC-001)"
REC-2026-00511,Ouvidoria,"Engraçado como o banco consegue ser criativo para inventar tarifa. Agora estão cobrando R$ 7,50 por transferência via Pix na minha conta corrente. Pix. Aquele mesmo que o Banco Central criou para ser gratuito para pessoas físicas. Fui perguntar no chat e me responderam que é uma tarifa de manutenção do serviço de transferências instantâneas. Genial a nomenclatura, parabéns ao departamento de marketing. Gostaria de saber com base em que regulamentação estão cobrando isso, porque até onde sei, não podem. Aguardo uma explicação que faça sentido, se é que isso é possível.",Cobrança Indevida,Conta Corrente,Crítico,Alta,24 horas,Gerência de Contas,"Cliente questiona cobrança de tarifa de R$ 7,50 por transferência via Pix em conta corrente, alegando que o serviço deveria ser gratuito conforme regulamentação do Banco Central. Solicita fundamentação legal para a cobrança.",Crítico,"A reclamação envolve potencial violação regulatória do Banco Central sobre gratuidade do Pix para pessoas físicas, configurando urgência crítica conforme §2.4 da POL-SAC-001. O questionamento explícito sobre fundamentação legal e o tom assertivo indicam alta probabilidade de escalação para órgãos reguladores, gerando risco reputacional e de compliance significativo.","Contato ativo com o cliente em até 2 horas para esclarecimentos, conforme §2.4 da POL-SAC-001 | Escalar imediatamente para Gerência de Contas e equipe de Compliance para análise da conformidade da cobrança com regulamentação do Banco Central | Revisar extrato dos últimos 90 dias e suspender cobranças similares em até 24h caso seja identificada irregularidade, conforme §3.2 da POL-SAC-001 | Notificar coordenador da área responsável e registrar no painel de acompanhamento gerencial conforme §2.3 da POL-SAC-001 | Gerar relatório de incidente em até 24h com análise jurídica da fundamentação legal da tarifa e providenciar estorno automático se cobrança for comprovadamente indevida"
REC-2026-00417,SAC,"Que palhaçada é essa? Meu nome é [NOME OMITIDO], CPF [CPF OMITIDO], e apareceu uma transferência de R$ 2.700,00 que eu não fiz. Uma porcaria de PIX pra uma conta que nunca vi na vida. Já não é a primeira vez que isso acontece, da outra vez demorou quase 40 dias pra devolver o dinheiro. Esse banco não tem segurança nenhuma, é uma vergonha. Fica mandando SMS de confirmação que eu nunca recebi, como que aprovaram essa droga de transação? Tô de saco cheio já. Não vou ficar correndo atrás de resolver problema que vocês criaram.",Fraude/Segurança,Conta Corrente,Crítico,Crítica,4 horas,Gerência de Contas,"Cliente relata transação PIX não autorizada de R$ 2.700,00 e indica ser recorrência de problema anterior. Menciona falhas em confirmação de segurança e demora na resolução prévia.",Crítico,"Transação PIX não autorizada de R$ 2.700,00 configura indício claro de fraude, enquadrando-se na urgência CRÍTICA conforme §2.4 da POL-SAC-001. A recorrência do problema e falhas no processo de confirmação por SMS indicam possível vulnerabilidade sistêmica de segurança, elevando o risco reputacional e regulatório. A frustração extrema da cliente e histórico de resolução demorada (40 dias) amplificam o risco de escalação para órgãos externos.","Contato ativo IMEDIATO com a cliente em até 2 horas para acolhimento e coleta de informações adicionais, conforme §2.4 da POL-SAC-001 | Acionar equipe de Prevenção a Fraudes imediatamente para investigação da transação PIX suspeita e bloquear transações adicionais se necessário (§2.4) | Escalar para gerente da Gerência de Contas e equipe de Compliance em até 2 horas, notificando sobre recorrência do problema (§2.4) | Iniciar processo de estorno provisório da transação de R$ 2.700,00 em até 24 horas, conforme procedimentos para Conta Corrente (§3.2) | Gerar relatório de incidente em até 24 horas investigando falhas no sistema de confirmação por SMS e histórico de ocorrências anteriores (§2.4)"
REC-2026-00197,Banco Central,"Boa tarde. Meu nome é [NOME OMITIDO] e estou tentando resolver uma situação no aplicativo do banco desde a semana passada. A tela de extrato simplesmente não carrega e fica dando erro toda vez que tento acessar. Já desinstalei e reinstalei o app, limpei o cache, tentei pelo navegador e nada funciona. Preciso acompanhar minhas movimentações e não consigo. Gostaria de saber se há alguma manutenção em andamento ou se o problema é na minha conta especificamente. Agradeço qualquer orientação.",Atendimento,Conta Corrente,Negativo,Média,3 dias úteis,Gerência de Contas,"Cliente relata indisponibilidade da funcionalidade de extrato no aplicativo móvel há uma semana, com erros persistentes após tentativas de resolução. Solicita esclarecimento sobre manutenção ou problema específico na conta.",Médio,"A indisponibilidade prolongada (uma semana) da funcionalidade de extrato impede o cliente de acompanhar suas movimentações, configurando problema que afeta transações e controle financeiro. Conforme §3.2 da POL-SAC-001, problemas de acesso ao app que afetem transações devem ser encaminhados à TI com prioridade. Não há indícios de fraude ou violação regulatória, mas o tempo de resolução inadequado pode gerar risco reputacional e insatisfação.","Encaminhar imediatamente para TI com prioridade alta, conforme §3.2 da POL-SAC-001, para diagnóstico técnico da indisponibilidade do extrato no aplicativo | Contatar o cliente em até 24 horas para informar sobre o andamento da investigação técnica e oferecer canal alternativo de acesso ao extrato (internet banking ou agência) | Verificar se outros clientes apresentam o mesmo problema para identificar se é falha sistêmica ou específica da conta | Registrar o incidente no painel de acompanhamento gerencial devido ao tempo prolongado sem resolução (uma semana) | Garantir resolução definitiva em até 48 horas com retorno formal ao cliente sobre as causas e medidas corretivas implementadas"
REC-2026-00212,Ouvidoria,"Preciso relatar um problema sério com minha conta corrente. Desde a semana passada não consigo realizar transferências pelo aplicativo do banco. Toda vez que tento fazer um Pix ou TED, aparece uma mensagem de erro genérica dizendo que o serviço está temporariamente indisponível. Já tentei reinstalar o aplicativo, limpar o cache e usar outro celular, mas nada funciona. Fui até a agência e o gerente disse que não havia nenhum bloqueio na minha conta, mas mesmo assim o problema persiste. Preciso resolver isso com urgência porque tenho contas a pagar e compromissos financeiros que dependem dessas transferências. Solicito uma solução imediata, pois estou sendo prejudicado pela falha no serviço que o banco oferece.",Produto/Serviço,Conta Corrente,Negativo,Alta,24 horas,Gerência de Contas,"Cliente relata impossibilidade de realizar transferências (Pix e TED) pelo aplicativo da conta corrente há uma semana, com mensagens de erro persistentes apesar de múltiplas tentativas de resolução. Situação impacta compromissos financeiros do cliente.",Alto,"A reclamação envolve bloqueio funcional de serviços essenciais (Pix/TED) por período prolongado (uma semana), com múltiplas tentativas de resolução sem sucesso, caracterizando falha crítica de serviço que impede o cliente de cumprir obrigações financeiras. Conforme §2.3 da POL-SAC-001, casos com múltiplas tentativas sem resolução e impacto financeiro significativo são classificados como urgência ALTA. Há risco reputacional moderado devido à frustração do cliente e potencial escalação para órgãos reguladores caso não seja resolvido prontamente.","Contato ativo com o cliente via telefone em até 4 horas para confirmar recebimento da reclamação e iniciar diagnóstico técnico (conforme §2.3 da POL-SAC-001) | Encaminhar caso com prioridade máxima para área de TI, solicitando diagnóstico e resolução em até 24 horas, considerando que afeta transações essenciais (conforme §3.2 da POL-SAC-001) | Designar analista dedicado da Gerência de Contas para acompanhamento contínuo do caso até resolução completa | Notificar coordenador da Gerência de Contas sobre a falha sistêmica que impede operações por período prolongado | Registrar no painel de acompanhamento gerencial e enviar posicionamento intermediário ao cliente caso o prazo de 24 horas seja excedido (conforme §2.3 da POL-SAC-001)"
REC-2026-00299,Ouvidoria,"Gostaria de relatar uma situação com minha conta corrente no Banco Prisma. Desde a atualização do aplicativo no início de março, não consigo visualizar o extrato completo dos últimos 90 dias. O app exibe apenas os últimos 7 dias e, ao tentar expandir o período, apresenta mensagem de erro genérica. Tentei acessar pelo internet banking no computador e o problema é o mesmo. Preciso desses extratos para a declaração do imposto de renda. Agradeço se puderem verificar e corrigir o problema.",Produto/Serviço,Conta Corrente,Negativo,Alta,24 horas,Gerência de Contas,"Cliente relata impossibilidade de visualizar extrato completo de 90 dias no aplicativo e internet banking da conta corrente desde atualização de março, afetando declaração de imposto de renda. Problema persiste em múltiplos canais de acesso.",Médio,"A reclamação envolve problema técnico que impede acesso a informações essenciais da conta corrente, afetando obrigações fiscais do cliente. Conforme §3.2 da POL-SAC-001, problemas de acesso ao app que afetem transações ou consultas devem ser tratados com prioridade. Embora não haja indícios de fraude ou violação regulatória direta, a impossibilidade de acesso a extratos pode configurar violação do direito à informação e gerar risco reputacional se não resolvido prontamente.","Encaminhar imediatamente para TI com prioridade, conforme §3.2 da POL-SAC-001, para correção do bug que impede visualização de extratos superiores a 7 dias | Contatar o cliente em até 24 horas para fornecer extrato completo dos últimos 90 dias por canal alternativo (e-mail ou correspondência) enquanto problema técnico é corrigido | Registrar no painel de acompanhamento gerencial conforme §2.3 da POL-SAC-001, dado que urgência é Alta e afeta funcionalidade crítica | Notificar Gerência de Contas (responsável por Conta Corrente conforme §3.2) sobre o incidente para acompanhamento do caso | Verificar se outros clientes apresentam o mesmo problema após atualização de março e, em caso positivo, emitir comunicado proativo"
REC-2026-00420,Banco Central,"Prezados, gostaria de formalizar uma reclamação a respeito da plataforma de investimentos disponibilizada pelo banco. Nos últimos quinze dias, tenho enfrentado dificuldades recorrentes para acessar minha carteira de investimentos pelo aplicativo. O sistema apresenta mensagens de erro genéricas e, nas poucas vezes em que consigo acesso, as informações de rentabilidade estão desatualizadas em até cinco dias úteis. Essa situação é particularmente preocupante dado o cenário atual de volatilidade do mercado, onde decisões de resgate ou aplicação dependem de dados precisos e em tempo real. Solicito providências urgentes para normalização do serviço.",Produto/Serviço,Investimentos,Negativo,Alta,24 horas,Gerência de Investimentos,"Cliente relata dificuldades recorrentes de acesso à carteira de investimentos no aplicativo, com erros de sistema e informações de rentabilidade desatualizadas por até cinco dias úteis, comprometendo decisões de investimento em contexto de volatilidade de mercado.",Alto,"A reclamação envolve falhas sistêmicas recorrentes que impedem o acesso a informações críticas de investimentos por período prolongado (15 dias), com dados desatualizados por até 5 dias úteis. Conforme §3.4 da POL-SAC-001, problemas de acesso e divergências de rentabilidade em investimentos requerem tratamento prioritário. A situação apresenta risco reputacional significativo e potencial violação do dever de transparência, especialmente considerando o contexto de volatilidade de mercado mencionado pelo cliente.","Contatar o cliente em até 2 horas para reconhecimento da reclamação e coleta de detalhes técnicos adicionais (logs de erro, horários de tentativa de acesso) | Encaminhar imediatamente para a área de TI com prioridade crítica para diagnóstico e correção das falhas de sistema que afetam o acesso à carteira de investimentos | Gerência de Investimentos deve gerar relatório comparativo detalhado da rentabilidade em até 72h, conforme §3.4 da POL-SAC-001, validando a consistência dos dados | Designar analista dedicado da Gerência de Investimentos para acompanhamento do caso até completa normalização do acesso e atualização dos dados | Registrar o incidente no painel de acompanhamento gerencial e notificar o coordenador da Gerência de Investimentos sobre a falha sistêmica recorrente"
REC-2026-00240,Banco Central,"Mais uma vez recebo cobrança de parcela do empréstimo que eu já paguei, que saco! Já é a terceira vez que isso acontece e toda vez tenho que perder meu tempo ligando pra vocês pra provar que paguei. Droga de sistema que não reconhece pagamento feito no próprio app de vocês! E o pior é que ainda me mandaram o nome pro Serasa por causa dessa parcela de R$ 315,00. Que absurdo! Tô com o comprovante aqui, quero que tirem meu nome da negativação e parem de me encher o saco com essas cobranças erradas. Banco incompetente da porra.",Cobrança Indevida,Empréstimo,Crítico,Crítica,4 horas,Gerência de Crédito,"Cliente relata cobrança recorrente de parcela já paga (terceira ocorrência), com inclusão indevida em órgão de proteção ao crédito. Possui comprovante de pagamento e solicita remoção de negativação e cessação das cobranças.",Crítico,"Caso apresenta múltiplos agravantes: cobrança recorrente após quitação (terceira ocorrência), negativação indevida em órgão de proteção ao crédito e falha sistêmica comprovada. Conforme §2.4 da POL-SAC-001, situações com risco à segurança financeira do cliente e vulnerabilidade extrema exigem classificação crítica. A negativação indevida configura dano moral potencial e violação aos direitos do consumidor, demandando ação imediata de Compliance.","Contato ativo IMEDIATO com o cliente em até 2 horas para validar comprovante de pagamento e tranquilizar quanto às providências (§2.4 da POL-SAC-001) | Suspender todas as cobranças relacionadas à parcela em até 24 horas e emitir carta de quitação formal (§3.3 da POL-SAC-001) | Solicitar exclusão da negativação junto ao Serasa em caráter emergencial, com acompanhamento até confirmação da baixa (§2.4) | Escalar para Gerência de Crédito e equipe de Compliance, com notificação ao coordenador da área sobre falha sistêmica recorrente (§2.4) | Gerar relatório de incidente em até 24 horas investigando a causa raiz das cobranças recorrentes e propor compensação ao cliente pelo dano causado (§2.4)"
REC-2026-00621,SAC,"olha, vou ser direto pq ja to sem paciencia 😡 hj de manha recebi alerta de compra no credito q eu n fiz, uma de R$ 4.750 numa loja online e outra de R$ 890 em outra loja. bloqueei o cartao na hr pelo app mas dpois vi q tbm fizeram um pix de R$ 2.000 da minha conta q eu n reconheço. ja fiz BO e registrei td no app de vcs. to avisando q se n resolverem rapido vou direto no banco central e no procon pq isso é serio demais. meus dados foram comprometidos e eu preciso de resposta HOJE, n daqui 10 dias uteis como vcs costumam fazer. ja vi mta gente reclamando a msm coisa no reclame aqui e ngm sendo resolvido 😤",Fraude/Segurança,Cartão de Crédito,Crítico,Crítica,4 horas,Gerência de Cartões,"Cliente relata transações não autorizadas em cartão de crédito (R$ 5.640) e transferência PIX não reconhecida (R$ 2.000), com suspeita de comprometimento de dados. Ameaça denúncia ao Banco Central e Procon, exigindo resolução imediata.",Crítico,"Caso enquadra-se em urgência CRÍTICA conforme §2.4 da POL-SAC-001: indícios claros de fraude com transações não autorizadas totalizando R$ 7.640, comprometimento de dados do cliente e menção explícita a Banco Central e Procon. O cliente já realizou boletim de ocorrência, evidenciando a gravidade, e há risco reputacional pela menção a reclamações públicas no Reclame Aqui, conforme §4.4 da política.","Contato ativo IMEDIATO com o cliente em até 2 horas para confirmar recebimento e iniciar protocolo de atendimento sensível (§2.4 POL-SAC-001) | Bloquear cartão de crédito imediatamente, emitir segunda via e iniciar investigação de fraude em até 12 horas pela Gerência de Cartões (§3.1 POL-SAC-001) | Acionar equipe de Prevenção a Fraudes para análise das transações suspeitas e da transferência PIX não reconhecida (§2.4 POL-SAC-001) | Escalar para gerente de área, equipe de Compliance e notificar diretoria de Compliance em até 2 horas, registrando no sistema de ouvidoria devido à menção a Banco Central/Procon (§2.4 POL-SAC-001) | Gerar relatório de incidente em até 24 horas e iniciar processo de estorno provisório em até 48 horas, considerando valor superior a R$ 200 (§2.4 e §3.1 POL-SAC-001)"
REC-2026-00407,Ouvidoria,"Oi gente, to com um problemão aqui 😰 apareceu um pix de R$ 1.847,00 na minha conta corrente q eu nao fiz!! Foi ontem de madrugada tipo 3h da manhã, eu tava dormindo. Nunca vi esse destinatario na vida. Acho q alguem acessou minha conta pq recebi um sms estranho uns dias atras pedindo p confirmar dados mas eu nao cliquei em nd. Ja bloqueei tudo pelo app mas to mto preocupado. Tentei ligar no sac mas n consegui falar com ngm ainda. Isso é mt serio, preciso q investiguem e devolvam meu dinheiro. Vou registrar B.O. hj msm. Por favor me ajudem rapido 🙏",Fraude/Segurança,Conta Corrente,Crítico,Crítica,4 horas,Gerência de Contas,"Cliente relata transação PIX não autorizada de R$ 1.847,00 realizada durante a madrugada, com suspeita de acesso não autorizado à conta. Menciona recebimento de SMS suspeito anterior e intenção de registrar boletim de ocorrência. Requer investigação imediata e devolução dos valores.",Crítico,"Caso enquadra-se em urgência CRÍTICA conforme §2.4 da POL-SAC-001: indícios claros de fraude com transação PIX não autorizada, possível comprometimento de credenciais via phishing (SMS suspeito), e menção a registro de boletim de ocorrência. Há risco de segurança do cliente, potencial violação de dados e necessidade de ação imediata para mitigar perdas financeiras e reputacionais.","Contato ativo IMEDIATO com o cliente em até 2 horas para coleta de informações adicionais e tranquilização, aplicando protocolo de atendimento sensível conforme §2.4 | Acionar equipe de Prevenção a Fraudes imediatamente e bloquear transações suspeitas na conta, conforme §2.4 da POL-SAC-001 | Escalar para gerente da Gerência de Contas e equipe de Compliance em até 2 horas, conforme §2.4 | Iniciar investigação formal da transação PIX não autorizada em até 12 horas e processo de estorno/compensação temporária conforme §3.2 | Gerar relatório de incidente completo em até 24 horas documentando SMS suspeito, transação fraudulenta e ações tomadas, conforme §2.4"
REC-2026-00452,Redes Sociais,"PELO AMOR DE DEUS, ALGUÉM ME AJUDE! Acordei hoje de manhã e minha conta estava ZERADA. Foram feitas três transferências via Pix durante a madrugada que eu NÃO reconheço, totalizando mais de R$ 8.700,00. Eu estava dormindo, meu celular estava comigo, não passei minha senha pra ninguém. Liguei pro banco às 6h da manhã e me disseram que eu tenho que esperar 10 dias úteis pra análise. DEZ DIAS? Estou sem dinheiro pra pagar o aluguel, pra comer, pra nada! Já registrei boletim de ocorrência e vou ao Procon amanhã na primeira hora. Se não resolverem em 48 horas, vou ao Banco Central e à imprensa. Isso é um absurdo, o banco tem que garantir a segurança da minha conta. Estou desesperado, tenho filhos pra alimentar.",Fraude/Segurança,Conta Corrente,Crítico,Crítica,4 horas,Gerência de Contas,"Cliente relata transações não autorizadas via Pix totalizando R$ 8.700,00 durante a madrugada, deixando conta zerada. Menciona vulnerabilidade financeira (subsistência comprometida), ameaça de denúncia ao Procon e Banco Central, e registrou boletim de ocorrência.",Crítico,"Caso enquadra-se em urgência CRÍTICA conforme §2.4 da POL-SAC-001: indícios claros de fraude com transações não autorizadas, menção explícita a Banco Central e Procon, e vulnerabilidade financeira extrema do cliente (subsistência comprometida). A combinação de risco de segurança, ameaça regulatória e situação de vulnerabilidade emocional/financeira exige acionamento imediato dos protocolos de prevenção a fraudes e compliance.","Contato ativo IMEDIATO com o cliente em até 2 horas para acionar protocolo de atendimento sensível, conforme §2.4 da POL-SAC-001 | Acionar equipe de Prevenção a Fraudes imediatamente para bloquear transações suspeitas e iniciar investigação em até 12 horas, conforme §3.2 da POL-SAC-001 | Escalar para gerente da Gerência de Contas, equipe de Compliance e notificar jurídico em até 2 horas devido à menção a Procon e Banco Central, conforme §2.4 e §4.3 da POL-SAC-001 | Registrar no sistema de ouvidoria e gerar relatório de incidente em até 24 horas, conforme §2.4 da POL-SAC-001 | Avaliar compensação temporária das transações fraudulentas considerando a vulnerabilidade financeira extrema do cliente, conforme §2.4 da POL-SAC-001"
REC-2026-00170,Redes Sociais,"Oi meu nome é [NOME OMITIDO] e to desesperado 😰😰 apareceram umas transferencias na minha conta corrente q eu NÃO fiz!! Foram 3 pix no mesmo dia totalizando quase R$ 2.800 pra pessoas q eu nunca vi na vida. Ja bloqueei tudo pelo app mas to com mto medo pq parece q alguem conseguiu acessar minha conta. Liguei no sac e me falaram q vão analisar em até 10 dias uteis mas isso é mto tempo, preciso desse dinheiro!! Vou registrar um BO hj msm e se não devolverem meu dinheiro rapido vou no Reclame Aqui e no Procon tbm pq isso é um absurdo.",Fraude/Segurança,Conta Corrente,Crítico,Crítica,4 horas,Gerência de Contas,"Cliente relata transações não autorizadas em conta corrente (3 PIX totalizando aproximadamente R$ 2.800) e suspeita de acesso não autorizado. Ameaça denúncia ao Procon e Reclame Aqui, com indicativo de vulnerabilidade financeira e emocional.",Crítico,"Caso apresenta indícios claros de fraude com transações não autorizadas (3 PIX totalizando R$ 2.800) e possível comprometimento de credenciais de acesso, configurando urgência CRÍTICA conforme §2.4 da POL-SAC-001. Cliente demonstra vulnerabilidade financeira e emocional extrema, além de mencionar intenção de acionar Procon e Reclame Aqui, elevando o risco reputacional e regulatório. A resposta inadequada do SAC (prazo de 10 dias) viola o protocolo de atendimento para fraudes estabelecido na política.","Contato ativo IMEDIATO com o cliente em até 2 horas para acionar protocolo de atendimento sensível, conforme §2.4 da POL-SAC-001 | Escalar imediatamente para Gerência de Contas, equipe de Compliance e equipe de Prevenção a Fraudes para bloqueio de transações suspeitas e início de investigação | Revisar extrato dos últimos 90 dias e processar estorno provisório das transações contestadas (R$ 2.800) em até 48 horas, conforme §3.2 da POL-SAC-001 | Registrar caso no sistema de ouvidoria devido à menção ao Procon e notificar jurídico em até 2 horas, conforme §4.3 da POL-SAC-001 | Gerar relatório de incidente detalhado em até 24 horas e registrar no painel de acompanhamento gerencial, notificando coordenador da Gerência de Contas"
REC-2026-00507,Redes Sociais,"Por favor, eu imploro, alguém me ajude. Estou com um problema na minha conta corrente há semanas e não consigo falar com ninguém que resolva. O aplicativo trava, a agência sempre tem fila enorme e quando consigo ser atendido dizem que não podem fazer nada ali e que eu preciso ligar na central. Na central, fico esperando eternamente e ninguém atende. Eu só preciso de um desbloqueio simples no acesso ao internet banking. Sei que não é nada urgente comparado a outros problemas, mas estou ficando sem saber o que fazer. Me sinto completamente abandonado como cliente. Será que alguém pode olhar meu caso com um mínimo de atenção?",Atendimento,Conta Corrente,Crítico,Alta,24 horas,Gerência de Contas,"Cliente relata dificuldade de acesso ao internet banking há semanas sem resolução. Múltiplas tentativas de contato (aplicativo, agência, central) sem sucesso. Demonstra frustração e vulnerabilidade emocional significativa.",Alto,"Cliente apresenta vulnerabilidade emocional significativa ('imploro', 'abandonado') e múltiplas tentativas sem resolução, caracterizando falha sistêmica de atendimento. Embora não haja indício de fraude ou menção a órgãos reguladores, a situação enquadra-se em urgência ALTA conforme §2.3 da POL-SAC-001 por envolver problema recorrente e risco reputacional. A vulnerabilidade emocional exige acionamento do protocolo de atendimento sensível previsto no §2.4.","Contato ativo com o cliente via telefone em até 4 horas, aplicando protocolo de atendimento sensível (tom empático, sem cobrança de prazos), conforme §2.4 da POL-SAC-001 | Designar analista dedicado da Gerência de Contas para acompanhamento exclusivo do caso, conforme §2.3 | Encaminhar problema de acesso ao internet banking para TI com prioridade máxima, dado que afeta transações, conforme §3.2 da POL-SAC-001 | Notificar coordenador da Gerência de Contas sobre falha sistêmica no atendimento multicanal (app, agência, central) em até 4 horas | Registrar no painel de acompanhamento gerencial e gerar relatório de incidente identificando gaps no fluxo de atendimento em até 24 horas"
REC-2026-00444,Redes Sociais,"Que porcaria de banco é esse? Abri meu extrato da conta corrente hoje e tem três transferências via Pix que eu NÃO fiz! Uma de R$ 800, outra de R$ 1.200 e outra de R$ 450, todas pra gente que eu nunca vi na vida. Caralho, como é que alguém consegue fazer isso na minha conta? Cadê a segurança que vocês tanto anunciam na propaganda? Eu bloqueei o app na hora, mas o dinheiro já era. Quero meu dinheiro de volta e quero saber como diabos isso aconteceu. Segurança de dados zero nesse banco. Vou pensar seriamente em trocar de instituição.",Fraude/Segurança,Conta Corrente,Crítico,Crítica,4 horas,Gerência de Contas,"Cliente relata três transações Pix não autorizadas em sua conta corrente, totalizando aproximadamente R$ 2.450. Bloqueou o aplicativo após descoberta. Solicita reembolso e investigação sobre a falha de segurança.",Crítico,"Caso enquadra-se em urgência CRÍTICA conforme §2.4 da POL-SAC-001 por apresentar indícios claros de fraude com transações não autorizadas totalizando R$ 2.450. A situação demanda acionamento imediato da equipe de Prevenção a Fraudes e bloqueio de transações suspeitas, além de representar alto risco reputacional pela vulnerabilidade financeira do cliente e potencial exposição em canais públicos.","Contato ativo IMEDIATO com o cliente em até 2 horas para acolhimento e coleta de informações adicionais, conforme protocolo de atendimento sensível (§2.4 da POL-SAC-001) | Acionar equipe de Prevenção a Fraudes imediatamente para investigação das três transações Pix não autorizadas e análise de vulnerabilidades de segurança | Escalar para gerente da Gerência de Contas e equipe de Compliance em até 2 horas, com notificação ao coordenador da área responsável | Bloquear imediatamente novas transações suspeitas e iniciar processo de estorno ou compensação temporária dos valores (R$ 2.450) conforme §2.4 | Gerar relatório de incidente detalhado em até 24 horas e registrar no painel de acompanhamento gerencial e sistema de ouvidoria"
REC-2026-00428,Ouvidoria,"Contratei um seguro residencial pelo aplicativo do banco há uns quatro meses e na época me informaram que a cobertura incluía danos elétricos. Semana passada tive um problema na fiação e quando fui acionar o seguro, me disseram que meu plano não cobre esse tipo de sinistro. Fiquei um pouco confuso porque tenho quase certeza que na simulação aparecia essa cobertura. Não cheguei a guardar print da tela. Gostaria de entender melhor o que de fato está coberto na minha apólice e, se possível, verificar se houve algum equívoco na contratação.",Produto/Serviço,Seguros,Neutro,Média,3 dias úteis,Gerência de Seguros,"Cliente contratou seguro residencial há quatro meses com expectativa de cobertura para danos elétricos. Ao acionar sinistro, foi informado que o plano não cobre esse tipo de evento. Cliente solicita esclarecimento sobre coberturas efetivas e verificação de possível equívoco na contratação.",Médio,"A reclamação envolve possível falha na comunicação de coberturas durante a contratação do seguro, o que pode configurar venda inadequada e gerar risco reputacional moderado. Conforme §3.5 da POL-SAC-001, casos de divergência entre informações prestadas e cobertura efetiva requerem verificação contratual detalhada. Não há indícios de fraude ou valores críticos, mas a ausência de documentação pelo cliente dificulta a apuração imediata.","Registrar protocolo e enviar confirmação ao cliente em até 12h, conforme §2.2 da POL-SAC-001 | Gerência de Seguros deve revisar contrato e todas as comunicações (e-mails, telas de simulação arquivadas) para verificar se cobertura de danos elétricos foi mencionada durante a contratação | Analista sênior deve avaliar o caso em até 24h e gerar relatório comparativo entre coberturas contratadas e informações prestadas ao cliente | Enviar ao cliente documento detalhado com todas as coberturas efetivas da apólice atual em até 48h | Caso seja comprovada falha na informação durante contratação, oferecer upgrade do plano sem custo adicional ou estorno proporcional, conforme §3.4 da POL-SAC-001"
REC-2026-00564,Redes Sociais,"Pelo amor de Deus, preciso de ajuda urgente. Entrei no aplicativo da minha conta corrente hoje de manhã e vi que tem duas transferências via Pix que eu NÃO fiz. Uma de R$ 750 e outra de R$ 1.200, as duas de madrugada enquanto eu dormia. Estou desesperada, não sei o que fazer. Já troquei a senha pelo app mas tenho medo de que acessem de novo. Tentei ligar na central mas a fila tá enorme. Alguém invadiu minha conta e estou com muito medo de perder mais dinheiro. Preciso que bloqueiem tudo e me devolvam esses valores. Por favor, me ajudem, é tudo que eu tenho pra pagar as contas do mês.",Fraude/Segurança,Conta Corrente,Crítico,Crítica,4 horas,Gerência de Contas,"Cliente relata duas transações Pix não autorizadas (R$ 750 e R$ 1.200) realizadas durante a madrugada em sua conta corrente. Apresenta vulnerabilidade financeira, temor de novos acessos não autorizados e dependência dos valores para subsistência mensal.",Crítico,"Caso apresenta indícios claros de fraude com transações não autorizadas totalizando R$ 1.950, além de vulnerabilidade financeira extrema da cliente que depende dos valores para subsistência. Conforme §2.4 da POL-SAC-001, situações envolvendo suspeita de fraude, risco à segurança do cliente e vulnerabilidade emocional/financeira extrema são classificadas como urgência CRÍTICA. O acesso não autorizado à conta durante a madrugada configura risco de segurança ativo que demanda ação imediata.","Contato ativo IMEDIATO com a cliente em até 2 horas para tranquilização e coleta de informações adicionais, aplicando protocolo de atendimento sensível conforme §2.4 da POL-SAC-001 | Acionar equipe de Prevenção a Fraudes imediatamente e bloquear novas transações Pix na conta corrente para evitar perdas adicionais, conforme §2.4 da POL-SAC-001 | Escalar para gerente da Gerência de Contas e equipe de Compliance em até 4 horas, conforme §2.4 da POL-SAC-001 | Iniciar investigação das transações suspeitas e processo de estorno provisório dos valores (R$ 1.950) em até 48 horas, conforme §3.2 da POL-SAC-001 | Gerar relatório de incidente detalhado em até 24 horas e registrar no sistema de ouvidoria, conforme §2.4 da POL-SAC-001"
REC-2026-00234,SAC,"oi gente, to com uma duvida meio chata aqui 😅 fiz um emprestimo ai pelo app em novembro do ano passado e agr to querendo saber se da pra antecipar umas parcelas pq to com uma graninha sobrando ne.. tentei fazer pelo aplicativo mas n achei a opção em lugar nenhum, o app de vcs é meio confuso viu kk. meu cpf é [CPF OMITIDO] e a conta é [CONTA OMITIDA]. alguem pode me ajudar a resolver isso? n é nada urgente n, só queria msm aproveitar e pagar logo pra tirar essa divida das costas 😊 se puderem me retornar pelo chat msm agradeço, pq ligar pra vcs é complicado dmais",Produto/Serviço,Empréstimo,Neutro,Baixa,5 dias úteis,Gerência de Crédito,Cliente solicita orientação sobre antecipação de parcelas de empréstimo contratado em novembro. Relata dificuldade em localizar a funcionalidade no aplicativo e solicita suporte via chat.,Baixo,"Trata-se de solicitação de orientação sobre funcionalidade de antecipação de parcelas de empréstimo, sem indícios de fraude, transação não autorizada ou violação regulatória. O cliente demonstra disposição para quitar antecipadamente, não há menção a órgãos reguladores ou vulnerabilidade financeira. Conforme §2.1 da POL-SAC-001, reclamações de dúvidas operacionais sem impacto financeiro negativo são classificadas como baixa urgência.","Registrar protocolo e enviar confirmação ao cliente em até 24h conforme §2.1 da POL-SAC-001 | Encaminhar solicitação à Gerência de Crédito (responsável por empréstimos conforme §3.3) para orientação sobre procedimento de antecipação | Fornecer tutorial ou passo a passo detalhado sobre localização da funcionalidade de antecipação no aplicativo | Registrar feedback sobre dificuldade de navegação no app para equipe de UX/TI visando melhoria da interface | Responder via chat conforme preferência do cliente, garantindo resolução em até 5 dias úteis (prazo padrão para urgência baixa)"
REC-2026-00586,Redes Sociais,"Mano, contratei um emprestimo pelo app e a taxa q me mostraram na simulação era uma, mas no contrato veio OUTRA completamente diferente 😡 Tipo, na hora de simular tava 1,9% ao mês e dps no contrato final veio 2,8%. Isso é propaganda enganosa ne?? O app deveria ser mais claro sobre essas coisas, pq a gnt confia na simulação pra tomar a decisão. Agr to pagando mto mais do q eu tinha planejado e isso bagunçou todo meu orçamento do mês. Quero q vcs revisem isso e ajustem a taxa pro q foi mostrado na simulação original. Se n resolverem vou procurar o Procon.",Cobrança Indevida,Empréstimo,Crítico,Crítica,4 horas,Gerência de Crédito,"Cliente relata discrepância entre taxa de juros simulada (1,9% a.m.) e a contratada (2,8% a.m.) em empréstimo, alegando propaganda enganosa e impacto no orçamento mensal. Ameaça denúncia ao Procon.",Crítico,"A reclamação apresenta divergência de taxas em empréstimo com menção explícita ao Procon, configurando urgência crítica conforme §2.4 da POL-SAC-001. Há indícios de falha na transparência contratual que pode caracterizar violação ao CDC e gerar passivo regulatório. O caso demanda acionamento imediato de Compliance e jurídico, conforme §4.3 da política.","Contato ativo com o cliente em até 2 horas para coleta de dados do contrato e prints da simulação, conforme §2.4 da POL-SAC-001 | Escalar imediatamente para Gerência de Crédito e equipe de Compliance para análise da divergência entre simulação e contrato efetivado | Recalcular parcelas em até 48 horas aplicando a taxa de 1,9% a.m. e gerar comparativo detalhado, conforme §3.3 da POL-SAC-001 | Notificar jurídico sobre potencial denúncia ao Procon e preparar documentação de defesa preventiva, conforme §4.3 da política | Gerar relatório de incidente em até 24 horas identificando falha sistêmica no app e encaminhar para TI e Compliance, conforme §2.4 da POL-SAC-001"
REC-2026-00236,SAC,"Por favor, eu preciso muito de ajuda, estou desesperado. Entrei no aplicativo do banco ontem à noite pra conferir meus investimentos em CDB e percebi que foram resgatados R$ 12.340,00 da minha aplicação sem minha autorização. Eu não fiz esse resgate, não reconheço essa movimentação de jeito nenhum. Parece que alguém acessou minha conta indevidamente. Meu CPF é [CPF OMITIDO] e a conta é [CONTA OMITIDA]. Estou com muito medo de perder tudo o que juntei com tanto esforço. Já troquei a senha e ativei a verificação em duas etapas, mas o dinheiro já saiu. Preciso que investiguem urgente o que aconteceu e devolvam o valor. Estou sem dormir desde ontem.",Fraude/Segurança,Investimentos,Crítico,Crítica,4 horas,Gerência de Investimentos,"Cliente relata resgate não autorizado de R$ 12.340,00 em aplicação de CDB, indicando possível acesso indevido à conta. Apresenta vulnerabilidade emocional significativa e risco de comprometimento financeiro, exigindo investigação imediata e restituição do valor.",Crítico,"Caso apresenta indícios claros de fraude com transação não autorizada em investimentos (resgate de R$ 12.340,00), além de vulnerabilidade emocional extrema do cliente, conforme §2.4 da POL-SAC-001. A situação configura risco de segurança do cliente e potencial violação de controles de acesso, exigindo acionamento imediato de Prevenção a Fraudes e Compliance. O valor significativo e o comprometimento financeiro relatado elevam o risco reputacional e regulatório.","Contato ativo IMEDIATO com o cliente em até 2 horas, aplicando protocolo de atendimento sensível devido à vulnerabilidade emocional identificada (§2.4 da POL-SAC-001) | Acionar equipe de Prevenção a Fraudes imediatamente para investigação do resgate não autorizado e bloquear transações suspeitas na conta (§2.4 da POL-SAC-001) | Escalar para gerente da Gerência de Investimentos e equipe de Compliance em até 2 horas, com notificação ao coordenador da área responsável (§2.4 e §3.4 da POL-SAC-001) | Desbloquear ou justificar formalmente a situação do resgate em até 24 horas, conforme procedimento para investimentos (§3.4 da POL-SAC-001) | Gerar relatório de incidente detalhado em até 24 horas e registrar no sistema de ouvidoria e painel de acompanhamento gerencial (§2.4 da POL-SAC-001)"
REC-2026-00228,Ouvidoria,"Olha, eu realmente admiro a criatividade desse banco. Meu cartão de crédito foi bloqueado pela terceira vez este mês sem motivo aparente. Toda vez eu ligo, espero meia hora, desbloqueiam, e dois dias depois bloqueiam de novo. Deve ser algum tipo de programa de fidelidade às avessas: quanto mais te incomodam, mais fiel você fica. Minha conta é [CONTA OMITIDA]. Da última vez, fiquei no caixa de um restaurante passando vergonha porque o cartão não passou. Seria cômico se não fosse trágico. Se o banco não quer que eu use o cartão, é só me avisar que eu cancelo sem problema nenhum.",Produto/Serviço,Cartão de Crédito,Crítico,Alta,24 horas,Gerência de Cartões,"Cliente relata bloqueios recorrentes do cartão de crédito (terceira vez no mês) sem justificativa aparente, causando constrangimento em transações. Múltiplas tentativas de resolução sem sucesso permanente.",Alto,"A recorrência de bloqueios sem justificativa aparente (terceira vez no mês) indica falha sistêmica ou possível erro no sistema antifraude, gerando risco reputacional significativo e constrangimento ao cliente. Conforme §2.3 da POL-SAC-001, situações que afetam repetidamente o cliente e geram exposição pública (mencionou constrangimento em estabelecimento) requerem tratamento prioritário. A frustração expressa e menção a cancelamento indicam risco de perda de cliente e potencial exposição em redes sociais.","Contato ativo com o cliente em até 4 horas para escuta empática e coleta de detalhes sobre os bloqueios recorrentes, conforme protocolo de urgência alta (§2.3 POL-SAC-001) | Acionar Gerência de Cartões imediatamente para investigação da causa raiz dos bloqueios recorrentes e revisão de parâmetros do sistema antifraude aplicados à conta 73219-8 (§3.1 POL-SAC-001) | Desbloquear cartão definitivamente em até 12 horas após identificação e correção da causa, com garantia de estabilidade do serviço (§3.1 POL-SAC-001) | Oferecer compensação ao cliente (isenção de anuidade proporcional ou pontos de fidelidade) como gesto de boa-fé pelo transtorno recorrente e constrangimento relatado | Gerar relatório de incidente em até 24 horas documentando a falha sistêmica e encaminhar para coordenador da área e painel gerencial (§2.3 POL-SAC-001)"
