id,canal,texto_original,category,product,sentiment,urgency,prazo_resposta,area_responsavel,summary,risk_level,risk_justification,acoes_recomendadas
REC-2026-00566,Redes Sociais,"Ah, que maravilha, né? Pedi o cancelamento do meu cartão de crédito há três meses. Me disseram que estava tudo certo, cancelado, finito. Adivinha o que chegou na minha fatura esse mês? A cobrança da anuidade de um cartão que, teoricamente, não existe mais. Genial. Parabéns ao time de cancelamento que aparentemente trabalha num universo paralelo onde cancelar não significa cancelar. Liguei de novo, abri outro protocolo — já perdi a conta de quantos tenho — e me disseram que o cancelamento ""está em processamento"". Três meses processando. Deve ser o computador mais lento do planeta. Quero o cancelamento DEFINITIVO e o estorno dessa anuidade cobrada indevidamente. Ou será que preciso enviar um pombo-correio?",Cancelamento,Cartão de Crédito,Crítico,Alta,24 horas,Gerência de Cartões,"Cliente solicita cancelamento definitivo de cartão de crédito não efetivado há três meses, com cobrança indevida de anuidade. Múltiplas tentativas anteriores sem resolução e frustração evidente com o processo.",Alto,"A reclamação evidencia falha reiterada no processamento de cancelamento (3 meses sem resolução) e cobrança indevida de anuidade, configurando potencial violação ao CDC e risco reputacional significativo. A frustração extrema do cliente e múltiplas tentativas sem sucesso indicam falha sistêmica que pode escalar para órgãos reguladores. Conforme §2.3 da POL-SAC-001, casos com múltiplas reclamações não resolvidas e cobrança indevida requerem tratamento prioritário e escalação imediata.","Contatar cliente ativamente em até 2 horas para reconhecer a falha e informar ações corretivas, conforme protocolo de atendimento sensível (§2.4 POL-SAC-001) | Processar cancelamento definitivo do cartão em até 24 horas e confirmar baixa no sistema, conforme §3.1 POL-SAC-001 - Responsável: Gerência de Cartões | Executar estorno automático da anuidade cobrada indevidamente em até 48 horas, conforme §3.1 POL-SAC-001 | Escalar para coordenador da Gerência de Cartões para investigar falha sistêmica que impediu cancelamento anterior e gerar relatório de incidente em até 24h (§2.3 POL-SAC-001) | Designar analista dedicado para acompanhamento do caso até resolução completa e confirmação de satisfação do cliente (§2.3 POL-SAC-001)"
REC-2026-00495,SAC,"Meu nome é [NOME OMITIDO] e eu estou puta da vida com esse banco. Me cobraram R$ 459,00 de anuidade no cartão de crédito sendo que eu CANCELEI essa merda do cartão em janeiro. Liguei, a atendente confirmou o cancelamento, me deu protocolo e tudo. Agora em março vem uma fatura com anuidade? Que brincadeira é essa? E ainda por cima negativaram meu nome por causa dessa cobrança indevida. Isso é um absurdo, vou entrar no Reclame Aqui, no Procon e onde mais for preciso. Quero o estorno imediato, a baixa na negativação e um pedido de desculpas. Protocolo do cancelamento: 2026012847391.",Cobrança Indevida,Cartão de Crédito,Crítico,Crítica,4 horas,Gerência de Cartões,"Cliente relata cobrança de anuidade em cartão cancelado em janeiro, com confirmação prévia de cancelamento. Menciona negativação do nome e ameaça de denúncia ao Procon e Reclame Aqui. Solicita estorno, baixa de negativação e desculpas formais.",Crítico,"Caso enquadra-se em urgência CRÍTICA conforme §2.4 da POL-SAC-001 por menção explícita a Procon e risco reputacional (Reclame Aqui), além de cobrança indevida com negativação indevida do nome. A combinação de cobrança após cancelamento confirmado, dano ao crédito do cliente e ameaça de escalação para órgãos reguladores configura violação de direitos do consumidor e alto risco reputacional e regulatório para a instituição.","Contato ativo IMEDIATO com a cliente em até 2h para reconhecer o problema e informar ações corretivas, conforme §2.4 da POL-SAC-001 | Escalar imediatamente para Gerência de Cartões, Compliance e jurídico devido à menção ao Procon, conforme §2.4 da POL-SAC-001 | Bloquear cobrança e iniciar estorno da anuidade de R$ 459,00 em até 24h, conforme §3.1 da POL-SAC-001 | Solicitar baixa imediata da negativação junto aos órgãos de proteção ao crédito em até 24h, com acompanhamento até confirmação | Gerar relatório de incidente em até 24h e registrar no sistema de ouvidoria preventivamente, conforme §2.4 da POL-SAC-001"
REC-2026-00558,Redes Sociais,"Que bela surpresa encontrar na minha fatura uma cobrança de R$ 59,90 referente a um seguro de vida que eu nunca, jamais, em tempo algum contratei. Minha conta é [CONTA OMITIDA], CPF [CPF OMITIDO], nome [NOME OMITIDO], caso precisem conferir que de fato não existe nenhuma assinatura minha autorizando essa belezura. É incrível como o banco consegue inventar cobranças do nada. Parabéns pela criatividade. Solicito o cancelamento imediato desse suposto seguro e o estorno de todas as parcelas cobradas indevidamente. Fico no aguardo, sem muita esperança, confesso.",Cobrança Indevida,Seguros,Crítico,Alta,24 horas,Gerência de Seguros,"Cliente relata cobrança de R$ 59,90 referente a seguro de vida não contratado em sua fatura. Solicita cancelamento imediato do serviço e estorno das parcelas cobradas indevidamente.",Alto,"Cobrança de produto não contratado configura indício de falha grave no processo de contratação, com potencial violação de direitos do consumidor e risco de escalação para órgãos reguladores (Procon/Banco Central). Conforme §2.3 da POL-SAC-001, casos de cobrança indevida em produtos de seguros exigem tratamento prioritário. O tom crítico da reclamação e menção explícita à ausência de autorização elevam o risco reputacional e de litígio.","Contato ativo com a cliente em até 4 horas para confirmar ausência de contratação e oferecer solução imediata, conforme §2.3 da POL-SAC-001 | Suspender imediatamente a cobrança do seguro e processar cancelamento em até 48h, conforme §3.5 da POL-SAC-001 (Gerência de Seguros) | Revisar histórico completo de contratação nos últimos 90 dias para identificar origem da cobrança e verificar se houve falha sistêmica ou indício de contratação irregular | Processar estorno integral de todas as parcelas cobradas indevidamente com devolução proporcional do prêmio em até 48h, conforme §3.5 da POL-SAC-001 | Escalar para Gerência de Seguros e Compliance para análise de conformidade do processo de contratação e geração de relatório de incidente em até 24h"
REC-2026-00574,SAC,"Boa tarde, meu nome é [NOME OMITIDO] e to tentando cancelar um serviço q eu nem lembro de ter contratado faz uns 3 meses 😅 Já liguei umas 4 vezes e sempre falam q o cancelamento foi feito, mas continua vindo a cobrança no mês seguinte. Da última vez a atendente disse q ia gerar um protocolo e resolver em 5 dias úteis, mas já faz 20 dias e nada. Sinceramente, não sei mais oq fazer. Só quero q parem de descontar esse valor da minha conta pq nem sei pra q serve isso.",Cancelamento,Não Identificado,Negativo,Alta,24 horas,Área de Suporte Geral,"Cliente relata dificuldade em cancelar serviço contratado há 3 meses, com múltiplas tentativas sem sucesso. Cobranças continuam sendo descontadas da conta apesar de promessas de resolução em 5 dias úteis, sem retorno após 20 dias.",Alto,"A reclamação apresenta múltiplas tentativas de resolução sem sucesso (4 contatos prévios) e cobranças recorrentes após promessas de cancelamento, caracterizando falha operacional grave. Conforme §2.3 da POL-SAC-001, casos com múltiplas tentativas sem resolução e valores sendo cobrados indevidamente enquadram-se em urgência ALTA. Há risco reputacional moderado pela frustração evidente do cliente e potencial escalação para órgãos reguladores caso não seja resolvido imediatamente.","Contato ativo com a cliente Carla Mendonça em até 4 horas via telefone para validar situação e tranquilizar (conforme §2.3 da POL-SAC-001) | Designar analista sênior dedicado para investigar histórico completo dos 4 protocolos anteriores e identificar falha no processo de cancelamento em até 24 horas | Suspender imediatamente todas as cobranças relacionadas ao serviço contestado e processar estorno retroativo dos valores cobrados indevidamente nos últimos 90 dias | Notificar coordenador da área responsável pelo produto/serviço para correção do processo que permitiu a continuidade das cobranças após cancelamento | Processar cancelamento definitivo em até 24 horas com confirmação formal por escrito e número de protocolo, conforme procedimentos gerais de cancelamento da política"
REC-2026-00177,Redes Sociais,"oi gente, to tentando cancelar meu cartao de credito faz umas 2 semanas e n consigo de jeito nenhum 😩 liguei la e a moça disse q ia cancelar mas hj chegou a fatura normal cobrando anuidade. pelo app n tem opção de cancelamento, só aparece pra pedir cartão novo kkk. serio q em pleno 2026 n da pra cancelar um cartao pelo app?? quero cancelar msm, n adianta oferecer desconto na anuidade pq ja decidi. alguem me ajuda pfv, to cansado de ficar ligando 🙄",Cancelamento,Cartão de Crédito,Negativo,Alta,24 horas,Gerência de Cartões,"Cliente solicita cancelamento de cartão de crédito há duas semanas sem sucesso. Apesar de tentativa de cancelamento via atendimento, recebeu cobrança de anuidade. Relata indisponibilidade de opção de cancelamento no aplicativo e frustração com múltiplas tentativas sem resolução.",Médio,"A reclamação envolve falha no processamento de cancelamento solicitado há 2 semanas, resultando em cobrança indevida de anuidade, o que configura violação do prazo de 24h estabelecido no §3.1 da POL-SAC-001. Embora não haja indícios de fraude ou vulnerabilidade extrema, a persistência do problema e múltiplas tentativas frustradas elevam o risco reputacional e de escalação para órgãos externos. A urgência classificada como Alta na triagem justifica tratamento prioritário.","Processar cancelamento do cartão imediatamente, conforme §3.1 da POL-SAC-001, com confirmação ao cliente em até 24h | Estornar anuidade cobrada indevidamente de forma automática, conforme §3.1 da POL-SAC-001 | Designar analista dedicado da Gerência de Cartões para contato ativo com o cliente em até 4h, conforme §2.3 da POL-SAC-001 | Registrar incidente no painel de acompanhamento gerencial e notificar coordenador da Gerência de Cartões sobre falha sistêmica no processo de cancelamento | Encaminhar demanda para TI com prioridade para correção da ausência de opção de cancelamento no aplicativo"
REC-2026-00626,Banco Central,"CHEGA! Faz DOIS MESES que estou tentando cancelar essa porcaria de fundo de investimento e vocês ficam me enrolando com burocracia inútil! Toda vez é uma desculpa diferente: que o prazo de resgate não permite, que precisa ir na agência, que o sistema está fora do ar. Isso é sacanagem! Já mandei carta, já fui na agência, já liguei não sei quantas vezes. Vocês acham que cliente é palhaço? Pois informo que já registrei reclamação no Banco Central e no Reclame Aqui, e meu advogado está preparando ação no Procon. Se em 5 dias úteis meu dinheiro não estiver na minha conta, vou levar isso pra imprensa. Tô de saco cheio dessa enganação. Quero meu dinheiro de volta, AGORA!",Cancelamento,Investimentos,Crítico,Crítica,4 horas,Gerência de Investimentos,"Cliente solicita cancelamento de fundo de investimento há dois meses sem resolução. Relata múltiplas tentativas de contato, registro no Banco Central, Reclame Aqui e ameaça de ação no Procon e imprensa.",Crítico,"Caso enquadra-se em urgência CRÍTICA conforme §2.4 da POL-SAC-001 por menção explícita a Banco Central, Procon e ameaça de exposição na imprensa, configurando risco reputacional elevado. Adicionalmente, há indícios de violação do §3.4 da POL-SAC-001 quanto a resgate bloqueado de investimento sem justificativa formal em 24h, com reclamação pendente há dois meses. A combinação de múltiplos canais externos acionados e prazo expirado caracteriza falha grave no atendimento e risco regulatório iminente.","Contato ativo IMEDIATO com o cliente em até 2h para escuta empática e coleta de detalhes do bloqueio, conforme protocolo de urgência CRÍTICA (§2.4 POL-SAC-001) | Escalar imediatamente para Gerência de Investimentos e equipe de Compliance, notificando sobre registro no Banco Central e ameaça ao Procon (§2.4 POL-SAC-001) | Desbloquear resgate ou apresentar justificativa formal documentada em até 24h, conforme §3.4 da POL-SAC-001, priorizando desbloqueio imediato dado o prazo de 2 meses | Registrar caso no sistema de ouvidoria e notificar jurídico em até 2h sobre menção a Banco Central, conforme §4.3 da POL-SAC-001 | Gerar relatório de incidente em até 24h detalhando falhas no processo de resgate e ações corretivas implementadas (§2.4 POL-SAC-001)"
REC-2026-00623,Redes Sociais,"Venho por meio desta registrar reclamação formal referente ao encerramento unilateral da minha conta corrente sem qualquer aviso prévio ou justificativa plausível. Na data de 12/03/2026, ao tentar acessar minha conta pelo aplicativo, recebi a mensagem de que a conta estava bloqueada. Ao comparecer à agência, fui informado de que a conta havia sido encerrada por decisão interna do banco, sem detalhamento. Possuo salário depositado nessa conta e compromissos em débito automático que foram prejudicados. Informo que já protocolei reclamação junto ao Banco Central sob o número de protocolo e que, caso não haja resolução em até cinco dias úteis, tomarei as medidas cabíveis junto ao Procon e à Defensoria Pública. Aguardo retorno imediato.",Cancelamento,Conta Corrente,Crítico,Crítica,4 horas,Gerência de Contas,"Cliente relata encerramento unilateral de conta corrente sem aviso prévio, afetando recebimento de salário e débitos automáticos. Já protocolou reclamação no Banco Central e ameaça escalação para Procon e Defensoria Pública.",Crítico,"Caso enquadra-se em urgência CRÍTICA conforme §2.4 da POL-SAC-001 por menção explícita a Banco Central e ameaça de escalação para Procon e Defensoria Pública, configurando risco regulatório imediato. O encerramento unilateral sem justificativa adequada pode caracterizar violação de direitos do consumidor e gerar passivo reputacional e sanções regulatórias. A interrupção de recebimento de salário e débitos automáticos agrava a vulnerabilidade financeira do cliente.","Contato ativo IMEDIATO com o cliente em até 2 horas para esclarecimentos e tentativa de resolução, conforme §2.4 da POL-SAC-001 | Escalar imediatamente para gerente da Gerência de Contas, equipe de Compliance e notificar diretoria de Compliance em até 2h, conforme §2.4 e §4.3 da POL-SAC-001 | Registrar formalmente no sistema de ouvidoria e notificar jurídico para revisão da resposta ao Banco Central antes do envio, conforme §4.3 da POL-SAC-001 | Revisar processo de encerramento da conta e, se irregular, reativar conta em caráter emergencial para restabelecer recebimento de salário e débitos automáticos | Gerar relatório de incidente detalhado em até 24h documentando cronologia, justificativa do encerramento e ações corretivas implementadas, conforme §2.4 da POL-SAC-001"
REC-2026-00575,Banco Central,"Venho por meio desta solicitar o cancelamento imediato do contrato de empréstimo consignado vinculado à conta [CONTA OMITIDA], em nome de Roberto Farias Guimarães. Realizei a solicitação de cancelamento dentro do prazo de sete dias previsto no Código de Defesa do Consumidor, porém o banco segue processando os descontos em folha normalmente. Já registrei três protocolos de atendimento e nenhum foi resolvido. Caso o cancelamento não seja efetivado e os valores já descontados não sejam estornados em até cinco dias úteis, irei formalizar reclamação junto ao Banco Central e ao Procon, além de buscar orientação jurídica para as medidas cabíveis.",Cancelamento,Empréstimo,Crítico,Crítica,4 horas,Gerência de Crédito,"Cliente solicita cancelamento de empréstimo consignado dentro do prazo legal do CDC, mas o banco continua processando descontos. Após três tentativas sem resolução, cliente ameaça formalizar reclamação junto ao Banco Central e Procon, além de buscar medidas judiciais.",Crítico,"Caso enquadrado como urgência CRÍTICA conforme §2.4 da POL-SAC-001 devido à menção explícita a Banco Central e Procon, caracterizando risco regulatório iminente. Adicionalmente, há violação do direito de arrependimento do CDC (7 dias) com descontos indevidos continuados, configurando potencial infração ao consumidor. A falha em três protocolos anteriores agrava o risco reputacional e demonstra falha sistêmica no atendimento.","Contato ativo IMEDIATO com o cliente Roberto Farias Guimarães em até 2 horas, conforme §2.4 da POL-SAC-001, para confirmar cancelamento e cronograma de estorno | Suspender cobranças e descontos em folha em até 24 horas, conforme §3.3 da POL-SAC-001 (Gerência de Crédito responsável) | Escalar imediatamente para gerente da Gerência de Crédito e equipe de Compliance, registrando no sistema de ouvidoria devido à menção a órgãos reguladores (§2.4) | Processar estorno integral dos valores já descontados indevidamente em até 48 horas, com emissão de carta de quitação formal | Notificar jurídico em até 2 horas sobre potencial reclamação ao Banco Central/Procon e gerar relatório de incidente em até 24 horas detalhando falhas nos três protocolos anteriores"
REC-2026-00591,SAC,"Oi, to tentando cancelar meu seguro residencial faz umas 2 semanas e vcs não param de enrolar 😩 Meu CPF é [CPF OMITIDO], da uma olhada ai pfvr. Mandei msg pelo chat, liguei 2x e na agencia disseram q o cancelamento era só pelo telefone. Liguei de novo e falaram q demora até 30 dias uteis!! Gente, é só um cancelamento, pq tanta burocracia?? To pagando um negocio q nem quero mais, isso n faz sentido nenhum. Se n cancelarem logo vou ter q ir atras do Procon pq ja to gastando dinhero atoa. Me ajudem ai pq to precisando resolver isso urgente 🙏",Cancelamento,Seguros,Crítico,Crítica,4 horas,Gerência de Seguros,"Cliente solicita cancelamento de seguro residencial há 2 semanas sem resolução, com múltiplas tentativas de contato e informações conflitantes entre canais. Ameaça denúncia ao Procon e relata prejuízo financeiro contínuo.",Crítico,"A reclamação apresenta menção explícita ao Procon, o que configura automaticamente urgência crítica conforme §4.3 da POL-SAC-001. Adicionalmente, há prejuízo financeiro contínuo ao cliente por falha no processamento do cancelamento dentro do prazo de 48h estabelecido no §3.5, caracterizando violação de procedimento interno e risco reputacional elevado.","Contato ativo IMEDIATO com o cliente em até 2 horas para confirmar solicitação de cancelamento e fornecer protocolo específico, conforme §2.4 da POL-SAC-001 | Processar cancelamento do seguro residencial em até 48h com devolução proporcional do prêmio, conforme §3.5 da POL-SAC-001, sob responsabilidade da Gerência de Seguros | Notificar diretoria de Compliance em até 2h sobre menção ao Procon e registrar no sistema de ouvidoria, conforme §4.3 da POL-SAC-001 | Escalar imediatamente para gerente da Gerência de Seguros e equipe de Compliance para acompanhamento dedicado do caso, conforme §2.4 da POL-SAC-001 | Gerar relatório de incidente em até 24h detalhando falhas no atendimento multicanal e divergências de informação entre agência, chat e telefone"
REC-2026-00608,SAC,"ola, preciso cancelar meu emprestimo pessoal q fiz em janeiro, ja paguei 2 parcelas mas to sem condiçao de continuar pagando pq perdi o emprego 😞 liguei la e me falaram q tem multa de quase 800 reais pra antecipar o cancelamento, mas acho q isso ta errado pq no contrato dizia q podia quitar antecipado sem custo nos primeiros 90 dias. alguem sabe como faço pra resolver? tentei pelo app mas n achei a opçao de cancelar. se puderem me retornar rapido agradeço mto pq ja to com a proxima parcela vencendo semana q vem 🙏",Cancelamento,Empréstimo,Negativo,Crítica,4 horas,Gerência de Crédito,"Cliente solicita cancelamento de empréstimo pessoal contratado em janeiro, alegando perda de emprego e impossibilidade de continuar pagando. Questiona cobrança de multa de aproximadamente R$ 800 para antecipação, argumentando que contrato permitia quitação sem custo nos primeiros 90 dias. Próxima parcela vence em uma semana.",Alto,"A reclamação apresenta vulnerabilidade financeira extrema (perda de emprego) combinada com divergência contratual sobre multa de cancelamento antecipado, conforme §2.3 da POL-SAC-001. A urgência crítica é reforçada pelo prazo iminente de vencimento (7 dias) e pela possível violação de direitos do consumidor caso a cobrança de multa contrarie cláusula contratual de quitação sem custo nos primeiros 90 dias, conforme §3.3 da POL-SAC-001.","Contato ativo IMEDIATO com o cliente em até 2h para acolhimento e suspensão temporária da cobrança da próxima parcela, conforme §2.4 da POL-SAC-001 | Acionar protocolo de atendimento sensível devido à vulnerabilidade financeira do cliente (desemprego), sem cobrança de prazos, conforme §2.4 da POL-SAC-001 | Gerência de Crédito deve revisar contrato em até 48h para verificar cláusula de quitação antecipada nos primeiros 90 dias e recalcular valores devidos, conforme §3.3 da POL-SAC-001 | Suspender cobranças em até 24h e oferecer ao menos 2 alternativas de renegociação adequadas à situação de desemprego, conforme §3.3 da POL-SAC-001 | Escalar para gerente de área e Compliance, gerando relatório de incidente em até 24h, conforme §2.4 da POL-SAC-001"
REC-2026-00176,Banco Central,"Faz mais de sessenta dias que solicitei o reembolso do seguro residencial que cancelei e até agora nada. Quando cancelei me informaram que o valor proporcional seria devolvido em até trinta dias úteis, mas já passou e ninguém me dá uma posição concreta. Ligo e cada vez falam um prazo diferente. Estou bem desanimado com essa situação. Sei que não é um valor enorme, mas é um direito meu receber de volta. Gostaria apenas que alguém com competência analisasse meu caso e fizesse a devolução conforme prometido.",Cancelamento,Seguros,Negativo,Alta,24 horas,Gerência de Seguros,"Cliente solicita reembolso de seguro residencial cancelado há mais de 60 dias, com prazo prometido de 30 dias úteis não cumprido. Relata informações inconsistentes em contatos posteriores e desejo de resolução conforme acordado.",Alto,"A reclamação envolve descumprimento de prazo contratual (30 dias úteis já excedidos em mais de 100%), múltiplas tentativas de resolução sem sucesso e informações inconsistentes prestadas ao cliente, caracterizando falha operacional grave. Conforme §2.3 da POL-SAC-001, casos com múltiplas tentativas sem resolução e valores significativos são classificados como urgência ALTA. Há risco reputacional moderado e potencial escalação para órgãos reguladores caso não seja resolvido prontamente.","Contato ativo com o cliente por telefone em até 4 horas para reconhecer o atraso e informar prazo definitivo de resolução (conforme §2.3 da POL-SAC-001) | Processar o cancelamento e devolução proporcional do prêmio em até 48 horas, conforme §3.5 da POL-SAC-001, com estorno prioritário pela Gerência de Seguros | Designar analista dedicado da Gerência de Seguros para acompanhamento exclusivo do caso até conclusão (§2.3 da POL-SAC-001) | Notificar o coordenador da Gerência de Seguros sobre a falha no cumprimento do prazo contratual e inconsistências nas informações prestadas | Registrar o caso no painel de acompanhamento gerencial e gerar relatório de incidente em até 24 horas identificando causa-raiz do atraso"
REC-2026-00466,Banco Central,"Meu nome é [NOME OMITIDO], titular da conta [CONTA OMITIDA], e estou puto da vida com esse banco! Faz mais de 40 dias que estou tentando resolver um problema ridículo no meu extrato e ninguém faz absolutamente NADA. Toda vez é a mesma enrolação, o mesmo protocolo inútil que não serve para droga nenhuma. Vocês acham que cliente é palhaço? Estou com um débito automático cadastrado que eu já pedi pra cancelar CINCO vezes e continua caindo todo mês. Que merda de atendimento é esse? Vou entrar no Reclame Aqui, vou no Procon, vou fazer o diabo até resolverem meu problema. É um absurdo um banco desse tamanho tratar o cliente dessa forma!",Cobrança Indevida,Conta Corrente,Crítico,Crítica,4 horas,Gerência de Contas,"Cliente relata débito automático não cancelado após cinco solicitações anteriores, gerando cobranças indevidas mensais há mais de 40 dias sem resolução. Ameaça denúncia ao Procon e Reclame Aqui.",Alto,"A reclamação apresenta múltiplos fatores de risco: cobrança indevida recorrente há mais de 40 dias sem resolução, falha sistêmica após cinco tentativas de cancelamento, e ameaça explícita de denúncia ao Procon e exposição em redes sociais (Reclame Aqui). Conforme §2.4 da POL-SAC-001, menção a órgãos reguladores como Procon caracteriza urgência crítica. O caso representa risco reputacional significativo e possível violação de direitos do consumidor, exigindo tratamento diferenciado imediato.","Contato ativo com o cliente em até 2 horas para reconhecimento do problema e apresentação de plano de ação, conforme §2.4 da POL-SAC-001 | Escalar imediatamente para Gerência de Contas e equipe de Compliance devido à menção ao Procon, conforme §2.4 e §4.3 da POL-SAC-001 | Revisar extrato dos últimos 90 dias e processar estorno automático das cobranças indevidas em até 24 horas, conforme §3.2 da POL-SAC-001 | Cancelar definitivamente o débito automático com confirmação ao cliente e investigar falha sistêmica que impediu os cinco cancelamentos anteriores | Gerar relatório de incidente em até 24 horas e registrar no sistema de ouvidoria preventivamente, notificando jurídico sobre potencial reclamação ao Procon, conforme §2.4 e §4.3 da POL-SAC-001"
REC-2026-00327,Ouvidoria,"Solicito o cancelamento do meu contrato de empréstimo pessoal. Contratei o empréstimo há cerca de seis meses, mas minha situação financeira mudou e gostaria de quitar antecipadamente e encerrar o contrato. Já tentei fazer isso pelo aplicativo, mas a opção de quitação antecipada não aparece disponível. Liguei para a central e me informaram que preciso ir a uma agência, o que dificulta bastante para mim. Gostaria de saber quais são as condições para quitação antecipada, o valor atualizado do saldo devedor e se existe alguma forma de realizar esse procedimento de forma remota, sem necessidade de deslocamento até uma agência física.",Cancelamento,Empréstimo,Neutro,Média,3 dias úteis,Gerência de Crédito,"Cliente solicita cancelamento de contrato de empréstimo pessoal com quitação antecipada. Relata indisponibilidade da opção no aplicativo e dificuldade de acesso a agência física. Demanda informações sobre condições, saldo devedor atualizado e alternativas de atendimento remoto.",Baixo,"Trata-se de solicitação legítima de quitação antecipada de empréstimo, sem indícios de fraude ou transação não autorizada. A reclamação evidencia falha operacional no aplicativo e processo de atendimento, mas não configura violação regulatória grave nem risco reputacional imediato. Conforme §3.3 da POL-SAC-001, casos de empréstimo com divergências operacionais seguem fluxo padrão da Gerência de Crédito.","Registrar protocolo e enviar confirmação ao cliente em até 12h, conforme §2.2 da POL-SAC-001 para urgência média | Solicitar à Gerência de Crédito o cálculo atualizado do saldo devedor para quitação antecipada em até 48h | Encaminhar à área de TI a falha no aplicativo que impede visualização da opção de quitação antecipada | Oferecer ao menos 2 alternativas de atendimento remoto para quitação (internet banking, WhatsApp corporativo ou envio de boleto por e-mail) | Analista sênior deve avaliar o caso em até 24h e enviar posicionamento intermediário ao cliente caso o prazo de resolução exceda 48h"
REC-2026-00351,SAC,"Prezados, venho por meio desta solicitar o cancelamento imediato de todos os produtos e serviços vinculados à minha conta nesta instituição. Apesar de já ter formalizado este pedido há mais de 20 dias úteis através do protocolo número 2026022500891, até o presente momento não obtive nenhum retorno efetivo sobre o andamento da solicitação. Informo que, conforme a Resolução nº 4.893 do Banco Central, o prazo para encerramento de conta é de até 30 dias, prazo este que se aproxima do seu término. Caso a solicitação não seja atendida dentro do prazo regulamentar, tomarei as medidas cabíveis junto ao Banco Central e aos órgãos de defesa do consumidor. Aguardo providências com a máxima urgência.",Cancelamento,Não Identificado,Crítico,Crítica,4 horas,Área de Suporte Geral,Cliente solicita cancelamento imediato de todos os produtos e serviços. Relata falta de retorno há mais de 20 dias úteis sobre protocolo anterior. Menciona Resolução do Banco Central e ameaça denúncia a órgãos reguladores caso prazo regulamentar não seja cumprido.,Crítico,"A reclamação apresenta menção explícita ao Banco Central e ameaça de denúncia a órgãos reguladores, o que configura urgência crítica conforme §2.4 da POL-SAC-001. Há descumprimento de prazo regulamentar (Resolução 4.893 do Bacen) com protocolo anterior sem resposta há mais de 20 dias, caracterizando risco regulatório e reputacional elevado. A iminência do vencimento do prazo legal de 30 dias exige ação imediata para evitar sanções e escalação para órgãos externos.","Contato ativo IMEDIATO com o cliente em até 2 horas para atualização sobre o protocolo 2026022500891 e confirmação do pedido de cancelamento, conforme §2.4 da POL-SAC-001 | Registrar imediatamente no sistema de ouvidoria e notificar a área jurídica sobre a menção ao Banco Central, conforme §4.3 da POL-SAC-001 | Escalar para gerente de área e equipe de Compliance em até 2 horas, conforme §2.4 da POL-SAC-001 | Processar o encerramento de conta em até 5 dias úteis com confirmação de saldo zerado, conforme §3.2 da POL-SAC-001, priorizando para conclusão antes do prazo regulamentar de 30 dias | Gerar relatório de incidente em até 24 horas detalhando o atraso no atendimento do protocolo anterior e as ações corretivas implementadas, conforme §2.4 da POL-SAC-001"
REC-2026-00366,Ouvidoria,"Que banco lixo, meu! Estou puto da vida com essa porcaria de cartão de crédito que vocês me empurraram. Vieram me cobrar uma anuidade que o próprio gerente disse que seria isenta. Agora querem que eu pague quase 500 reais de anuidade de um cartão que eu nem uso direito. Isso é sacanagem! Ligo pra reclamar e fica aquela musiquinha irritante por meia hora. Quero meu dinheiro de volta e quero cancelar essa merda de cartão. Se não resolverem, vou meter no Reclame Aqui e fazer o maior escândalo.",Cobrança Indevida,Cartão de Crédito,Crítico,Alta,24 horas,Gerência de Cartões,"Cliente relata cobrança de anuidade de cartão de crédito não autorizada, alegando promessa anterior de isenção. Solicita reembolso e cancelamento do produto, com ameaça de denúncia em plataforma de reclamações.",Alto,"A reclamação apresenta risco reputacional elevado devido à ameaça explícita de exposição em plataforma pública (Reclame Aqui), o que pode gerar dano à imagem institucional. Há divergência contratual sobre isenção de anuidade prometida verbalmente, configurando potencial falha no processo comercial e risco de escalação para órgãos reguladores. Conforme §2.3 da POL-SAC-001, casos com menção a canais públicos de reclamação e insatisfação extrema requerem tratamento prioritário com escalonamento imediato.","Contato ativo com o cliente em até 4 horas para escuta empática e coleta de detalhes sobre a promessa de isenção, conforme protocolo de urgência CRÍTICA (§2.4 da POL-SAC-001) | Iniciar contestação da cobrança de anuidade em até 24h e processar estorno provisório em até 48h, conforme §3.1 da POL-SAC-001 para cobranças indevidas em cartão de crédito | Escalar para Gerência de Cartões e coordenador da área para revisão do histórico de atendimento e validação da promessa de isenção registrada em sistema | Processar cancelamento do cartão em até 24h com estorno automático da anuidade proporcional, conforme §3.1 da POL-SAC-001 | Registrar incidente no painel gerencial e gerar relatório em até 24h documentando falha no processo comercial para prevenção de recorrência"
REC-2026-00361,SAC,"oi, td bem? olha to precisando mto cancelar meu emprestimo pq mudou minha situação financeira e n vou conseguir pagar as parcelas 😥 ja tentei pelo app mas n tem opção de cancelamento la. liguei hj cedo e a atendente disse q n pode cancelar emprestimo ja contratado, mas eu assinei faz menos de uma semana entao acho q tenho direito de desistencia ne?? por favor me ajudem pq se eu n resolver isso rapido vou ficar inadimplente e n quero sujar meu nome. preciso mto de uma resposta urgente, to desesperado com essa situaçao 🙏🙏 se precisar ir na agencia eu vou mas pfvr me orientem",Cancelamento,Empréstimo,Crítico,Crítica,4 horas,Gerência de Crédito,"Cliente solicita cancelamento de empréstimo contratado há menos de uma semana, alegando mudança na situação financeira e risco de inadimplência. Relata tentativa frustrada via app e atendimento telefônico. Demonstra vulnerabilidade financeira e emocional, com risco de comprometimento de subsistência.",Alto,"Cliente apresenta vulnerabilidade financeira e emocional extrema, com risco de inadimplência iminente e comprometimento de subsistência, enquadrando-se no protocolo de atendimento sensível conforme §2.4 da POL-SAC-001. A contratação recente (menos de 7 dias) pode configurar direito de arrependimento sob CDC, exigindo análise jurídica urgente. Ausência de canal adequado para cancelamento no app indica falha processual que amplifica o risco reputacional.","Contato ativo IMEDIATO com o cliente em até 2 horas, aplicando protocolo de atendimento sensível (tom empático, sem cobrança de prazos), conforme §2.4 da POL-SAC-001 | Escalar para Gerência de Crédito e equipe de Compliance imediatamente para análise de direito de arrependimento (CDC Art. 49) considerando contratação há menos de 7 dias | Suspender cobranças e débitos automáticos em até 24 horas enquanto análise está em curso, conforme §3.3 da POL-SAC-001 | Gerar relatório de incidente em até 24 horas documentando vulnerabilidade do cliente e falha no canal digital de cancelamento | Oferecer ao menos 2 alternativas: cancelamento com análise de direito de arrependimento ou renegociação com condições compatíveis à nova situação financeira, conforme §3.3 da POL-SAC-001"
REC-2026-00200,Redes Sociais,"Não acredito que vocês tiveram a cara de pau de me mandar um cartão de crédito que eu não pedi! Chegou aqui em casa um cartão platinum vinculado à minha conta [CONTA OMITIDA] e eu nunca solicitei essa merda. Além de não pedir, já veio com anuidade de R$ 450,00 cobrada na primeira fatura. Que absurdo! Eu tinha um cartão básico sem anuidade e estava muito bem com ele. Agora querem me empurrar esse cartão caro goela abaixo? Quero o cancelamento imediato desse cartão e o estorno da anuidade. Não vou pagar por algo que não pedi.",Cobrança Indevida,Cartão de Crédito,Crítico,Alta,24 horas,Gerência de Cartões,"Cliente relata recebimento de cartão de crédito não solicitado com cobrança de anuidade de R$ 450,00 na primeira fatura. Solicita cancelamento imediato do cartão e estorno do valor cobrado.",Alto,"Caso configura potencial violação de regulamentação de oferta não solicitada de produtos financeiros, com risco de escalação para órgãos reguladores (Banco Central/Procon). Conforme §2.3 da POL-SAC-001, situações com risco regulatório e possibilidade de menção a órgãos externos requerem tratamento prioritário. O valor da cobrança indevida (R$ 450,00) ultrapassa o limite de R$ 200,00 estabelecido na seção 3.1, exigindo estorno provisório em até 48h.","Contato ativo com o cliente em até 4 horas para confirmar não solicitação do cartão e iniciar protocolo de atendimento sensível (conforme §2.4 da POL-SAC-001) | Bloquear cartão platinum imediatamente e processar cancelamento em até 24h, conforme seção 3.1 da POL-SAC-001 - Responsável: Gerência de Cartões | Iniciar contestação da cobrança de anuidade em até 24h e processar estorno provisório de R$ 450,00 em até 48h, conforme seção 3.1 da POL-SAC-001 | Escalar para Compliance e registrar no sistema de ouvidoria preventivamente devido ao risco regulatório de oferta não solicitada (§2.4 da POL-SAC-001) | Gerar relatório de incidente em até 24h investigando o processo de emissão do cartão não solicitado e notificar coordenador da Gerência de Cartões (§2.3 da POL-SAC-001)"
REC-2026-00337,Redes Sociais,"Meu nome é [NOME OMITIDO], CPF [CPF OMITIDO], conta [CONTA OMITIDA], e to fazendo essa reclamação pq ja n aguento mais essa situação 😡 Faz 3 meses q to tentando cancelar um serviço de assessoria financeira q apareceu do nada na minha conta e tão cobrando R$ 149,90 por mes. Nunca contratei essa porcaria!! Ja liguei, ja fui na agencia, ja mandei email e ngm resolve. Vou meter no Procon e no Banco Central se n resolverem ate sexta pq isso é roubo na cara dura. Ja to juntando todos os comprovantes e print das conversas no chat. Vou tb procurar a imprensa local pq tem q expor esse tipo de abuso 📢 Quero meu dinheiro de volta, os 3 meses q cobraram indevido",Cobrança Indevida,Não Identificado,Crítico,Crítica,4 horas,Área de Suporte Geral,"Cliente relata cobrança recorrente de serviço não contratado (R$ 149,90/mês) há 3 meses sem resolução após múltiplas tentativas de contato. Ameaça denúncia ao Procon, Banco Central e imprensa, solicitando reembolso do valor cobrado indevidamente.",Crítico,"Caso apresenta múltiplos fatores de risco crítico conforme §2.4 da POL-SAC-001: menção explícita a órgãos reguladores (Procon e Banco Central), ameaça de exposição na imprensa gerando risco reputacional, e cobrança recorrente não autorizada por 3 meses caracterizando possível falha sistêmica ou fraude. A ausência de resolução após múltiplas tentativas agrava a vulnerabilidade do cliente e o risco de escalação regulatória.","Contato ativo IMEDIATO com o cliente em até 2 horas para reconhecimento do caso e início de tratativa prioritária, conforme §2.4 da POL-SAC-001 | Registrar imediatamente no sistema de ouvidoria e notificar jurídico em até 2h devido à menção a Banco Central e Procon, conforme §2.4 e §4.3 da POL-SAC-001 | Escalar para gerente de área e equipe de Compliance imediatamente, com notificação à diretoria de Compliance sobre risco regulatório, conforme §2.4 da POL-SAC-001 | Suspender cobranças do serviço em até 24h e iniciar processo de estorno dos 3 meses (R$ 449,70) em até 48h, conforme §2.3 e §3.2 da POL-SAC-001 | Gerar relatório de incidente em até 24h investigando origem da contratação não autorizada e acionando equipe de Prevenção a Fraudes se confirmada falha sistêmica, conforme §2.4 da POL-SAC-001"
REC-2026-00617,Banco Central,"gente to mto irritada com essa situação 😤 to tentando cancelar meu seguro residencial faz DOIS meses e ngm resolve nada. cada vez q ligo inventam uma desculpa nova, pedem documento q ja mandei, dizem q o setor responsavel vai retornar e nunca retornam. ja mandei email, ja fui no chat, ja fui na agencia e nada. enquanto isso continuam cobrando a mensalidade normalmente ne, claro 🙄 ja registrei reclamação no procon pq isso é pratica abusiva, o codigo de defesa do consumidor garante meu direito de cancelar qnd eu quiser. se n resolverem essa semana vou no reclame aqui e no banco central tbm. to cansada de ser enrolada",Cancelamento,Seguros,Crítico,Crítica,4 horas,Gerência de Seguros,"Cliente solicita cancelamento de seguro residencial há dois meses sem resolução. Relata múltiplas tentativas de contato sem retorno, cobrança continuada e já registrou reclamação no Procon. Ameaça escalação para Banco Central e Reclame Aqui.",Crítico,"A reclamação apresenta múltiplos fatores de risco crítico conforme §2.4 da POL-SAC-001: menção explícita a Procon (órgão regulador já acionado) e ameaça de escalação para Banco Central, configurando violação regulatória em andamento. Adicionalmente, há cobrança continuada após solicitação de cancelamento há dois meses, caracterizando prática abusiva e risco reputacional iminente com menção a Reclame Aqui. Conforme §4.3 da POL-SAC-001, reclamações envolvendo Procon/Banco Central possuem urgência automaticamente crítica.","Contato ativo IMEDIATO com o cliente em até 2 horas para reconhecer a situação e informar ações corretivas (conforme §2.4 da POL-SAC-001) | Processar cancelamento do seguro em até 48h com devolução proporcional do prêmio, incluindo estorno das mensalidades cobradas indevidamente durante o período de solicitação (conforme §3.5 da POL-SAC-001 - Gerência de Seguros) | Registrar no sistema de ouvidoria e notificar jurídico em até 2h para preparar resposta formal ao Procon (conforme §4.3 da POL-SAC-001) | Escalar imediatamente para gerente da Gerência de Seguros e equipe de Compliance conforme protocolo de urgência crítica (§2.4 da POL-SAC-001) | Gerar relatório de incidente em até 24h detalhando falhas no processo de cancelamento e notificar diretoria de Compliance (§2.4 e §4.3 da POL-SAC-001)"
REC-2026-00294,SAC,"Prezados, venho por meio desta registrar minha insatisfação referente a uma cobrança indevida identificada na fatura do meu cartão de crédito, emitida pelo Banco Solaris. Na fatura com vencimento em 15/02/2026, consta uma cobrança de seguro proteção financeira no valor de R$ 49,90 mensais, serviço este que jamais foi por mim contratado ou autorizado. Solicito o estorno integral dos valores cobrados indevidamente nos últimos meses, bem como o cancelamento definitivo de qualquer serviço agregado ao meu cartão que não tenha sido expressamente contratado por mim. Aguardo retorno dentro do prazo regulamentar. Atenciosamente.",Cobrança Indevida,Cartão de Crédito,Negativo,Alta,24 horas,Gerência de Cartões,Cliente relata cobrança não autorizada de seguro proteção financeira em fatura de cartão de crédito e solicita estorno integral e cancelamento do serviço agregado.,Alto,"A reclamação envolve cobrança de produto não contratado (seguro proteção financeira), o que configura potencial violação de normas de conduta comercial e pode caracterizar venda casada ou falta de consentimento expresso, conforme exigido pela regulamentação bancária. Há risco reputacional significativo caso o cliente escale para órgãos reguladores (Banco Central/Procon), além de possível violação de direitos do consumidor. Conforme §2.3 da POL-SAC-001, casos com potencial escalação regulatória e produtos não autorizados demandam tratamento prioritário.","Iniciar contestação de fatura em até 24h e processar estorno provisório em até 48h, conforme §3.1 da POL-SAC-001, considerando valores acumulados superiores a R$ 200 | Cancelar imediatamente o seguro proteção financeira não autorizado e confirmar cancelamento por escrito ao cliente em até 24h | Revisar histórico completo de contratação do seguro nos últimos 90 dias para verificar existência de consentimento expresso e documentação de adesão | Designar analista dedicado da Gerência de Cartões para acompanhamento do caso e contato ativo com cliente em até 24h, conforme protocolo de urgência alta | Registrar incidente no painel gerencial e gerar relatório em até 24h documentando ausência de autorização, para prevenir recorrência e subsidiar eventual defesa regulatória"
REC-2026-00559,Ouvidoria,"Prezados, dirijo-me a esta ouvidoria para relatar uma situação recorrente envolvendo cobranças indevidas em meu cartão de crédito. Nos últimos três meses, tenho identificado a cobrança de uma taxa denominada ""Tarifa Premium"" no valor de R$ 29,90 mensais, a qual não foi por mim contratada nem autorizada. Entrei em contato com a central de atendimento em duas ocasiões, tendo sido informado de que a cobrança seria removida, porém ela persiste na fatura subsequente. Solicito formalmente o cancelamento definitivo dessa tarifa, bem como o estorno dos valores indevidamente cobrados nos últimos três meses, totalizando R$ 89,70. Caso a situação não seja resolvida em prazo razoável, tomarei as medidas cabíveis junto aos órgãos competentes.",Cobrança Indevida,Cartão de Crédito,Crítico,Alta,24 horas,Gerência de Cartões,"Cliente relata cobrança recorrente de tarifa não contratada em cartão de crédito, totalizando R$ 89,70 em três meses. Múltiplas tentativas de resolução sem sucesso. Ameaça de denúncia a órgãos competentes.",Alto,"A reclamação apresenta cobrança recorrente não autorizada (R$ 89,70) com falha reiterada do SAC em resolver, caracterizando potencial violação de boa-fé contratual. A ameaça explícita de denúncia a órgãos competentes (Banco Central/Procon) eleva o risco reputacional e regulatório, conforme §2.4 da POL-SAC-001 que classifica menção a órgãos externos como urgência crítica. Embora não haja indícios diretos de fraude sistêmica, a persistência da cobrança após contatos prévios sugere falha operacional grave que requer escalação imediata.","Contato ativo com o cliente em até 2 horas para reconhecimento do problema e compromisso de resolução, conforme protocolo de urgência crítica (§2.4 da POL-SAC-001) | Iniciar contestação de fatura imediatamente e processar estorno provisório de R$ 89,70 em até 48 horas, conforme §3.1 da POL-SAC-001 para cobranças indevidas em cartão de crédito | Cancelar definitivamente a 'Tarifa Premium' em até 24 horas e confirmar por escrito ao cliente, sob responsabilidade da Gerência de Cartões (§3.1) | Registrar no sistema de ouvidoria e notificar equipe jurídica preventivamente devido à ameaça de escalação para órgãos externos (§2.4) | Gerar relatório de incidente em até 24 horas investigando a falha sistêmica que permitiu persistência da cobrança após contatos anteriores (§2.4)"
REC-2026-00529,Redes Sociais,"Que maravilha, hein? Estou tentando cancelar meu cartão de crédito pela terceira vez e, olha que surpresa, não consegui de novo. Na primeira tentativa pelo app, o botão de cancelamento simplesmente não funcionava. Na segunda, liguei e a atendente me ofereceu um programa de pontos incrível para eu ficar — como se pontos pagassem a anuidade de R$ 600 que vocês inventaram. Agora nessa terceira tentativa, fiquei 40 minutos ouvindo musiquinha para ser informado que o setor responsável já tinha encerrado o expediente. Parabéns pelo serviço nota dez. Será que na quarta tentativa eu tenho sorte?",Cancelamento,Cartão de Crédito,Crítico,Alta,24 horas,Gerência de Cartões,"Cliente relata três tentativas frustradas de cancelamento de cartão de crédito: falha no app, oferta de programa de pontos como contraproposta e atendimento encerrado. Demonstra insatisfação com a anuidade e processo de cancelamento deficiente.",Alto,"A reclamação apresenta múltiplas tentativas sem resolução e falha sistêmica no processo de cancelamento, configurando urgência ALTA conforme §2.3 da POL-SAC-001. Embora não haja indícios de fraude ou violação regulatória direta, o padrão de falhas operacionais e a frustração do cliente representam risco reputacional significativo e potencial escalação para órgãos reguladores caso não seja resolvido prontamente.","Contato ativo com o cliente em até 4 horas via telefone para validar intenção de cancelamento e oferecer resolução imediata, conforme §2.3 da POL-SAC-001 | Processar cancelamento do cartão em até 24 horas com estorno automático proporcional da anuidade de R$ 600, conforme §3.1 da POL-SAC-001 | Designar analista dedicado da Gerência de Cartões para acompanhamento do caso até conclusão definitiva | Notificar coordenador da área de Cartões sobre falha sistêmica no app e processo de cancelamento para correção urgente | Registrar no painel de acompanhamento gerencial e enviar posicionamento ao cliente em até 24 horas confirmando o cancelamento processado"
REC-2026-00510,Redes Sociais,"Gostaria de registrar que solicitei o cancelamento do meu cartão adicional há aproximadamente dois meses e até o momento ele continua ativo. Recebi um protocolo de atendimento na época e me informaram que o prazo seria de até dez dias úteis. Já se passaram bem mais do que isso e o cartão segue gerando cobranças de anuidade na fatura. Peço que verifiquem o andamento dessa solicitação e providenciem o cancelamento definitivo, bem como o estorno das cobranças geradas após o pedido inicial.",Cancelamento,Cartão de Crédito,Negativo,Alta,24 horas,Gerência de Cartões,"Cliente solicita cancelamento de cartão adicional não efetivado há dois meses, com cobranças de anuidade continuadas. Requer verificação do protocolo anterior e estorno das cobranças indevidas geradas após o pedido inicial.",Médio,"Reclamação envolve falha operacional no processamento de cancelamento com cobrança indevida recorrente de anuidade, configurando descumprimento do prazo de 24h estabelecido no §3.1 da POL-SAC-001. Embora não haja indícios de fraude ou violação regulatória grave, a persistência do problema por dois meses representa risco reputacional moderado e potencial escalação para órgãos externos se não tratado adequadamente.","Contatar cliente em até 4 horas para reconhecer a falha e informar providências, conforme protocolo de urgência Alta (§2.3 da POL-SAC-001) | Localizar e revisar protocolo anterior de cancelamento para identificar causa da falha no processamento | Processar cancelamento definitivo do cartão adicional em até 24h, conforme §3.1 da POL-SAC-001, com confirmação ao cliente | Calcular e executar estorno automático das anuidades cobradas após a solicitação inicial de cancelamento (últimos 60 dias), conforme §3.1 | Encaminhar caso para Gerência de Cartões com relatório de falha operacional para correção de processo e prevenção de recorrência"
REC-2026-00371,Ouvidoria,"Estou desesperado tentando cancelar minha conta corrente e não consigo de jeito nenhum. Meu nome é [NOME OMITIDO], CPF [CPF OMITIDO], e já faz dois meses que peço o encerramento da conta [CONTA OMITIDA]. Cada vez que vou na agência inventam uma desculpa diferente: que falta documento, que o sistema está fora do ar, que precisa de aprovação do gerente que nunca está. Enquanto isso continuam me cobrando tarifa de manutenção de uma conta que eu não quero mais. Isso é um absurdo! Vou procurar o Procon e o Banco Central porque essa situação é insustentável. Preciso que cancelem essa conta imediatamente e estornem todas as tarifas cobradas desde o primeiro pedido de encerramento.",Cancelamento,Conta Corrente,Crítico,Crítica,4 horas,Gerência de Contas,"Cliente solicita cancelamento de conta corrente há dois meses sem sucesso, com cobranças contínuas de tarifas. Ameaça denúncia ao Procon e Banco Central, caracterizando urgência crítica conforme POL-SAC-001.",Crítico,"Caso apresenta múltiplos fatores de risco crítico conforme §2.4 da POL-SAC-001: menção explícita a Procon e Banco Central, cobranças indevidas recorrentes por dois meses, e frustração repetida do direito ao encerramento de conta. A ameaça de escalação para órgãos reguladores exige acionamento imediato do protocolo de urgência crítica, com notificação obrigatória ao jurídico e Compliance conforme §4.3 da política.","Contato ativo IMEDIATO com a cliente em até 2 horas para confirmar recebimento da demanda e iniciar resolução (§2.4 POL-SAC-001) | Escalar para gerente da Gerência de Contas e equipe de Compliance em até 2 horas, notificando sobre menção a Procon/Banco Central (§2.4 e §4.3 POL-SAC-001) | Processar encerramento da conta 56218-9 em até 24 horas, confirmando saldo zerado e eliminando obstáculos burocráticos anteriores (§3.2 POL-SAC-001) | Revisar extrato dos últimos 60 dias e estornar automaticamente todas as tarifas de manutenção cobradas desde a primeira solicitação de encerramento (§3.2 POL-SAC-001) | Registrar no sistema de ouvidoria preventivamente e gerar relatório de incidente em até 24 horas documentando as falhas no atendimento anterior (§2.4 e §4.3 POL-SAC-001)"
REC-2026-00142,Redes Sociais,"Estou puto da vida com o atendimento do banco. Contratei um seguro residencial há três meses e até agora não recebi a apólice. Liguei cinco vezes, cada vez me passam pra um atendente diferente que não sabe de nada. Na última ligação ficaram me enrolando por quarenta minutos e no final disseram que o sistema estava fora do ar. Que palhaçada é essa? Pago caro nessa merda de seguro e não tenho nem um documento pra comprovar. Quero uma solução imediata ou vou cancelar tudo e trocar de banco.",Atendimento,Seguros,Crítico,Alta,24 horas,Gerência de Seguros,Cliente relata falha no atendimento e não recebimento de apólice de seguro residencial após três meses e múltiplas tentativas de contato. Ameaça cancelamento e troca de instituição.,Alto,"A reclamação apresenta múltiplas tentativas sem resolução e ameaça explícita de cancelamento e troca de instituição, caracterizando urgência ALTA conforme §2.3 da POL-SAC-001. Há risco reputacional significativo devido à falha recorrente no atendimento e não entrega de documento contratual obrigatório (apólice) após três meses. A ausência de comprovação documental do seguro contratado pode configurar violação de obrigações contratuais e regulatórias do setor de seguros.","Contato ativo com o cliente via telefone em até 4 horas para reconhecimento do problema e compromisso de resolução, conforme §2.3 da POL-SAC-001 | Designar analista dedicado da Gerência de Seguros para acompanhamento exclusivo do caso até resolução completa, conforme §3.5 da POL-SAC-001 | Emitir e enviar apólice de seguro residencial ao cliente em até 48 horas, com confirmação de recebimento documentada | Notificar coordenador da Gerência de Seguros sobre a falha sistêmica no envio de apólices e múltiplas falhas de atendimento para investigação de processo | Registrar o caso no painel de acompanhamento gerencial e oferecer compensação ou isenção proporcional como gesto de boa-fé, dado o prazo de 3 meses sem resolução"
REC-2026-00314,SAC,"Venho por meio desta solicitar formalmente o cancelamento do cartão de crédito vinculado à minha conta, de titularidade de Ricardo Mendonça de Souza, CPF [CPF OMITIDO]. Realizei a primeira solicitação de cancelamento em 12 de janeiro deste ano, porém o cartão continua ativo e gerando cobranças de anuidade. Já protocolei duas ligações adicionais, com os números de protocolo devidamente anotados, e até o presente momento não obtive resolução. Solicito que o cancelamento seja efetivado imediatamente e que todas as cobranças posteriores à data do primeiro pedido sejam estornadas. Aguardo retorno em até cinco dias úteis, conforme previsto no Código de Defesa do Consumidor.",Cancelamento,Cartão de Crédito,Negativo,Alta,24 horas,Gerência de Cartões,"Cliente solicita cancelamento de cartão de crédito não efetivado após primeira solicitação em janeiro, com continuação de cobranças de anuidade. Múltiplas tentativas anteriores (três contatos) sem resolução, gerando cobrança indevida continuada.",Alto,"A reclamação configura urgência ALTA conforme §2.3 da POL-SAC-001, pois envolve múltiplas tentativas sem resolução (três contatos prévios) e cobrança indevida continuada de anuidade após solicitação de cancelamento. O cliente menciona explicitamente o Código de Defesa do Consumidor, indicando conhecimento de seus direitos e potencial escalação para órgãos reguladores, o que eleva o risco reputacional e de conformidade.","Contato ativo com o cliente em até 24 horas para confirmar recebimento e iniciar tratativa prioritária, conforme §2.3 da POL-SAC-001 | Processar cancelamento do cartão em até 24 horas e estornar anuidades cobradas desde 12/01 de forma proporcional e automática, conforme §3.1 da POL-SAC-001 | Designar analista dedicado da Gerência de Cartões para acompanhamento do caso até resolução completa, conforme §2.3 da POL-SAC-001 | Registrar o caso no painel de acompanhamento gerencial e notificar o coordenador da Gerência de Cartões sobre a falha no processamento anterior | Gerar relatório de incidente em até 24 horas investigando a causa da não efetivação dos três protocolos anteriores para prevenir recorrência"
REC-2026-00232,Ouvidoria,"Venho por meio desta solicitar o cancelamento imediato de todos os serviços vinculados à minha conta nessa instituição financeira. Já realizei três tentativas de cancelamento pelos canais de atendimento, sendo que na primeira vez fui transferido entre setores por mais de quarenta minutos sem resolução. Na segunda tentativa, o atendente informou que o cancelamento havia sido efetuado, porém continuo recebendo cobranças mensais. Na terceira tentativa, simplesmente a ligação caiu após longa espera. Informo que, caso o cancelamento não seja processado em até cinco dias úteis, tomarei as medidas cabíveis junto ao Banco Central e ao Procon, conforme meu direito previsto no Código de Defesa do Consumidor. Aguardo retorno formal com protocolo de confirmação do encerramento definitivo.",Cancelamento,Não Identificado,Crítico,Crítica,4 horas,Área de Suporte Geral,"Cliente solicita cancelamento imediato de todos os serviços após três tentativas frustradas. Relata transferências sem resolução, falha no processamento anterior e queda de ligação. Ameaça denúncia ao Banco Central e Procon caso não seja resolvido em cinco dias úteis.",Crítico,"A reclamação apresenta múltiplos fatores de criticidade conforme §2.4 da POL-SAC-001: menção explícita a Banco Central e Procon, múltiplas tentativas sem resolução e falhas graves no atendimento. O histórico de três tentativas frustradas configura risco reputacional elevado e potencial violação de direitos do consumidor, exigindo escalação imediata para Compliance e jurídico conforme determinado na política.","Contato ativo IMEDIATO com o cliente em até 2 horas via telefone para confirmar solicitação de cancelamento e fornecer protocolo formal (§2.4 da POL-SAC-001) | Registrar imediatamente no sistema de ouvidoria e notificar equipe jurídica sobre menção a Banco Central e Procon conforme §2.4 e §4.3 da POL-SAC-001 | Escalar para gerente de área e equipe de Compliance em até 2 horas, notificando diretoria de Compliance sobre risco regulatório (§2.4 e §4.3 da POL-SAC-001) | Processar cancelamento de todos os serviços em até 24 horas com confirmação formal de encerramento e saldo zerado, conforme prazos das seções 3.1, 3.2 e 3.3 da POL-SAC-001 | Gerar relatório de incidente detalhando as três falhas de atendimento anteriores em até 24 horas para análise gerencial e correção de processos (§2.4 da POL-SAC-001)"
REC-2026-00303,SAC,"Eu não aguento mais esse banco desgraçado! Pelo amor de Deus, é a TERCEIRA vez que me cobram uma anuidade que eu NÃO contratei no meu cartão de crédito. Já liguei, já mandei e-mail, já fui na agência e ninguém resolve porra nenhuma. Meu CPF é [CPF OMITIDO] e toda vez que eu reclamo me enrolam dizendo que vão resolver em até 10 dias úteis. Estou pagando R$ 49,90 por mês por um serviço que NUNCA pedi. Quero o estorno IMEDIATO de todos os valores cobrados indevidamente nos últimos 6 meses e o cancelamento definitivo dessa maldita anuidade. Se não resolverem dessa vez, vou tomar providências mais sérias.",Cobrança Indevida,Cartão de Crédito,Crítico,Crítica,4 horas,Gerência de Cartões,"Cliente relata cobrança recorrente de anuidade não contratada em cartão de crédito (R$ 49,90/mês). Terceira reclamação sem resolução após múltiplas tentativas de contato. Ameaça de providências legais.",Alto,"Reclamação recorrente (terceira tentativa) sem resolução efetiva configura falha sistêmica no atendimento, com valor acumulado significativo (aproximadamente R$ 300 em 6 meses) e ameaça explícita de escalação para órgãos reguladores ou ações judiciais. Conforme §2.3 da POL-SAC-001, múltiplas tentativas sem resolução e ameaça de escalação caracterizam urgência ALTA, com risco reputacional e potencial violação de direitos do consumidor.","Contato ativo imediato com o cliente via telefone em até 2 horas para reconhecer a falha e informar ações corretivas, conforme §2.4 da POL-SAC-001 | Iniciar contestação de fatura e processo de estorno provisório em até 24h, com estorno definitivo dos últimos 6 meses (aproximadamente R$ 300) em até 48h, conforme §3.1 da POL-SAC-001 | Cancelar definitivamente a cobrança de anuidade não contratada em até 24h e confirmar por escrito ao cliente, responsabilidade da Gerência de Cartões conforme §3.1 | Designar analista dedicado da Gerência de Cartões para acompanhamento exclusivo do caso e registrar no painel de acompanhamento gerencial, conforme §2.3 | Notificar coordenador da área de Cartões e equipe de Compliance sobre falha recorrente no processo para investigação de causa raiz e prevenção de reincidência"
REC-2026-00494,Banco Central,"Que banco mais lixo, pqp. Contratei um empréstimo e me prometeram taxa de 1,9% ao mês, tá lá no simulador que o próprio atendente me mostrou. Quando fui ver o contrato depois, a taxa era de 2,7%. Que palhaçada é essa? Aí eu ligo pra reclamar e o atendente fica enrolando, dizendo que a taxa varia conforme análise de crédito e não sei o quê. Cara, vocês mostraram o valor na simulação, eu aceitei aquele valor. Isso é propaganda enganosa e ponto final. Tô de saco cheio desse tipo de sacanagem. Quero a correção da taxa conforme o que foi apresentado ou o cancelamento do contrato sem custo nenhum.",Cobrança Indevida,Empréstimo,Crítico,Alta,24 horas,Gerência de Crédito,"Cliente relata discrepância entre taxa de juros apresentada em simulação (1,9% a.m.) e a taxa contratada (2,7% a.m.). Solicita correção conforme valor simulado ou cancelamento sem custos, alegando propaganda enganosa. Atendimento anterior não resolveu a questão.",Alto,"A reclamação apresenta indícios de divergência contratual significativa (taxa de 1,9% vs 2,7% a.m.) que pode configurar propaganda enganosa, violando princípios do CDC e gerando risco reputacional. O cliente já tentou resolução sem sucesso, elevando a insatisfação. Conforme §2.3 da POL-SAC-001, divergências de taxas em empréstimos exigem tratamento prioritário com recálculo em até 48h e notificação formal ao cliente.","Recalcular todas as parcelas do empréstimo considerando a taxa de 1,9% a.m. apresentada na simulação, em até 48h, conforme §3.3 da POL-SAC-001 (Gerência de Crédito) | Recuperar e analisar o registro da simulação original apresentada ao cliente para verificar a taxa informada e identificar possível falha sistêmica ou de processo | Notificar o cliente em até 24h com comparativo detalhado entre as taxas, apresentando proposta de ajuste contratual ou cancelamento sem custos, conforme solicitado | Escalar para coordenador da Gerência de Crédito e registrar no painel de acompanhamento gerencial, dado o potencial de violação ao CDC (urgência Alta conforme §2.3) | Gerar relatório de incidente em até 24h identificando se há falha sistêmica no simulador que possa afetar outros clientes, para correção preventiva"
REC-2026-00503,Ouvidoria,"Estou tentando cancelar minha conta desde outubro do ano passado. Já fui à agência três vezes, liguei para a central de atendimento em pelo menos quatro ocasiões e sempre recebo a mesma resposta: que o cancelamento está em processamento. Enquanto isso, continuam cobrando tarifas mensais de uma conta que eu não uso mais. Informo que já registrei reclamação formal no Banco Central sob o protocolo que me foi fornecido e também abri chamado no Procon da minha cidade. Se em dez dias corridos o cancelamento não for efetivado e os valores cobrados indevidamente não forem estornados, vou procurar a imprensa local para expor essa situação. Não é possível que um simples cancelamento demore mais de cinco meses.",Cancelamento,Conta Corrente,Crítico,Crítica,4 horas,Gerência de Contas,"Cliente solicita cancelamento de conta desde outubro sem êxito após múltiplas tentativas. Relata cobranças indevidas contínuas e registrou reclamações no Banco Central e Procon, com ameaça de denúncia à imprensa em dez dias.",Crítico,"A reclamação apresenta múltiplos fatores de risco crítico conforme §2.4 da POL-SAC-001: menção explícita a Banco Central e Procon, risco reputacional iminente com ameaça de exposição na imprensa, e cobranças indevidas recorrentes há mais de 5 meses sem resolução. A combinação de escalação regulatória já efetivada e potencial dano à reputação institucional exige tratamento emergencial.","Contato ativo IMEDIATO com o cliente em até 2 horas para reconhecer a situação e informar ações corretivas (conforme §2.4 da POL-SAC-001) | Processar cancelamento da conta em até 24 horas e confirmar saldo zerado, conforme §3.2 da POL-SAC-001 - Responsável: Gerência de Contas | Revisar extrato dos últimos 90 dias e executar estorno automático de todas as tarifas cobradas desde outubro, conforme §3.2 da POL-SAC-001 | Notificar diretoria de Compliance em até 2 horas sobre as reclamações no Banco Central e Procon, e encaminhar resposta para revisão do jurídico antes do envio aos órgãos (conforme §4.3 da POL-SAC-001) | Gerar relatório de incidente em até 24 horas e registrar no sistema de ouvidoria para acompanhamento gerencial e diretoria (conforme §2.4 e §4.2 da POL-SAC-001)"
REC-2026-00242,Banco Central,"Estou puto da vida com essa cobrança absurda no meu seguro residencial. Pelo amor de Deus, eu cancelei essa porcaria há TRÊS meses e vocês continuam me cobrando R$ 89,90 todo santo mês. Já liguei duas vezes, já mandei e-mail, já fui na agência e ninguém resolve nada. Fica todo mundo jogando de um setor pro outro como se eu fosse palhaço. Eu quero meu dinheiro de volta, são quase R$ 270 cobrados indevidamente. Se não resolverem isso em até 5 dias úteis, vou procurar meus direitos. Tô de saco cheio dessa incompetência. Que banco de merda, viu.",Cobrança Indevida,Seguros,Crítico,Crítica,4 horas,Gerência de Seguros,"Cliente relata cobrança continuada de seguro residencial cancelado há três meses, totalizando aproximadamente R$ 270 em débitos indevidos. Múltiplas tentativas de resolução sem sucesso e ameaça de buscar direitos legais.",Crítico,"A reclamação apresenta múltiplos fatores de risco crítico conforme §2.4 da POL-SAC-001: cobrança indevida recorrente após cancelamento (possível falha sistêmica), múltiplas tentativas de resolução sem sucesso indicando falha processual grave, e ameaça explícita de escalação para órgãos externos ('procurar meus direitos'). O valor acumulado de R$ 270 e o prazo de 3 meses de cobranças indevidas configuram risco reputacional elevado e potencial violação de direitos do consumidor, exigindo tratamento imediato conforme protocolo de urgência crítica.","Contato ativo IMEDIATO com o cliente em até 2 horas para reconhecimento do problema e compromisso de resolução, conforme §2.4 da POL-SAC-001 | Suspender imediatamente todas as cobranças relacionadas ao seguro residencial cancelado e bloquear novos débitos em até 24h, conforme §3.5 da POL-SAC-001 | Processar estorno integral de R$ 270 referente às 3 cobranças indevidas em até 48h, com devolução proporcional do prêmio conforme §3.5 (Cancelamento) | Escalar para Gerência de Seguros e equipe de Compliance, notificando sobre falha recorrente no processo de cancelamento que pode indicar problema sistêmico, conforme §2.4 | Gerar relatório de incidente em até 24h documentando as múltiplas tentativas do cliente sem resolução e implementar protocolo de atendimento sensível para recuperação da relação, conforme §2.4"
REC-2026-00570,Ouvidoria,"Meu nome é [NOME OMITIDO], CPF [CPF OMITIDO], conta [CONTA OMITIDA]. Há dois meses venho tentando cancelar uma aplicação em fundo de investimento que fiz por orientação do gerente, que jurou que o rendimento seria de no mínimo 1,2% ao mês. Resultado? Perdi dinheiro. E agora que quero resgatar, me dizem que tem carência de 360 dias e taxa de saída de 3%. Ninguém me informou essas condições na hora de aplicar, isso é sacanagem! Quero o resgate total sem essa taxa abusiva. Se não cancelarem, vou entrar com reclamação formal e exigir ressarcimento por informação enganosa. Tô de saco cheio desse banco que só quer empurrar produto e dane-se o cliente.",Produto/Serviço,Investimentos,Crítico,Crítica,4 horas,Gerência de Investimentos,"Cliente solicita cancelamento de aplicação em fundo de investimento com alegação de falta de informação sobre carência e taxa de saída. Ameaça reclamação formal e ressarcimento por informação enganosa, caracterizando urgência crítica conforme POL-SAC-001.",Alto,"A reclamação apresenta indícios de falha na prestação de informações sobre taxas e condições contratuais do produto de investimento, configurando potencial violação ao dever de transparência e boa-fé contratual. Conforme §3.4 da POL-SAC-001, taxas não informadas exigem revisão contratual e possível estorno. A ameaça de reclamação formal e menção a 'informação enganosa' elevam o risco reputacional e regulatório, demandando tratamento prioritário conforme §2.4 da política.","Contato ativo IMEDIATO com o cliente em até 2 horas para acolhimento e coleta de informações adicionais, conforme §2.4 da POL-SAC-001 | Escalar para Gerência de Investimentos e equipe de Compliance imediatamente para análise do caso e verificação de conformidade na contratação | Revisar contrato de investimento e todas as comunicações (e-mails, gravações, documentos assinados) para verificar se houve informação adequada sobre carência e taxa de saída, em até 24 horas conforme §3.4 | Gerar relatório comparativo detalhado sobre rentabilidade prometida versus realizada em até 72 horas, conforme §3.4 da POL-SAC-001 | Se comprovada ausência de informação sobre taxas e carência, processar estorno da taxa de saída e avaliar compensação adicional; registrar no sistema de ouvidoria preventivamente dado o risco de escalação para órgãos reguladores"
REC-2026-00220,SAC,"Eu, Marcelo Antônio de Freitas, estou puto da vida com esse banco. Olhei meu extrato da conta corrente hoje e tem uma cobrança de R$ 320,00 de anuidade de cartão que eu nem tenho mais. Cancelei essa porcaria em novembro do ano passado e agora vêm me cobrar anuidade? Isso é roubo, não tem outro nome. Já liguei duas vezes e nas duas o atendente me enrolou, pediu prazo e não resolveu nada. Quero meu dinheiro de volta e quero agora. Se não estornarem até sexta-feira, vou meter no Reclame Aqui, no Procon e onde mais eu puder. Tô cansado de ser feito de trouxa por banco que só sabe enfiar taxa.",Cobrança Indevida,Cartão de Crédito,Crítico,Crítica,4 horas,Gerência de Cartões,"Cliente relata cobrança de anuidade de cartão cancelado em novembro, no valor de R$ 320,00. Múltiplas tentativas de resolução sem sucesso. Ameaça de denúncia ao Procon e Reclame Aqui.",Alto,"A reclamação apresenta cobrança indevida de anuidade em cartão cancelado, com múltiplas tentativas de resolução sem sucesso, configurando falha reiterada no atendimento. A ameaça explícita de denúncia ao Procon eleva automaticamente a urgência para CRÍTICA conforme §4.3 da POL-SAC-001, gerando risco reputacional e regulatório. Embora não haja indícios de fraude, a combinação de falha operacional, insatisfação extrema do cliente e menção a órgãos externos justifica classificação de risco Alto.","Contato ativo IMEDIATO com o cliente em até 2 horas para reconhecer o problema e informar ações corretivas, conforme §2.4 da POL-SAC-001 | Estorno provisório de R$ 320,00 em até 48 horas, conforme §3.1 da POL-SAC-001 para cobranças indevidas em cartão de crédito | Escalar para Gerência de Cartões e equipe de Compliance imediatamente devido à menção ao Procon, conforme §2.4 da POL-SAC-001 | Registrar no sistema de ouvidoria e notificar jurídico preventivamente em até 2 horas, conforme §4.3 da POL-SAC-001 | Gerar relatório de incidente em até 24 horas investigando as falhas nas duas tentativas anteriores de resolução, conforme §2.4 da POL-SAC-001"
REC-2026-00431,Banco Central,"Já tem mais de um mês que estou tentando cancelar a droga de um cartão de crédito adicional que eu não uso e esse banco de porcaria não cancela de jeito nenhum. Meu nome é [NOME OMITIDO], CPF [CPF OMITIDO], e toda vez que ligo me enrolam com conversa de retenção, oferecem desconto na anuidade, falam que vão processar o cancelamento e no mês seguinte vem a fatura de novo. Que saco! Eu não quero desconto, eu quero CANCELAR. É meu direito. Se na próxima fatura ainda vier cobrança desse cartão, vou meter no Procon sem dó. Cansei dessa enrolação sem fim.",Cancelamento,Cartão de Crédito,Crítico,Crítica,4 horas,Gerência de Cartões,Cliente solicita cancelamento de cartão de crédito adicional há mais de um mês sem sucesso. Relata múltiplas tentativas de contato com oferecimento de retenção e ameaça de denúncia ao Procon caso a cobrança persista.,Alto,"A reclamação apresenta múltiplos fatores de risco: menção explícita ao Procon (que conforme §2.4 da POL-SAC-001 eleva automaticamente a urgência a CRÍTICA), falha reiterada no processamento de cancelamento por mais de 30 dias (violação do prazo de 24h estabelecido em §3.1), e frustração extrema do cliente com potencial de escalação para órgão regulador. O não atendimento da solicitação de cancelamento configura violação do direito do consumidor e gera risco reputacional e regulatório significativo, conforme §4.3 da POL-SAC-001.","Contato ativo IMEDIATO com a cliente em até 2 horas para confirmar o cancelamento definitivo do cartão adicional, conforme §2.4 da POL-SAC-001 | Processar cancelamento do cartão adicional em até 24 horas e estornar todas as anuidades cobradas indevidamente desde a primeira solicitação, conforme §3.1 da POL-SAC-001 | Registrar no sistema de ouvidoria e notificar o jurídico em até 2 horas devido à menção ao Procon, conforme §4.3 da POL-SAC-001 | Escalar para gerente da Gerência de Cartões e equipe de Compliance imediatamente, conforme §2.4 da POL-SAC-001 | Gerar relatório de incidente em até 24 horas investigando as falhas no processamento das solicitações anteriores de cancelamento, conforme §2.4 da POL-SAC-001"
REC-2026-00389,Ouvidoria,"oi pessoal, to querendo cancelar minha conta de investmentos ai do banco. ja tirei todo o dinhero e nao pretendo mais usar. tentei pelo app mas n achei a opção 😅 mandei msg no chat e o atendente ficou tentando me convencer a ficar, oferecendo taxa melhor e tal mas n quero msm. so quero encerrar logo isso pq to pagando taxa de custodia por nada ne. se puderem resolver rapido agradeço 👍",Cancelamento,Investimentos,Neutro,Média,3 dias úteis,Gerência de Investimentos,Cliente solicita cancelamento de conta de investimentos. Relata dificuldade em localizar opção no app e menciona que atendente tentou dissuadi-lo da decisão. Cliente deseja encerramento rápido para cessar cobrança de taxa de custódia.,Médio,"Embora não haja indícios de fraude ou violação regulatória grave, a cobrança de taxa de custódia em conta sem ativos configura possível cobrança indevida, demandando revisão conforme §3.4 da POL-SAC-001. A dificuldade de cancelamento pelo app e tentativa de retenção inadequada pelo atendente representam risco reputacional moderado e possível violação de direitos do consumidor. Conforme §2.3 da POL-SAC-001, casos envolvendo cobranças questionáveis em produtos de investimento requerem atenção diferenciada.","Processar cancelamento da conta de investimentos em até 48h, conforme §3.5 da POL-SAC-001 (prazo aplicável a cancelamentos de produtos financeiros) | Revisar cobrança de taxa de custódia nos últimos 90 dias e realizar estorno automático se comprovada cobrança sem ativos, conforme §3.2 da POL-SAC-001 | Encaminhar caso para Gerência de Investimentos para verificação de conformidade do processo de cancelamento via app e adequação da abordagem de retenção | Confirmar formalmente ao cliente o encerramento com saldo zerado e cessação de todas as cobranças em até 5 dias úteis | Registrar feedback sobre usabilidade do app e protocolo de retenção para revisão de processos internos"
REC-2026-00353,Ouvidoria,"oi gente, to com um problemão aqui 😤 apareceu uma cobrança de R$ 89,90 na minha conta q eu nunca autorizei. ja tentei resolver pelo app mas n consigo achar onde contestar. liguei no sac e a moça falou q era uma tarifa de serviço mas eu nunca contratei serviço nenhum kkk. serio msm, vcs ficam cobrando coisa q ngm pediu e dps fica dificil de cancelar. quero meu dinhero de volta pq isso é cobrança indevida e eu sei dos meus direitos. se n resolverem vou ter q tomar outras providencias 😒",Cobrança Indevida,Conta Corrente,Negativo,Alta,24 horas,Gerência de Contas,"Cliente relata cobrança não autorizada de R$ 89,90 em sua conta, identificada como tarifa de serviço não contratado. Tentativa anterior de resolução pelo SAC não foi bem-sucedida. Cliente ameaça tomar providências adicionais.",Médio,"Cobrança de tarifa não contratada em conta corrente com tentativa prévia de resolução frustrada no SAC, indicando possível falha processual. Ameaça de escalação para órgãos externos representa risco reputacional moderado. Conforme §3.2 da POL-SAC-001, tarifas indevidas exigem revisão de extrato e estorno automático se comprovado, com tratamento prioritário para evitar escalação.","Revisar extrato dos últimos 90 dias para identificar origem da tarifa de R$ 89,90 e verificar se há contratação documentada (§3.2 POL-SAC-001) | Processar estorno automático em até 24h caso não haja comprovação de contratação válida do serviço (§3.2 POL-SAC-001) | Encaminhar caso para Gerência de Contas com prioridade para análise de falha no atendimento SAC anterior | Registrar protocolo formal e contatar cliente em até 24h com posicionamento claro sobre estorno e justificativa técnica | Monitorar para evitar reincidência, considerando alerta de cliente com reclamação prévia não resolvida (§6 POL-SAC-001)"
REC-2026-00523,Banco Central,"Prezados, venho por meio desta solicitar o cancelamento dos meus produtos de investimento vinculados à minha conta. Já realizei o resgate total dos valores aplicados em CDB e fundos de renda fixa, porém os produtos continuam aparecendo como ativos no aplicativo. Entrei em contato pelo chat no dia 12 de fevereiro e o atendente informou que o cancelamento seria processado em até cinco dias úteis, o que não ocorreu. Solicito que providenciem o encerramento definitivo desses vínculos e me enviem uma confirmação formal por e-mail. Agradeço a atenção e aguardo retorno dentro de um prazo razoável.",Cancelamento,Investimentos,Neutro,Média,3 dias úteis,Gerência de Investimentos,Cliente solicita cancelamento de produtos de investimento (CDB e fundos de renda fixa) que permanecem ativos no aplicativo após resgate total. Atendimento anterior (12 de fevereiro) não cumpriu prazo de cinco dias úteis para processamento.,Médio,"A reclamação envolve descumprimento de prazo informado ao cliente (5 dias úteis não cumpridos desde 12/02) e falha no processamento de cancelamento de produtos de investimento, conforme §3.4 da POL-SAC-001. Embora não haja indícios de fraude ou perda financeira direta, a persistência do problema após contato prévio e a falha operacional no encerramento de vínculos configuram risco reputacional moderado e possível violação de procedimentos internos de atendimento.","Processar cancelamento definitivo dos produtos de investimento (CDB e fundos de renda fixa) em até 48h, conforme §3.4 da POL-SAC-001, com confirmação de encerramento de vínculos no sistema | Enviar confirmação formal por e-mail ao cliente em até 24h após processamento, incluindo protocolo e comprovante de encerramento dos produtos | Investigar falha no atendimento de 12/02 que não cumpriu prazo de 5 dias úteis informado, gerando relatório para Gerência de Investimentos | Verificar se há saldo residual ou pendências que impedem o cancelamento automático e resolver em até 72h | Registrar analista dedicado para acompanhamento do caso até resolução final, conforme §2.3 da POL-SAC-001"
REC-2026-00224,Ouvidoria,"oi, to com um problemão aqui 😤 tão me cobrando uma anuidade q eu ja tinha cancelado faz uns 3 meses atras. liguei la e a moça disse q tava tudo certo mas agora veio de novo na fatura. meu cpf é [CPF OMITIDO] e ja mandei email com o protocolo do cancelamento e ngm me respondeu. tipo, eu fiz td certinho ne, cancelei dentro do prazo e msm assim vcs ficam me cobrando?? são quase 500 reais q eu n devo. se n resolverem vou ter q ir atras dos meus direitos pq isso ja ta me dando dor de cabeça demais 😩",Cobrança Indevida,Cartão de Crédito,Crítico,Alta,24 horas,Gerência de Cartões,"Cliente relata cobrança de anuidade após cancelamento realizado há 3 meses. Valor aproximado de R$ 500 em disputa, com múltiplas tentativas de resolução sem resposta. Ameaça implícita de buscar direitos legais.",Alto,"Caso envolve cobrança indevida de anuidade após cancelamento confirmado, com valor superior a R$ 200 e múltiplas tentativas de resolução sem resposta, caracterizando falha no atendimento. A menção implícita a buscar direitos legais indica risco de escalação para órgãos externos (Procon/Banco Central), o que elevaria automaticamente para urgência crítica conforme §4.3 da POL-SAC-001. Há risco reputacional moderado e necessidade de ação imediata para evitar agravamento.","Iniciar contestação de fatura imediatamente, com estorno provisório de R$ 500 em até 48h conforme §3.1 da POL-SAC-001 | Contato ativo com o cliente em até 24h para validar protocolo de cancelamento anterior e confirmar processamento do estorno | Revisar histórico completo do cartão nos últimos 90 dias para identificar falha no processamento do cancelamento original | Encaminhar caso para Gerência de Cartões com prioridade alta, incluindo análise do atendimento anterior que não solucionou a questão | Registrar no painel de acompanhamento gerencial devido ao risco de escalação para órgãos externos, conforme §2.3 da POL-SAC-001"
REC-2026-00478,Ouvidoria,"gente to mto revoltada com vcs 😤 meu cartao de credito ta vindo com umas cobranças q eu nunca fiz!! ja apareceu compra de 890 reais numa loja q eu nem conheço e outra de 1.200 em um site estranho. liguei la e ngm resolve nd, ficam me passando de um atendente pro outro e no final cai a ligação. isso é um absurdooo. ja fiz reclamação no reclame aqui e se n resolverem até sexta vou no procon e no banco central tbm pq ja to de saco cheio. n é possivel q um banco grande desse deixe o cliente no prejuizo assim. quero meu dinhero de volta e o cancelamento dessas cobranças JÁ 😡",Fraude/Segurança,Cartão de Crédito,Crítico,Crítica,4 horas,Gerência de Cartões,"Cliente relata transações não autorizadas no cartão de crédito totalizando aproximadamente R$ 2.090, com múltiplas tentativas de resolução sem sucesso. Ameaça denúncia ao Procon e Banco Central.",Crítico,"Caso apresenta indícios claros de fraude com transações não autorizadas totalizando R$ 2.090, conforme §2.4 da POL-SAC-001 que classifica fraude como urgência crítica. Adicionalmente, cliente menciona explicitamente Procon e Banco Central, o que segundo §4.3 da POL-SAC-001 eleva automaticamente a urgência para crítica. Há risco reputacional pela menção ao Reclame Aqui e potencial escalação para órgãos reguladores.","Contato ativo IMEDIATO com o cliente em até 2 horas para acolhimento e início da resolução, conforme §2.4 da POL-SAC-001 | Bloquear cartão imediatamente e acionar equipe de Prevenção a Fraudes para iniciar investigação em até 12 horas, conforme §3.1 da POL-SAC-001 | Escalar para gerente da Gerência de Cartões e equipe de Compliance, notificando sobre menção a Procon/Banco Central conforme §2.4 da POL-SAC-001 | Processar estorno provisório das transações contestadas (R$ 890 + R$ 1.200) em até 48 horas, conforme §3.1 da POL-SAC-001 | Gerar relatório de incidente em até 24 horas e registrar no sistema de ouvidoria devido à menção a órgãos reguladores, notificando jurídico conforme §4.3 da POL-SAC-001"
REC-2026-00270,SAC,"Já é a QUINTA vez que eu peço o cancelamento desse empréstimo consignado e vocês simplesmente IGNORAM meu pedido. Que merda de atendimento é esse? Eu tenho direito de cancelar dentro do prazo e vocês ficam enrolando, enrolando, jogando de um setor pro outro. Cada atendente fala uma coisa diferente. Um diz que já foi cancelado, outro diz que precisa de mais documentos, outro diz que não pode cancelar. Estou puto da vida com essa situação. Quero o cancelamento IMEDIATO e a devolução dos valores já descontados. Se não resolverem essa palhaçada logo, vou tomar as medidas cabíveis.",Cancelamento,Empréstimo,Crítico,Crítica,4 horas,Gerência de Crédito,"Cliente solicita cancelamento de empréstimo consignado pela quinta vez sem resposta. Relata inconsistências entre atendentes, descontos indevidos e ameaça de medidas legais. Situação reiterada sem resolução.",Crítico,"Caso enquadra-se em urgência CRÍTICA conforme §2.4 da POL-SAC-001: reclamação reiterada (quinta tentativa) sem resolução, menção explícita a medidas legais, e indícios de falha sistêmica no processo de cancelamento. A situação apresenta alto risco reputacional e regulatório, com potencial acionamento de Banco Central/Procon, além de possível violação do direito de arrependimento em empréstimo consignado.","Contato ativo IMEDIATO com o cliente em até 2 horas para validar solicitação de cancelamento e informar protocolo prioritário (§2.4 da POL-SAC-001) | Escalar imediatamente para gerente da Gerência de Crédito e equipe de Compliance, notificando sobre reiteração do caso e menção a medidas legais (§2.4) | Suspender todos os descontos do empréstimo consignado em até 24 horas enquanto se processa o cancelamento (§3.3 da POL-SAC-001) | Processar cancelamento definitivo e calcular estorno de valores já descontados indevidamente em até 48 horas, conforme procedimento de renegociação/cancelamento (§3.3) | Gerar relatório de incidente em até 24 horas detalhando as cinco tentativas anteriores, falhas no atendimento e ações corretivas implementadas (§2.4)"
REC-2026-00513,SAC,"Oi gente, to escrevendo pq apareceu uma cobrança no meu seguro de vida q eu nao entendo 😤 Meu nome é [NOME OMITIDO] e faz uns 2 meses q vem caindo um debito de R$ 47,00 todo mes sendo q eu ja cancelei esse negocio. Liguei la e ngm resolve nada, fica passando de um atendente pro outro. Ja to cansado disso viu, n eh possivel q eh tão dificil resolver um trem desse. So quero meu dinheiro de volta e q parem de cobrar algo q eu ja pedi pra cancelar. Vlw",Cobrança Indevida,Seguros,Negativo,Alta,24 horas,Gerência de Seguros,"Cliente relata cobrança recorrente de R$ 47,00 em seguro de vida já cancelado há 2 meses. Múltiplas tentativas de resolução sem sucesso, com atendimento inadequado. Solicita reembolso e cessação das cobranças.",Alto,"A reclamação envolve cobrança recorrente após cancelamento solicitado, com múltiplas tentativas de resolução sem sucesso, caracterizando falha operacional grave. Conforme §2.3 da POL-SAC-001, casos com múltiplas tentativas sem resolução e valores recorrentes configuram urgência alta. A situação apresenta risco reputacional moderado e potencial escalação para órgãos reguladores se não tratada adequadamente.","Contatar o cliente Ricardo Fonseca de Almeida ativamente por telefone em até 4 horas para reconhecer o problema e informar as ações em andamento (§2.3 da POL-SAC-001) | Suspender imediatamente todas as cobranças do seguro de vida e processar cancelamento definitivo em até 48h, conforme §3.5 da POL-SAC-001 (Gerência de Seguros) | Calcular e processar devolução proporcional do prêmio referente aos 2 meses de cobranças indevidas (aproximadamente R$ 94,00) em até 48h (§3.5 da POL-SAC-001) | Designar analista dedicado da Gerência de Seguros para acompanhamento exclusivo do caso até resolução completa (§2.3 da POL-SAC-001) | Notificar coordenador da Gerência de Seguros sobre a falha no processo de cancelamento e registrar no painel de acompanhamento gerencial (§2.3 da POL-SAC-001)"
REC-2026-00148,Ouvidoria,"Já é a terceira vez que peço o cancelamento dessa porcaria de cartão de crédito adicional e vocês simplesmente ignoram. Mandei mensagem pelo app, liguei pro SAC, fui na agência. Sempre a mesma conversa de que foi solicitado e que devo aguardar. Aguardar o quê, caramba? Enquanto isso a anuidade continua sendo cobrada. Estou de saco cheio. Quero o cancelamento AGORA e o estorno das anuidades cobradas indevidamente nos últimos dois meses. Não vou pagar por um cartão que pedi pra cancelar.",Cancelamento,Cartão de Crédito,Crítico,Alta,24 horas,Gerência de Cartões,"Cliente solicita cancelamento de cartão de crédito adicional pela terceira vez sem sucesso, com cobrança contínua de anuidade. Relata múltiplas tentativas de contato (app, SAC, agência) sem resolução e reivindica estorno de valores cobrados nos últimos dois meses.",Alto,"Reclamação recorrente (terceira tentativa) sem resolução efetiva configura falha grave no processo de cancelamento, violando o prazo de 24h estabelecido no §3.1 da POL-SAC-001. A cobrança continuada de anuidade após solicitações de cancelamento caracteriza cobrança indevida e gera risco reputacional significativo, além de potencial escalação para órgãos reguladores caso não seja resolvida imediatamente.","Contato ativo com o cliente em até 2 horas para confirmar cancelamento imediato do cartão adicional, conforme §2.4 da POL-SAC-001 | Processar cancelamento definitivo do cartão adicional em até 24h, com confirmação por escrito ao cliente (§3.1) | Estornar anuidades dos últimos dois meses de forma automática em até 48h, conforme §3.1 para valores de anuidade | Escalar para Gerência de Cartões e coordenador da área para investigar falha sistêmica que impediu os três cancelamentos anteriores (§2.3) | Registrar incidente no painel gerencial e gerar relatório em até 24h identificando pontos de falha no processo (§2.4)"
REC-2026-00308,Redes Sociais,"Prezados, solicito esclarecimentos acerca de cobranças que venho identificando em meu extrato bancário nos últimos três meses. Trata-se de débitos mensais no valor de R$ 29,90, descritos como 'pacote de serviços premium', os quais não foram por mim contratados nem autorizados. Ressalto que em nenhum momento recebi comunicação prévia sobre a inclusão deste serviço ou sobre os respectivos custos. Solicito o cancelamento imediato do referido pacote, bem como o estorno integral dos valores já debitados, totalizando R$ 89,70. Aguardo manifestação formal no prazo regulamentar.",Cobrança Indevida,Conta Corrente,Negativo,Alta,24 horas,Gerência de Contas,"Cliente relata débitos mensais não autorizados de R$ 29,90 descritos como 'pacote de serviços premium' por três meses consecutivos, totalizando R$ 89,70. Solicita cancelamento imediato e estorno integral dos valores, alegando falta de contratação e comunicação prévia.",Médio,"A reclamação envolve cobrança de tarifa não autorizada em conta corrente, com valor total de R$ 89,70 (abaixo do limite de R$ 500 para urgência crítica). Há potencial violação de dever de informação prévia ao cliente, conforme boas práticas bancárias. Embora classificada como urgência Alta pela triagem, o risco é Médio pois não há indícios de fraude externa, dados sensíveis expostos ou ameaça reputacional imediata. Conforme §2.3 da POL-SAC-001, requer acompanhamento dedicado e resposta em 24h.","Contato ativo com o cliente em até 4 horas via telefone ou canal de origem para confirmar recebimento e iniciar apuração, conforme §2.3 da POL-SAC-001 | Designar analista sênior dedicado da Gerência de Contas para revisar extrato dos últimos 90 dias e verificar histórico de contratação do pacote premium, conforme §3.2 da POL-SAC-001 | Cancelar imediatamente o pacote de serviços premium para evitar novos débitos, processando em até 24 horas conforme §3.2 | Iniciar processo de estorno automático dos R$ 89,70 caso comprovada ausência de contratação ou comunicação prévia, conforme §3.2 da POL-SAC-001 | Registrar caso no painel de acompanhamento gerencial e notificar coordenador da Gerência de Contas sobre possível falha sistêmica de adesão não autorizada, conforme §2.3"
REC-2026-00304,Banco Central,"Venho por meio desta solicitar o cancelamento imediato da apólice de seguro residencial vinculada à minha conta. Solicitei esse cancelamento há 47 dias, protocolo número 2026-0198734, e até o presente momento o débito continua sendo realizado mensalmente. Já registrei reclamação no Procon em 12 de março e protocolei denúncia junto ao Banco Central do Brasil no dia seguinte. Informo que, caso o cancelamento não seja efetivado e os valores indevidamente descontados não sejam integralmente restituídos no prazo de 5 dias úteis, tomarei as medidas judiciais cabíveis e levarei o caso à imprensa. A situação é inaceitável e demonstra total desrespeito ao consumidor.",Cancelamento,Seguros,Crítico,Crítica,4 horas,Gerência de Seguros,"Cliente solicita cancelamento de apólice de seguro residencial não efetivado há 47 dias, com débitos continuados. Já registrou reclamação no Procon e denúncia no Banco Central, ameaçando ação judicial e divulgação na imprensa.",Crítico,"Caso enquadra-se em urgência CRÍTICA conforme §2.4 da POL-SAC-001 por menção expressa a Banco Central e Procon, configurando violação regulatória em andamento. O débito continuado após solicitação de cancelamento há 47 dias caracteriza cobrança indevida reiterada, com risco reputacional elevado pela ameaça de exposição na imprensa. A combinação de órgãos reguladores acionados e prazo expirado exige resposta imediata para mitigar sanções e danos à imagem institucional.","Contato ativo IMEDIATO com o cliente em até 2h para confirmar cancelamento e cronograma de restituição, conforme §2.4 da POL-SAC-001 | Processar cancelamento da apólice em até 48h com devolução proporcional do prêmio e estorno integral dos débitos indevidos dos últimos 47 dias, conforme §3.5 da POL-SAC-001 | Notificar diretoria de Compliance em até 2h sobre as reclamações no Procon e Banco Central, conforme §4.3 da POL-SAC-001 | Escalar para gerente da Gerência de Seguros e equipe jurídica para revisão da resposta aos órgãos reguladores antes do envio, conforme §4.3 da POL-SAC-001 | Gerar relatório de incidente em até 24h documentando falha no processamento do cancelamento original (protocolo 2026-0198734) e ações corretivas implementadas, conforme §2.4 da POL-SAC-001"
REC-2026-00292,Redes Sociais,"Oi gente, to tentando cancelar meu cartão de crédito do BancoPrime faz uns 2 meses já e ninguem resolve nada 😩 Liguei umas 3 vezes, sempre falam q vai ser cancelado em 5 dias uteis e nada acontece. O cartão continua ativo e gerando anuidade. Já mandei msg pelo chat do app tbm e a atendente falou a mesma coisa. Sinceramente, não é nada urgente pq eu nem uso mais o cartão, mas é chato ficar pagando por algo q eu não quero né. Só quero q cancelem logo esse negocio e parem de cobrar anuidade. Vlw",Cancelamento,Cartão de Crédito,Negativo,Alta,24 horas,Gerência de Cartões,Cliente solicita cancelamento de cartão de crédito há 2 meses sem sucesso após múltiplas tentativas de contato. Cartão continua gerando cobrança de anuidade. Múltiplas tentativas anteriores sem resolução justificam urgência elevada.,Médio,"Reclamação recorrente de falha no processamento de cancelamento de cartão, com cobrança indevida de anuidade por 2 meses e múltiplas tentativas sem resolução. Configura descumprimento do prazo de 24h estabelecido no §3.1 da POL-SAC-001 para processamento de cancelamento. Embora não haja indícios de fraude ou violação regulatória grave, a persistência do problema e cobrança indevida representam risco reputacional moderado e potencial escalação para órgãos externos.","Processar cancelamento do cartão imediatamente, conforme §3.1 da POL-SAC-001, com confirmação ao cliente em até 24h | Estornar automaticamente todas as anuidades cobradas nos últimos 2 meses desde a primeira solicitação de cancelamento | Designar analista dedicado da Gerência de Cartões para acompanhamento do caso até conclusão, conforme §2.3 da POL-SAC-001 | Investigar falha sistêmica que impediu processamento das 3 solicitações anteriores e gerar relatório de incidente em até 24h | Registrar no painel de acompanhamento gerencial para monitoramento de recorrência deste tipo de falha operacional"
REC-2026-00276,Redes Sociais,"Gostaria de registrar uma reclamação referente ao atendimento recebido na agência centro da minha cidade no dia 15 de março. Sou correntista há mais de seis anos, meu nome é [NOME OMITIDO], conta corrente [CONTA OMITIDA], e fui orientado de forma incorreta sobre um procedimento de portabilidade de salário. O atendente informou que o processo levaria dois dias úteis, porém já se passaram onze dias úteis sem qualquer retorno. Tentei contato pelo chat e telefone, mas as informações são divergentes. Solicito que a situação seja resolvida com a devida urgência e que eu receba um posicionamento claro sobre o andamento da portabilidade.",Atendimento,Conta Corrente,Negativo,Alta,24 horas,Gerência de Contas,Cliente relata orientação incorreta sobre portabilidade de salário com prazo não cumprido (11 dias úteis vs. 2 prometidos). Múltiplas tentativas de contato sem retorno e informações divergentes entre canais.,Médio,"A reclamação envolve falha operacional em procedimento de portabilidade de salário, com orientação incorreta sobre prazos e múltiplas tentativas sem resolução, caracterizando problema recorrente de atendimento conforme §2.3 da POL-SAC-001. Embora não haja indícios de fraude ou violação regulatória direta, a divergência de informações entre canais e o descumprimento de prazo prometido representam risco reputacional moderado e potencial escalação para órgãos reguladores. Não há menção a valores financeiros significativos ou vulnerabilidade extrema do cliente.","Realizar contato ativo com o cliente em até 4 horas via telefone para atualização sobre o status da portabilidade de salário, conforme §2.3 da POL-SAC-001 | Designar analista dedicado da Gerência de Contas (responsável por Conta Corrente conforme §3.2) para acompanhamento exclusivo do caso até resolução completa | Notificar coordenador da Gerência de Contas sobre a falha no processo de portabilidade e divergência de informações entre canais de atendimento | Verificar o status real da portabilidade junto à área de Operações e fornecer posicionamento claro ao cliente com prazo definitivo de conclusão em até 24 horas | Registrar o caso no painel de acompanhamento gerencial e documentar a falha de orientação inicial para treinamento da equipe da agência"
REC-2026-00247,SAC,"Que lindo, estou tentando cancelar um empréstimo consignado há dois meses e parece que entrei num labirinto sem saída. Primeiro disseram que era só ir na agência. Fui. Lá disseram que tinha que ser pelo telefone. Liguei. No telefone, disseram que só pelo app. No app, não tem opção de cancelamento. Genial, né? Um verdadeiro circo. Enquanto isso, as parcelas seguem caindo e eu pagando por algo que não quero mais. Isso é retenção forçada e vou levar essa palhaçada pro Reclame Aqui e pro Procon. Já estou juntando todos os protocolos de atendimento. Vocês que se preparem.",Cancelamento,Empréstimo,Crítico,Crítica,4 horas,Gerência de Crédito,"Cliente relata dificuldade em cancelar empréstimo consignado há dois meses, com orientações conflitantes entre canais (agência, telefone, app). Ameaça denúncia ao Procon e Reclame Aqui, com coleta de protocolos para ação regulatória.",Crítico,"A reclamação apresenta menção explícita a órgãos reguladores (Procon) e plataformas de reputação (Reclame Aqui), configurando urgência crítica conforme §2.4 da POL-SAC-001. Há indícios de falha sistêmica nos canais de atendimento gerando retenção não intencional do produto, com risco reputacional elevado e potencial violação do direito de cancelamento. A coleta de protocolos pelo cliente indica preparação para ação regulatória formal, exigindo resposta imediata conforme §4.3 da POL-SAC-001.","Contato ativo IMEDIATO com o cliente em até 2 horas para resolução, conforme §2.4 da POL-SAC-001 | Escalar para Gerência de Crédito e equipe de Compliance imediatamente, notificando coordenador da área responsável conforme §2.4 | Processar cancelamento do empréstimo consignado em caráter emergencial, suspendendo cobranças de parcelas futuras em até 24 horas conforme §3.3 | Registrar no sistema de ouvidoria e notificar jurídico sobre menção ao Procon, conforme §2.4 e §4.3 da POL-SAC-001 | Gerar relatório de incidente em até 24 horas identificando falhas nos canais (agência, telefone, app) para correção sistêmica, conforme §2.4"
REC-2026-00258,SAC,"Já é a terceira vez que tento cancelar essa porcaria de conta corrente e vocês ficam inventando desculpa. Primeiro disseram que tinha pendência, fui lá e resolvi. Depois disseram que precisava de um formulário específico que só o gerente podia dar, e o gerente nunca está disponível. Agora inventaram que preciso agendar horário com 15 dias de antecedência. Que saco! Eu não quero mais ser cliente desse banco, é tão difícil de entender? Parem de me enrolar e cancelem essa droga de conta de uma vez. Se não cancelarem essa semana, vou no Procon e pronto.",Cancelamento,Conta Corrente,Crítico,Crítica,4 horas,Gerência de Contas,Cliente solicita cancelamento de conta corrente após três tentativas frustradas. Relata obstáculos sucessivos no processo e ameaça denúncia ao Procon caso não seja resolvido na semana.,Alto,"A reclamação apresenta menção explícita ao Procon, o que configura urgência crítica conforme §2.4 da POL-SAC-001. Há risco reputacional significativo e possível violação do direito de cancelamento do cliente, gerando exposição regulatória. O histórico de três tentativas frustradas indica falha processual grave que pode caracterizar prática abusiva.","Contato ativo IMEDIATO com o cliente em até 2 horas para resolução do cancelamento, conforme §2.4 da POL-SAC-001 | Registrar no sistema de ouvidoria e notificar jurídico imediatamente devido à menção ao Procon, conforme §2.4 e §4.3 da POL-SAC-001 | Processar cancelamento da conta corrente em até 5 dias úteis com confirmação de saldo zerado, conforme §3.2 da POL-SAC-001 | Escalar para gerente de área e equipe de Compliance para análise das falhas processuais nas três tentativas anteriores, conforme §2.4 da POL-SAC-001 | Gerar relatório de incidente em até 24 horas documentando as barreiras impostas ao cliente e ações corretivas implementadas, conforme §2.4 da POL-SAC-001"
REC-2026-00627,SAC,"Que merda é essa que apareceu na minha conta?? Tem três compras que eu NÃO fiz, uma de R$ 230 numa loja online que nunca ouvi falar, outra de R$ 89 em um aplicativo de jogos e mais uma de R$ 412 num site gringo. Eu nem saí de casa essa semana, caramba! Liguei no banco e a atendente ficou me pedindo pra verificar se não era alguém da família. Sério isso? Quero que cancelem essas transações e me devolvam o dinheiro. Se tiveram acesso à minha conta, o problema é de vocês que não garantem segurança. Que raiva!",Fraude/Segurança,Cartão de Crédito,Crítico,Crítica,4 horas,Gerência de Cartões,"Cliente relata três transações não autorizadas totalizando aproximadamente R$ 731, realizadas sem sua participação. Solicita cancelamento e reembolso, questionando a segurança da conta e responsabilizando a instituição pelo ocorrido.",Crítico,"Caso apresenta indícios claros de fraude com três transações não autorizadas totalizando R$ 731, enquadrando-se na definição de urgência CRÍTICA conforme §2.4 da POL-SAC-001. A situação envolve risco à segurança do cliente e possível vulnerabilidade de sistemas, demandando acionamento imediato de Prevenção a Fraudes e Compliance. O valor significativo e a natureza das transações (loja desconhecida, app de jogos, site internacional) reforçam a criticidade do caso.","Bloquear cartão imediatamente e acionar equipe de Prevenção a Fraudes para investigação em até 12h, conforme §3.1 da POL-SAC-001 | Realizar contato ativo IMEDIATO com o cliente em até 2h para confirmar as transações fraudulentas e tranquilizá-lo, conforme §2.4 | Iniciar contestação de fatura em até 24h e processar estorno provisório em até 48h do valor total de R$ 731, conforme §3.1 (Gerência de Cartões) | Escalar para gerente de área e equipe de Compliance, registrando no sistema de ouvidoria conforme §2.4 | Gerar relatório de incidente em até 24h e emitir segunda via do cartão, conforme §3.1 e §2.4"
REC-2026-00203,Redes Sociais,"Que maravilha de experiência cancelar um seguro residencial nesse banco, viu? Eu, Roberto Nascimento de Almeida, CPF [CPF OMITIDO], venho tentando cancelar meu seguro desde novembro do ano passado. Já liguei umas seis vezes. Cada vez me dizem que o cancelamento foi processado, e no mês seguinte lá está a cobrança na fatura de novo. É quase um talento conseguir ser tão ineficiente assim. Na última ligação, a atendente jurou de pé junto que dessa vez ia funcionar. Spoiler: não funcionou. É impressionante como é fácil contratar e impossível cancelar. Parece que o botão de cancelar sumiu do sistema. Aguardo ansiosamente mais uma cobrança indevida no próximo mês.",Cancelamento,Seguros,Crítico,Alta,24 horas,Gerência de Seguros,"Cliente relata múltiplas tentativas de cancelamento de seguro residencial desde novembro, com cobranças recorrentes apesar de confirmações de cancelamento. Seis contatos anteriores sem resolução efetiva do problema.",Alto,"Caso configura falha sistêmica grave com 6 tentativas frustradas de cancelamento e cobranças recorrentes indevidas, caracterizando potencial violação do CDC e risco reputacional significativo. Conforme §2.3 da POL-SAC-001, múltiplas tentativas sem resolução e cobranças após solicitação de cancelamento exigem escalação prioritária. A recorrência do problema sugere falha de processo que pode afetar outros clientes, demandando investigação imediata pela Gerência de Seguros.","Processar cancelamento definitivo do seguro em até 48h com devolução proporcional do prêmio, conforme §3.5 da POL-SAC-001, sob responsabilidade da Gerência de Seguros | Revisar e estornar todas as cobranças indevidas realizadas desde novembro, analisando extratos dos últimos 90 dias conforme procedimento padrão | Contato ativo com o cliente em até 4 horas para confirmar cancelamento imediato das cobranças e informar cronograma de estornos | Escalar para coordenador da Gerência de Seguros e registrar no painel de acompanhamento gerencial conforme §2.3, investigando falha sistêmica que impediu processamento nas 6 tentativas anteriores | Designar analista dedicado para acompanhamento do caso até resolução completa e emissão de carta de quitação formal ao cliente"
REC-2026-00598,SAC,"Venho, pela presente, formalizar reclamação referente ao cartão de crédito que mantenho junto a esta instituição e cuja solicitação de cancelamento protocolei em 14 de janeiro deste ano sob o número 2026-0871456. Apesar de ter seguido todos os procedimentos indicados pelo atendimento, o cartão permanece ativo e novas cobranças de anuidade continuam sendo lançadas em minha fatura. Já realizei quatro tentativas de contato pelos canais oficiais sem obter resolução definitiva. Informo que, caso o cancelamento não seja efetivado e os valores indevidamente cobrados não sejam estornados no prazo de cinco dias úteis, tomarei as medidas cabíveis junto ao Procon e ao Banco Central do Brasil, além de registrar reclamação formal nos órgãos de defesa do consumidor competentes.",Cancelamento,Cartão de Crédito,Crítico,Crítica,4 horas,Gerência de Cartões,"Cliente solicita cancelamento de cartão de crédito protocolado em janeiro, mas produto permanece ativo com cobranças de anuidade continuadas. Após quatro tentativas de resolução sem sucesso, cliente ameaça denúncia ao Procon e Banco Central.",Crítico,"A reclamação apresenta múltiplos fatores de risco crítico conforme §2.4 da POL-SAC-001: menção explícita a Banco Central e Procon, falha recorrente no atendimento (quatro tentativas sem resolução), e cobrança indevida continuada após solicitação formal de cancelamento. A combinação de ameaça regulatória com histórico de não resolução configura risco reputacional elevado e potencial violação de direitos do consumidor.","Contato ativo IMEDIATO com o cliente em até 2 horas para reconhecimento da falha e compromisso de resolução, conforme §2.4 da POL-SAC-001 | Processar cancelamento do cartão em até 24 horas e estornar todas as anuidades cobradas desde 14/01, conforme §3.1 da POL-SAC-001 | Escalar imediatamente para Gerência de Cartões, Compliance e jurídico devido à menção a órgãos reguladores, conforme §2.4 da POL-SAC-001 | Registrar no sistema de ouvidoria e notificar diretoria de Compliance sobre potencial denúncia ao Banco Central, conforme §4.3 da POL-SAC-001 | Gerar relatório de incidente em até 24 horas detalhando as quatro tentativas anteriores e falhas no processo de cancelamento"
REC-2026-00455,SAC,"Boa tarde. Notei na minha fatura do cartão de crédito uma cobrança de R$ 34,90 referente a um serviço de proteção de preço que eu não contratei. Não é um valor alto, mas não acho justo pagar por algo que não pedi. Já tentei cancelar pelo app mas não encontrei a opção. Gostaria que removessem essa cobrança e cancelassem o serviço.",Cobrança Indevida,Cartão de Crédito,Negativo,Média,3 dias úteis,Gerência de Cartões,"Cliente relata cobrança não autorizada de serviço de proteção de preço em fatura de cartão de crédito. Solicita remoção da cobrança e cancelamento do serviço, informando dificuldade em localizar opção de cancelamento no aplicativo.",Médio,"Cobrança de serviço não contratado configura possível venda casada ou falha no processo de contratação, com potencial violação ao CDC e risco de escalação para órgãos reguladores. Conforme §3.1 da POL-SAC-001, cobranças indevidas em cartão de crédito requerem tratamento prioritário com estorno provisório. A dificuldade relatada no cancelamento via app indica possível problema sistêmico que pode afetar outros clientes.","Iniciar contestação de fatura em até 24h conforme §3.1 da POL-SAC-001, com análise do histórico de contratação do serviço de proteção de preço | Processar estorno provisório de R$ 34,90 em até 48h, conforme §3.1 para valores acima de R$ 200 (aplicar critério de boa-fé para valor inferior) | Cancelar imediatamente o serviço de proteção de preço e confirmar ao cliente por escrito a desativação | Encaminhar para TI com prioridade a investigação sobre dificuldade de cancelamento no app, conforme §3.2 para problemas de acesso/app | Gerência de Cartões deve revisar processo de contratação deste serviço para identificar falhas sistêmicas e prevenir recorrência"
REC-2026-00565,Redes Sociais,"ESTOU DESESPERADO. Já faz SEIS MESES que venho tentando cancelar um empréstimo consignado que foi contratado SEM minha autorização. Nunca solicitei esse empréstimo, nunca assinei nada, e mesmo assim descontam R$ 487,00 do meu benefício todo mês. Já fui na agência quatro vezes, já liguei incontáveis vezes, já abri protocolo, já mandei carta registrada e NADA. Absolutamente NADA é resolvido. Já registrei reclamação no Banco Central sob o protocolo que tenho aqui, e também no Procon da minha cidade. Se essa situação não for resolvida em 48 horas, vou acionar meu advogado para entrar com ação judicial e também vou procurar os jornais e a TV local. Estou passando necessidade por causa desse desconto indevido. Isso é crime e vou até as últimas consequências.",Cobrança Indevida,Empréstimo,Crítico,Crítica,4 horas,Gerência de Crédito,"Cliente relata contratação de empréstimo consignado não autorizado com descontos mensais indevidos há seis meses. Múltiplas tentativas de resolução sem sucesso, reclamações registradas no Banco Central e Procon, ameaça de ação judicial e denúncia à mídia. Situação compromete subsistência do cliente.",Crítico,"Caso apresenta múltiplos fatores de risco crítico conforme §2.4 da POL-SAC-001: indícios claros de fraude (contratação não autorizada), violação regulatória com reclamações já registradas em Banco Central e Procon, vulnerabilidade financeira extrema do cliente (comprometimento de subsistência), e alto risco reputacional com ameaça de exposição midiática. A combinação desses elementos exige ação imediata e escalação para Compliance e jurídico.","Contato ativo IMEDIATO com o cliente em até 2h para acolhimento e início de investigação, conforme §2.4 da POL-SAC-001 | Suspender cobranças e descontos do empréstimo em até 24h, conforme §3.3 da POL-SAC-001, e iniciar estorno dos valores descontados indevidamente nos últimos 6 meses | Escalar imediatamente para Gerência de Crédito, equipe de Prevenção a Fraudes e Compliance para investigação de contratação não autorizada, conforme §2.4 | Notificar jurídico em até 2h sobre reclamações em Banco Central e Procon, preparando resposta formal aos órgãos conforme §4.3 da POL-SAC-001 | Gerar relatório de incidente em até 24h e acionar protocolo de atendimento sensível devido à vulnerabilidade financeira do cliente, conforme §2.4"
REC-2026-00145,Ouvidoria,"Ah, que lindo, tentei cancelar um empréstimo consignado e descobri que preciso de uma carta assinada pelo Papa, reconhecida em cartório de três estados diferentes e abençoada por um monge tibetano. Sério, pedi o cancelamento dentro do prazo de sete dias como diz o contrato, e inventaram que o sistema não permite estorno automático. Engraçado que pra contratar foi tudo rapidinho pelo app, né? Agora pra cancelar precisa de um ritual completo. Quero o cancelamento efetivado conforme o direito de arrependimento. Simples assim.",Cancelamento,Empréstimo,Crítico,Alta,24 horas,Gerência de Crédito,"Cliente solicita cancelamento de empréstimo consignado dentro do prazo de sete dias, invocando direito de arrependimento. Relata que o banco alega impossibilidade técnica de estorno automático, criando obstáculos desproporcionais ao processo de contratação.",Alto,"A reclamação envolve potencial violação do direito de arrependimento (CDC Art. 49), configurando risco regulatório significativo. A assimetria entre facilidade de contratação e dificuldade de cancelamento caracteriza prática abusiva passível de sanção por órgãos de defesa do consumidor, conforme §2.3 da POL-SAC-001. O tom crítico do cliente indica alta probabilidade de escalação para Procon/Banco Central caso não haja resolução imediata.","Processar cancelamento do empréstimo consignado em até 24h conforme §3.3 da POL-SAC-001, sem exigência de documentação adicional além da solicitação formal | Estornar valores debitados e suspender cobranças em até 24h, conforme procedimento de cancelamento da seção 3.3 | Contato ativo com o cliente em até 2h para confirmar recebimento da solicitação e informar prazo de conclusão, aplicando protocolo de atendimento diferenciado | Escalar para Gerência de Crédito e Compliance para revisão do processo de cancelamento e identificação de falhas sistêmicas que criam obstáculos desproporcionais | Gerar relatório de incidente em até 24h documentando a assimetria entre contratação e cancelamento para correção de fluxo operacional"
REC-2026-00301,Banco Central,"Estou passando por uma situação desesperadora com cobranças indevidas no meu cartão de crédito do Banco Esfera. Nos últimos quatro meses identifiquei cobranças recorrentes de um serviço chamado ""Proteção Digital Premium"" no valor de R$ 39,90 por mês que nunca contratei. Já liguei cinco vezes pedindo o cancelamento e o estorno, e todas as vezes me garantiram que seria resolvido. O número da minha conta é [CONTA OMITIDA] e já tenho todos os protocolos anotados. O total cobrado indevidamente já soma R$ 159,60 e continuo vendo a cobrança na fatura. Não aguento mais essa situação, me sinto impotente diante de um banco que simplesmente ignora o cliente. Só quero meu dinheiro de volta e que parem de me cobrar por algo que não pedi.",Cobrança Indevida,Cartão de Crédito,Crítico,Crítica,4 horas,Gerência de Cartões,"Cliente relata cobranças recorrentes indevidas de serviço não contratado (R$ 39,90/mês) no cartão de crédito, totalizando R$ 159,60. Após cinco tentativas de resolução sem sucesso, solicita cancelamento e estorno. Situação de vulnerabilidade financeira e emocional do cliente.",Crítico,"Caso apresenta múltiplos fatores de risco crítico conforme §2.4 da POL-SAC-001: vulnerabilidade emocional do cliente explicitamente declarada ('situação desesperadora', 'me sinto impotente'), falha sistêmica evidenciada por cinco tentativas frustradas de resolução, e cobrança recorrente não autorizada que configura indício de falha em controles internos. A persistência da cobrança após múltiplos contatos caracteriza potencial violação de direitos do consumidor e risco reputacional elevado, podendo escalar para órgãos reguladores.","Contato ativo IMEDIATO com o cliente em até 2 horas, acionando protocolo de atendimento sensível (tom empático, sem cobrança de prazos) conforme §2.4 da POL-SAC-001 | Bloquear imediatamente todas as cobranças do serviço 'Proteção Digital Premium' e processar estorno provisório de R$ 159,60 em até 48h, conforme §3.1 da POL-SAC-001 (valor > R$ 200 aplicado por analogia dado o contexto crítico) | Escalar para Gerência de Cartões e equipe de Compliance em até 2h para investigação de falha sistêmica nos cinco protocolos anteriores, conforme §2.4 | Gerar relatório de incidente detalhado em até 24h identificando causa-raiz da falha recorrente e ações corretivas, conforme §2.4 | Designar analista dedicado para acompanhamento do caso até resolução definitiva e registrar no painel de acompanhamento gerencial, conforme §2.3"
REC-2026-00521,Ouvidoria,"PELO AMOR DE DEUS, EU JÁ PEDI O CANCELAMENTO DESSA DROGA SEIS VEZES! Seis vezes! E todo mês continua vindo cobrança, continua caindo débito, continua essa sacanagem! Eu não quero mais NADA com essa instituição, será que é tão difícil de entender? Já fui no Procon, já abri reclamação no Banco Central e já registrei tudo no Reclame Aqui. Vocês não respeitam o consumidor! O Código de Defesa do Consumidor existe pra quê, afinal? Vou procurar um advogado porque isso já passou de todos os limites. Quero o cancelamento DEFINITIVO e o estorno de TODOS os valores cobrados desde a minha primeira solicitação em outubro do ano passado. Se não resolverem, a próxima conversa vai ser na Justiça, podem ter certeza disso!",Cancelamento,Não Identificado,Crítico,Crítica,4 horas,Área de Suporte Geral,"Cliente solicita cancelamento definitivo após seis tentativas anteriores sem sucesso, com cobranças continuadas. Já acionou Procon, Banco Central e Reclame Aqui, ameaçando ação judicial e contratação de advogado para estorno de valores desde outubro do ano anterior.",Crítico,"Caso apresenta múltiplos fatores de risco crítico conforme §2.4 da POL-SAC-001: menção explícita a Banco Central e Procon (órgãos reguladores), ameaça de ação judicial, e falha recorrente em processos de cancelamento gerando cobranças indevidas continuadas. Adicionalmente, conforme §4.3 da POL-SAC-001, reclamações envolvendo Banco Central e Procon recebem automaticamente classificação de urgência crítica, exigindo notificação à diretoria de Compliance em até 2h e revisão jurídica obrigatória.","Contato ativo IMEDIATO com o cliente em até 2 horas para confirmar solicitação de cancelamento definitivo, conforme §2.4 da POL-SAC-001 | Notificar diretoria de Compliance em até 2h sobre reclamação envolvendo Banco Central e Procon, conforme §4.3 da POL-SAC-001 | Processar cancelamento definitivo em até 24h e suspender todas as cobranças imediatamente, conforme procedimentos de cancelamento aplicáveis ao produto identificado | Revisar histórico completo de solicitações anteriores e calcular estorno de valores cobrados desde outubro, com análise jurídica obrigatória antes da resposta ao cliente conforme §4.3 | Gerar relatório de incidente em até 24h detalhando as falhas nos seis processos anteriores de cancelamento e escalar para gerente de área, conforme §2.4 da POL-SAC-001"
REC-2026-00305,Banco Central,"oi gente, to com um probleminha aqui no cartão de credito 😅 apareceu uma cobrança de R$ 34,90 de um tal de ""seguro proteção digital"" q eu nunca contratei kkk nem sei oq é isso. ja tentei cancelar pelo app mas n tem opção nenhuma pra isso. alguem pode me ajudar a tirar essa cobrança?? n é mto dinheiro mas tbm n quero ficar pagando coisa q n pedi ne. vlw 👍",Cobrança Indevida,Cartão de Crédito,Neutro,Média,3 dias úteis,Gerência de Cartões,"Cliente relata cobrança não autorizada de R$ 34,90 referente a serviço de seguro não contratado. Tentativa de cancelamento pelo aplicativo sem sucesso. Solicita remoção da cobrança.",Médio,"Cobrança de serviço não contratado configura potencial violação de práticas comerciais e pode indicar falha sistêmica de consentimento, conforme §3.1 da POL-SAC-001. Embora o valor seja baixo (R$ 34,90), a impossibilidade de cancelamento pelo app sugere problema de transparência e controle do cliente sobre seus produtos. Não há indícios de fraude externa ou vulnerabilidade crítica do cliente.","Iniciar contestação de fatura em até 24h conforme §3.1 da POL-SAC-001, verificando histórico de contratação do seguro proteção digital | Processar estorno provisório em até 48h, considerando que o valor supera R$ 200 apenas se houver cobranças recorrentes não identificadas | Encaminhar para Gerência de Cartões investigação sobre falha na funcionalidade de cancelamento pelo aplicativo, com prioridade para TI | Cancelar o serviço de seguro proteção digital em até 24h e confirmar ao cliente por escrito a remoção definitiva | Revisar extrato dos últimos 90 dias para identificar cobranças anteriores do mesmo serviço e processar estorno automático se comprovada cobrança recorrente indevida"
REC-2026-00405,Banco Central,"Porra, eu tô de saco cheio desse cartão de crédito! Meu nome é [NOME OMITIDO], conta [CONTA OMITIDA], e faz três faturas que vem cobrança de seguro que eu não pedi. Já falei que não quero essa merda de seguro prestamista e toda vez a atendente diz que cancelou. Aí chega o mês seguinte e lá está a cobrança de novo. Que droga de sistema é esse? Vocês acham que cliente é trouxa? Quero esse seguro cancelado de verdade e quero o estorno dos três meses que foram cobrados. Não vou pagar por algo que eu nunca autorizei, ponto final.",Cobrança Indevida,Cartão de Crédito,Crítico,Alta,24 horas,Gerência de Cartões,"Cliente relata cobrança recorrente de seguro prestamista não autorizado em três faturas consecutivas, apesar de solicitações anteriores de cancelamento. Solicita cancelamento definitivo do serviço e estorno dos valores cobrados.",Alto,"Cobrança recorrente não autorizada de seguro prestamista configura potencial violação de regulamentação de venda casada e ausência de consentimento expresso, com risco de escalação para órgãos reguladores. A falha sistêmica em três cancelamentos consecutivos evidencia problema operacional grave que pode gerar dano reputacional e passivo regulatório, conforme §2.3 da POL-SAC-001 que classifica falhas recorrentes como urgência crítica.","Contato ativo com o cliente em até 2 horas para confirmar cancelamento definitivo do seguro prestamista e informar protocolo de estorno, conforme §2.4 da POL-SAC-001 | Iniciar contestação de fatura em até 24h e processar estorno provisório dos três meses cobrados em até 48h, conforme §3.1 da POL-SAC-001 | Escalar para Gerência de Cartões e equipe de Compliance para investigação de falha sistêmica nos cancelamentos anteriores, com relatório de incidente em até 24h conforme §2.4 | Revisar histórico completo de solicitações anteriores e registros de atendimento para identificar quebra de processo e responsabilizar área operacional | Registrar no painel de acompanhamento gerencial e designar analista dedicado para monitoramento do caso até resolução definitiva, conforme §2.3 da POL-SAC-001"
REC-2026-00582,Ouvidoria,"Gente, to tentando cancelar minha conta faz mais de 30 dias e ngm resolve nada 😤 Já liguei umas 4 vezes, cada vez falam uma coisa diferente. Um atendente disse q era pra ir na agencia, fui lá e disseram q era pelo app. No app não tem opção de cancelamento!! Isso é brincadera, vcs ficam empurrando o cliente de um lado pro outro e ninguem resolve. Só quero encerrar minha conta, não é nenhum bicho de sete cabeças. Se não resolverem logo vou ter q procurar meus direitos pq ja to de saco cheio dessa enrolação toda.",Cancelamento,Conta Corrente,Crítico,Alta,24 horas,Gerência de Contas,Cliente solicita cancelamento de conta há mais de 30 dias sem resolução. Relata múltiplas tentativas de contato (4 ligações) com orientações conflitantes entre canais (agência e app). Ameaça buscar direitos do consumidor caso não haja resolução.,Alto,"Cliente relata tentativas frustradas de cancelamento há mais de 30 dias, com orientações conflitantes entre canais, caracterizando falha grave no atendimento e possível violação do direito básico do consumidor. A ameaça explícita de buscar órgãos de defesa do consumidor eleva o risco reputacional e regulatório, conforme §2.3 da POL-SAC-001 que classifica menção a direitos do consumidor como indicador de urgência crítica. O prazo legal de 5 dias úteis para encerramento (§3.2) foi amplamente excedido, expondo a instituição a sanções.","Contato ativo IMEDIATO com o cliente em até 2 horas para reconhecer a falha e informar resolução definitiva, conforme §2.4 da POL-SAC-001 | Processar cancelamento da conta em até 24 horas (prazo máximo: 5 dias úteis), confirmando saldo zerado, conforme §3.2 - Gerência de Contas responsável | Escalar para coordenador da Gerência de Contas e registrar no painel de acompanhamento gerencial devido ao descumprimento de prazo e risco de escalação para Procon | Gerar relatório de incidente em até 24h identificando falhas no processo de cancelamento e divergências entre canais (agência/app), conforme §2.4 | Notificar equipe de Compliance sobre potencial reclamação em órgão regulador e preparar documentação preventiva para revisão jurídica"
REC-2026-00218,Banco Central,"Estou desesperado e não sei mais a quem recorrer. O banco está cobrando parcelas de um seguro de vida que cancelei há oito meses. Já apresentei o comprovante de cancelamento na agência, mandei por e-mail, anexei no chat e mesmo assim continuam descontando R$ 189,00 todo mês da minha conta. Já são mais de R$ 1.500 cobrados indevidamente. Esse dinheiro faz falta, tenho família pra sustentar. Já registrei reclamação no Procon e no Banco Central, e se não resolverem em uma semana vou procurar a Defensoria Pública. Não é possível que uma empresa desse tamanho trate o cliente dessa forma. Eu imploro que resolvam isso, estou no meu limite.",Cobrança Indevida,Seguros,Crítico,Crítica,4 horas,Gerência de Seguros,"Cliente relata cobranças indevidas de seguro de vida cancelado há oito meses, totalizando mais de R$ 1.500. Já registrou reclamações no Procon e Banco Central, com ameaça de acionamento da Defensoria Pública. Cliente em situação de vulnerabilidade financeira.",Crítico,"Caso apresenta múltiplos fatores de risco crítico conforme §2.4 da POL-SAC-001: menção expressa a órgãos reguladores (Procon e Banco Central), vulnerabilidade financeira e emocional do cliente ('desesperado', 'no meu limite'), e valor significativo de cobranças indevidas acumuladas. A recorrência da falha operacional após múltiplas tentativas de resolução configura grave risco reputacional e regulatório, exigindo acionamento imediato de Compliance e tratamento diferenciado conforme protocolo de atendimento sensível.","Contato ativo IMEDIATO com o cliente em até 2 horas, utilizando protocolo de atendimento sensível (tom empático, sem cobrança de prazos), conforme §2.4 da POL-SAC-001 | Suspender imediatamente todas as cobranças relacionadas ao seguro e processar estorno integral de R$ 1.500 em até 48 horas, conforme §3.5 da POL-SAC-001 | Notificar diretoria de Compliance em até 2 horas sobre as reclamações registradas no Procon e Banco Central, conforme §4.3 da POL-SAC-001 | Escalar para Gerência de Seguros e equipe jurídica para revisão das respostas aos órgãos reguladores em até 10 dias úteis, conforme §4.3 da POL-SAC-001 | Gerar relatório de incidente em até 24 horas identificando falhas no processo de cancelamento e encaminhar para coordenador da área responsável, conforme §2.4 da POL-SAC-001"
REC-2026-00355,Redes Sociais,Solicito o cancelamento da minha conta junto a essa instituição. Já realizei o pedido formalmente na agência no dia 12 de janeiro deste ano e até o momento a conta permanece ativa. Não possuo nenhum débito pendente e não utilizo mais os serviços do banco. Gostaria que o encerramento fosse efetivado conforme o prazo regulamentar estabelecido pelo Banco Central. Aguardo retorno com a confirmação do cancelamento.,Cancelamento,Conta Corrente,Neutro,Média,3 dias úteis,Gerência de Contas,"Cliente solicita cancelamento de conta corrente formalmente requerido em janeiro, que permanece ativa sem débitos pendentes. Menciona prazo regulamentar do Banco Central e aguarda confirmação de encerramento.",Médio,"A reclamação indica descumprimento do prazo de 5 dias úteis para processamento de encerramento de conta corrente, conforme §3.2 da POL-SAC-001. O cliente menciona explicitamente prazo regulamentar do Banco Central, o que eleva o risco de escalação para órgão regulador caso não seja resolvido prontamente. Não há indícios de fraude ou dados sensíveis expostos, mas existe risco reputacional moderado por possível violação de norma do BACEN.","Verificar imediatamente o status do pedido de encerramento protocolado em 12/01 e identificar causa do atraso no processamento (Gerência de Contas) | Processar o encerramento da conta em até 5 dias úteis conforme §3.2 da POL-SAC-001, confirmando previamente saldo zerado | Emitir carta formal de confirmação de encerramento ao cliente com data efetiva do cancelamento | Registrar protocolo SAC com prazo legal de 5 dias úteis para resposta, conforme §4.1 da POL-SAC-001 | Documentar o caso para análise de processo interno e prevenir recorrência de atrasos em cancelamentos"
REC-2026-00342,SAC,"Pelo amor de Deus, eu preciso cancelar minha conta corrente e ninguém me ajuda! Já fui na agência três vezes, liguei no SAC e toda vez me passam de um atendente pra outro sem resolver nada. Estou desesperada porque estão caindo cobranças nessa conta que eu nem uso mais e meu nome vai ficar sujo. Já pedi o encerramento formal por escrito e mesmo assim continuam cobrando tarifa de manutenção. Eu só quero fechar essa conta e seguir minha vida, não aguento mais essa situação. Se não resolverem essa semana, vou ter que procurar um advogado porque já não sei mais o que fazer. Estou implorando, me ajudem a resolver isso de uma vez.",Cancelamento,Conta Corrente,Crítico,Crítica,4 horas,Gerência de Contas,"Cliente solicita cancelamento de conta corrente com múltiplas tentativas anteriores sem resolução. Relata cobranças indevidas contínuas e risco de comprometimento de crédito, com ameaça explícita de ação judicial.",Alto,"A reclamação apresenta múltiplas tentativas frustradas de resolução, cobranças indevidas contínuas e ameaça explícita de judicialização, configurando risco reputacional e potencial violação de direitos do consumidor conforme §2.4 da POL-SAC-001. A situação de vulnerabilidade emocional da cliente e o risco de negativação caracterizam urgência crítica. Embora não haja indícios diretos de fraude ou violação de LGPD, a falha recorrente no atendimento e a persistência de cobranças após solicitação formal de encerramento podem gerar passivo regulatório junto ao Banco Central e Procon, conforme §4.3 da POL-SAC-001.","Contato ativo IMEDIATO com a cliente em até 2 horas para acolhimento e confirmação de dados, aplicando protocolo de atendimento sensível conforme §2.4 da POL-SAC-001 | Suspender imediatamente todas as cobranças de tarifas de manutenção e revisar extrato dos últimos 90 dias para identificar valores indevidos, conforme §3.2 da POL-SAC-001 | Processar o encerramento formal da conta corrente em até 5 dias úteis com confirmação de saldo zerado e emissão de carta de encerramento, conforme §3.2 da POL-SAC-001 | Escalar para gerente da Gerência de Contas e equipe de Compliance devido à ameaça de judicialização e múltiplas falhas no atendimento anterior, conforme §2.4 da POL-SAC-001 | Gerar relatório de incidente em até 24 horas documentando as falhas no processo de encerramento e registrar no painel de acompanhamento gerencial, conforme §2.4 da POL-SAC-001"
REC-2026-00231,Banco Central,"Prezados senhores, dirijo-me a esta instituição para relatar um problema recorrente com a minha conta corrente que vem me causando transtornos consideráveis. Há aproximadamente quarenta dias, solicitei a portabilidade do meu salário para esta conta e, desde então, o depósito não tem sido processado corretamente. O valor cai com atraso de dois a três dias úteis, o que compromete o pagamento das minhas contas em dia. Já compareci à agência pessoalmente em duas ocasiões e fui informado de que o problema seria resolvido em até cinco dias úteis, prazo que já se esgotou sem solução. Solicito formalmente uma resolução definitiva para esta questão, uma vez que a situação está afetando diretamente meu planejamento financeiro mensal.",Produto/Serviço,Conta Corrente,Negativo,Alta,24 horas,Gerência de Contas,"Cliente relata atraso recorrente de dois a três dias úteis no depósito de salário após portabilidade solicitada há 40 dias. Problema persiste apesar de duas visitas à agência e promessas de resolução, comprometendo o pagamento de contas em dia.",Alto,"A reclamação envolve falha recorrente em serviço essencial (depósito de salário) com impacto direto na capacidade financeira do cliente, caracterizando vulnerabilidade financeira. Houve descumprimento de prazo prometido pela agência (5 dias úteis) e o problema persiste há 40 dias, configurando falha sistêmica que pode gerar escalação para órgãos reguladores. Conforme §2.3 da POL-SAC-001, casos de urgência Alta com impacto financeiro direto requerem tratamento prioritário e acompanhamento gerencial.",Contato ativo com o cliente em até 4 horas para atualização do caso e coleta de informações adicionais sobre a portabilidade (conforme §2.3 da POL-SAC-001) | Encaminhar para TI e Gerência de Contas com prioridade máxima para investigação técnica da falha na portabilidade salarial em até 24h (conforme §3.2 da POL-SAC-001) | Designar analista dedicado da Gerência de Contas para acompanhamento exclusivo do caso até resolução definitiva (conforme §2.3 da POL-SAC-001) | Registrar no painel de acompanhamento gerencial e notificar coordenador da área responsável sobre falha recorrente (conforme §2.3 da POL-SAC-001) | Avaliar compensação temporária ou crédito emergencial para mitigar impacto financeiro imediato no pagamento de contas do cliente (conforme §2.3 da POL-SAC-001)
REC-2026-00639,Banco Central,"ola meu nome é [NOME OMITIDO] e to fazendo essa reclamação pq apareceu uma cobrança estranha na minha conta 😕 tao me cobrando uma taxa de 29,90 todo mes q segundo o atendente é de um pacote digital premium sei la oq. nunca pedi isso gente, nem sabia q existia esse tal pacote. ja tentei cancelar pelo app mas nao tem opção pra isso, liguei la e disseram q ia cancelar mas continua vindo a cobrança. ja são 3 meses pagando por algo q eu nao uso e nao pedi. queria q devolvessem os 89,70 q ja me cobraram e cancelassem de vez esse negocio. obrigadaa",Cobrança Indevida,Conta Corrente,Negativo,Alta,24 horas,Gerência de Contas,"Cliente relata cobrança recorrente de taxa de pacote digital premium não solicitado, no valor de R$ 29,90 mensais. Após múltiplas tentativas de cancelamento (app e atendimento telefônico), a cobrança persiste há 3 meses. Solicita devolução do valor total cobrado e cancelamento definitivo do serviço.",Alto,"A reclamação apresenta cobrança recorrente não autorizada por 3 meses, com falha no processo de cancelamento após múltiplas tentativas do cliente, caracterizando possível violação de direitos do consumidor e risco de escalação para órgãos reguladores. Conforme §2.3 da POL-SAC-001, casos de urgência ALTA com falha sistêmica em cancelamento exigem ação imediata e acompanhamento dedicado. A persistência da cobrança após solicitação de cancelamento pode configurar prática abusiva sujeita a sanções regulatórias.","Contatar cliente em até 24h para confirmar cancelamento imediato do pacote digital premium e informar sobre estorno (conforme §2.3 da POL-SAC-001) | Revisar extrato dos últimos 90 dias e processar estorno automático de R$ 89,70 referente às 3 cobranças indevidas (conforme §3.2 da POL-SAC-001) | Designar analista dedicado da Gerência de Contas para acompanhamento do caso até resolução completa (conforme §2.3 da POL-SAC-001) | Encaminhar para TI com prioridade para investigar falha no processo de cancelamento via app e atendimento telefônico (conforme §3.2 da POL-SAC-001) | Registrar no painel de acompanhamento gerencial e notificar coordenador da Gerência de Contas sobre falha sistêmica no cancelamento (conforme §2.3 da POL-SAC-001)"
REC-2026-00331,Redes Sociais,"Estou recebendo cobranças de um serviço que eu nunca contratei. Todo mês vem na fatura um débito de R$ 39,90 referente a um tal de ""pacote premium digital"" que eu não faço a menor ideia do que seja. Já liguei duas vezes pedindo o cancelamento e a devolução dos valores e até agora nada mudou. Que sacanagem é essa de ficar enfiando cobrança na conta dos outros sem autorização? Na última fatura veio de novo e eu estou de saco cheio. Quero o cancelamento imediato dessa porcaria e o estorno de todos os valores cobrados indevidamente, senão vou tomar outras providências.",Cobrança Indevida,Conta Corrente,Crítico,Alta,24 horas,Gerência de Contas,"Cliente relata cobranças recorrentes mensais de serviço não contratado na fatura. Após duas tentativas de cancelamento sem resolução, solicita cancelamento imediato e estorno dos valores cobrados indevidamente, com ameaça de providências adicionais.",Alto,"A reclamação apresenta cobrança recorrente não autorizada em conta corrente, com falha em duas tentativas anteriores de resolução, configurando possível violação de direitos do consumidor e risco reputacional. A menção a 'tomar outras providências' indica possível escalação para órgãos externos (Procon/Banco Central), o que elevaria automaticamente para criticidade conforme §2.4 da POL-SAC-001. Há indícios de falha sistêmica no cancelamento que requer investigação imediata.","Contatar cliente ativamente em até 4 horas para confirmar cancelamento imediato do serviço 'pacote premium digital' e iniciar apuração da contratação, conforme protocolo de urgência alta da §2.3 da POL-SAC-001 | Revisar extrato dos últimos 90 dias e processar estorno automático de todas as cobranças de R$ 39,90 do serviço não contratado, conforme §3.2 da POL-SAC-001 (Gerência de Contas) | Investigar falha no processamento das duas solicitações anteriores de cancelamento para identificar quebra de processo e prevenir recorrência | Designar analista dedicado para acompanhamento do caso e registrar no painel de acompanhamento gerencial, conforme §2.3 da POL-SAC-001 | Notificar coordenador da Gerência de Contas sobre possível falha sistêmica e risco de escalação para órgãos reguladores"
REC-2026-00524,Banco Central,"Gente, to mto irritada com esse banco 😤 Me cobraram um seguro residencial q eu NUNCA pedi!! Apareceu do nada na minha fatura um debito de R$ 89,90 de ""seguro residencia premium"". Ja tentei cancelar pelo app mas n tem opção nenhuma pra isso. Liguei la e a moça disse q eu msm contratei, mas juro por tudo q é sagrado q nunca fiz isso. Quero meu dinheiro de volta e esse seguro cancelado imediatamente. Se tivessem me avisado antes pelo menos né, mas nem isso fizeram 😡 Absurdo cobrar sem autorizaçao.",Cobrança Indevida,Seguros,Crítico,Alta,24 horas,Gerência de Seguros,"Cliente relata cobrança de seguro residencial não autorizado no valor de R$ 89,90, com impossibilidade de cancelamento via app. Afirma nunca ter contratado o serviço e solicita reembolso e cancelamento imediato.",Alto,"A reclamação envolve cobrança de produto não autorizado (seguro residencial de R$ 89,90), configurando potencial violação de consentimento e práticas comerciais inadequadas. Conforme §2.3 da POL-SAC-001, casos com valores significativos e alegação de falta de autorização requerem urgência alta. Há risco reputacional moderado e necessidade de verificação imediata da origem da contratação para descartar falhas sistêmicas ou comerciais.","Contato ativo com o cliente em até 4h via telefone para escuta empática e coleta de informações adicionais sobre a suposta contratação não autorizada (§2.3 POL-SAC-001) | Designar analista dedicado da Gerência de Seguros para investigar a origem da contratação e verificar registros de consentimento em até 24h (§3.5 POL-SAC-001) | Processar cancelamento do seguro em até 48h com devolução proporcional do prêmio, independente da conclusão da investigação (§3.5 POL-SAC-001) | Notificar coordenador da Gerência de Seguros sobre o caso para avaliação de possíveis falhas no processo de contratação (§2.3 POL-SAC-001) | Registrar no painel de acompanhamento gerencial e enviar posicionamento intermediário ao cliente caso a investigação exceda 48h (§2.3 POL-SAC-001)"
REC-2026-00404,Ouvidoria,"Estou tentando cancelar minha conta corrente há DOIS MESES. Isso mesmo, sessenta dias de pura diversão burocrática. Fui à agência, me mandaram ligar pro 0800. Liguei pro 0800, me mandaram ir na agência. Fui na agência de novo e disseram que tinha que agendar pelo app. Agendei pelo app e o sistema deu erro. Que espetáculo de eficiência! Enquanto isso, continuam me cobrando tarifa mensal de uma conta que eu não quero mais. Se não resolverem essa semana, vou registrar reclamação no Banco Central e no Procon, porque essa palhaçada já passou de todos os limites. Quero o cancelamento imediato e o estorno de todas as tarifas cobradas indevidamente.",Cancelamento,Conta Corrente,Crítico,Crítica,4 horas,Gerência de Contas,"Cliente solicita cancelamento de conta corrente após dois meses de tentativas frustradas em múltiplos canais. Ameaça denúncia ao Banco Central e Procon, além de cobranças de tarifas contestadas durante o período.",Crítico,"Caso enquadra-se em urgência CRÍTICA conforme §2.4 da POL-SAC-001 por menção explícita a Banco Central e Procon, configurando risco regulatório imediato. Adicionalmente, há cobrança de tarifas contestadas durante período de tentativa de cancelamento, caracterizando potencial violação de direitos do consumidor e risco reputacional elevado. A falha sistêmica em múltiplos canais por 60 dias agrava significativamente a exposição institucional.","Contato ativo com o cliente em até 2 horas para confirmar solicitação de cancelamento e informar protocolo de resolução prioritária, conforme §2.4 da POL-SAC-001 | Processar cancelamento da conta corrente em até 24 horas (prazo reduzido do padrão de 5 dias úteis devido à criticidade), com confirmação de saldo zerado, conforme §3.2 - Gerência de Contas responsável | Revisar extrato dos últimos 90 dias e executar estorno automático de todas as tarifas cobradas durante o período de tentativa de cancelamento (últimos 60 dias), conforme §3.2 da POL-SAC-001 | Registrar imediatamente no sistema de ouvidoria e notificar jurídico em até 2 horas sobre menção a Banco Central e Procon, conforme §2.4 e §4.3 da POL-SAC-001 | Escalar para gerente de área e equipe de Compliance, gerando relatório de incidente detalhando falhas sistêmicas em múltiplos canais em até 24 horas, conforme §2.4 da POL-SAC-001"
REC-2026-00157,Ouvidoria,"Ah, cancelar conta nesse banco é uma experiência enriquecedora, recomendo a todos. Comecei o processo de encerramento faz dois meses. Dois meses! Já fui na agência presencialmente, como exigem, preenchi formulário, assinei termo e ouvi o gerente dizer que estaria tudo resolvido em dez dias úteis. Vinte dias úteis depois, liguei e descobri que o pedido ""não constava no sistema"". Que surpresa. Refiz tudo. Agora estou esperando de novo, com aquela confiança inabalável de que dessa vez vai dar certo. Enquanto isso, continuam me cobrando tarifa de manutenção de uma conta que eu não quero mais. Genial.",Cancelamento,Conta Corrente,Crítico,Alta,24 horas,Gerência de Contas,"Cliente relata atraso de dois meses no processo de cancelamento de conta corrente, com falha no registro do pedido no sistema e cobrança contínua de tarifa de manutenção durante o período de espera.",Alto,"O caso apresenta falha sistêmica grave no processamento de encerramento de conta, com descumprimento do prazo de 5 dias úteis estabelecido na seção 3.2 da POL-SAC-001. A cobrança contínua de tarifas após solicitação formal de cancelamento configura possível violação de direitos do consumidor, gerando risco reputacional e regulatório significativo. Conforme §2.3 da POL-SAC-001, casos com indícios de falha processual recorrente e cobrança indevida requerem escalação imediata.","Contatar cliente em até 2 horas para confirmar dados do pedido original e oferecer solução imediata, conforme protocolo de urgência alta da POL-SAC-001 | Processar encerramento da conta em até 24 horas com confirmação de saldo zerado, conforme seção 3.2 da POL-SAC-001 | Estornar automaticamente todas as tarifas de manutenção cobradas após a primeira solicitação de encerramento (últimos 60 dias), conforme seção 3.2 | Escalar para Gerência de Contas e coordenador da área para investigação da falha no registro sistêmico e prevenção de recorrência | Gerar relatório de incidente em até 24 horas documentando a falha processual para painel de acompanhamento gerencial, conforme §2.3"
REC-2026-00419,SAC,"Por favor, eu preciso cancelar todos os serviços que tenho com o banco. Já tentei pelo aplicativo, pelo telefone, pelo chat, e ninguém cancela nada. Sempre tem uma desculpa diferente: que precisa ir na agência, que o sistema não permite, que falta documento. Eu moro no interior e a agência mais próxima fica a 80 km. Não tenho como ficar me deslocando toda semana pra isso. Só quero encerrar meu relacionamento com essa instituição e seguir minha vida. Não é possível que em pleno 2026 não exista uma forma digital de fazer isso.",Cancelamento,Não Identificado,Negativo,Alta,24 horas,Área de Suporte Geral,"Cliente solicita cancelamento de todos os serviços bancários. Relata múltiplas tentativas sem sucesso através de diferentes canais (aplicativo, telefone, chat) com justificativas inconsistentes. Dificuldade de acesso à agência física por distância geográfica.",Médio,"A reclamação evidencia falha recorrente no processo de cancelamento através de múltiplos canais, configurando potencial violação ao direito básico do consumidor e risco reputacional moderado. Conforme §4.1 da POL-SAC-001, o SAC deve resolver em 5 dias úteis, mas há indícios de não conformidade processual. A dificuldade de acesso presencial (80km) e a ausência de solução digital podem caracterizar prática abusiva, elevando o risco de escalação para Procon ou órgãos reguladores.","Contato ativo com o cliente em até 24h para processar cancelamento de todos os serviços de forma remota, sem exigência de comparecimento presencial (conforme §3.2 da POL-SAC-001) | Processar encerramento de conta corrente em até 5 dias úteis, confirmando saldo zerado e cancelando demais produtos vinculados em até 48h (Gerência de Contas responsável) | Investigar falhas nos canais digitais (app, telefone, chat) que impediram o cancelamento e encaminhar relatório para TI e Compliance em até 72h | Emitir carta de quitação e confirmação de encerramento de todos os serviços ao cliente via e-mail e correio | Registrar o caso no painel gerencial como falha processual crítica para revisão dos procedimentos de cancelamento remoto"
REC-2026-00465,SAC,"oi gente, to tentando cancelar minha conta corrente faz uns 2 meses já e ngm resolve nada 😤 toda vez q ligo falam q vai ser resolvido em 5 dias uteis mas nunca acontece. ja fui na agencia tbm e a moça falou q tinha q ligar pro 0800 dnovo kkk é de rir pra n chorar né. to pagando tarifa de manutenção de uma conta q nem uso mais, só quero fechar esse negocio e seguir minha vida. o app tb n deixa cancelar online, fica dando erro. sera q é tão dificil assim fechar uma conta?? 😩 se alguem souber um jeito mais facil me avisa pf",Cancelamento,Conta Corrente,Negativo,Alta,24 horas,Gerência de Contas,"Cliente solicita cancelamento de conta corrente há 2 meses sem resolução. Relata múltiplas tentativas de contato (telefone e agência) sem sucesso, cobranças de tarifa em conta desativada e indisponibilidade de cancelamento via aplicativo.",Médio,"A reclamação envolve falha recorrente no processamento de cancelamento de conta corrente, com cobranças indevidas de tarifas em conta que o cliente deseja encerrar há 2 meses. Conforme §3.2 da POL-SAC-001, o encerramento deve ser processado em até 5 dias úteis, prazo não cumprido. Há risco reputacional moderado pela frustração do cliente e múltiplas tentativas sem resolução, mas não há indícios de fraude ou violação regulatória grave que justifiquem classificação como risco Alto ou Crítico.","Contato ativo com o cliente em até 24h para confirmar intenção de cancelamento e coletar informações adicionais sobre tentativas anteriores (conforme §2.3 da POL-SAC-001) | Processar encerramento da conta corrente em até 5 dias úteis, conforme §3.2 da POL-SAC-001, com confirmação de saldo zerado - Responsável: Gerência de Contas | Revisar extrato dos últimos 90 dias e realizar estorno automático de tarifas de manutenção cobradas indevidamente após solicitação inicial de cancelamento (conforme §3.2 da POL-SAC-001) | Encaminhar problema de erro no aplicativo (impossibilidade de cancelamento online) para TI com prioridade, pois afeta funcionalidade crítica (conforme §3.2 da POL-SAC-001) | Registrar no painel de acompanhamento gerencial e notificar coordenador da Gerência de Contas sobre falha sistêmica no processo de cancelamento (conforme §2.3 da POL-SAC-001)"
REC-2026-00484,SAC,"Eu não sei mais o que fazer. Estou tentando há três meses cancelar meu cartão de crédito e simplesmente não consigo. Toda vez que ligo, dizem que o cancelamento foi solicitado, mas no mês seguinte a fatura vem de novo com anuidade cobrada. Já fui na agência duas vezes. Na primeira disseram que o sistema estava fora do ar. Na segunda, preencheram outro formulário e garantiram que dessa vez ia funcionar. Não funcionou. Eu só queria me livrar desse cartão que nem uso mais. Por favor, alguém me ajude a resolver isso. Estou exausto de ligar, de ir na agência, de explicar tudo de novo toda vez. Será que é tão difícil assim cancelar um simples cartão?",Cancelamento,Cartão de Crédito,Crítico,Alta,24 horas,Gerência de Cartões,"Cliente relata três meses de tentativas frustradas para cancelar cartão de crédito, com múltiplas visitas à agência e cobranças recorrentes de anuidade. Apresenta exaustão emocional após reiteradas promessas não cumpridas pelo banco.",Alto,"Caso apresenta múltiplas falhas operacionais recorrentes (três meses sem resolução), vulnerabilidade emocional do cliente (exaustão declarada) e potencial violação do direito de cancelamento, conforme §2.3 da POL-SAC-001 que exige protocolo de atendimento sensível para vulnerabilidade do cliente. Há risco reputacional significativo e possível escalação para órgãos reguladores caso não seja resolvido imediatamente.","Contato ativo com o cliente em até 2 horas aplicando protocolo de atendimento sensível (tom empático, sem cobrança de prazos), conforme §2.4 da POL-SAC-001 | Processar cancelamento definitivo do cartão em até 24 horas com confirmação por escrito ao cliente, conforme §3.1 da POL-SAC-001 | Estornar automaticamente todas as anuidades cobradas nos últimos 3 meses (período de tentativas frustradas de cancelamento) em até 48 horas | Escalar para Gerência de Cartões e coordenador da área para investigação das falhas sistêmicas que impediram os cancelamentos anteriores, conforme §2.3 da POL-SAC-001 | Gerar relatório de incidente em até 24 horas identificando pontos de falha no processo de cancelamento para correção sistêmica"
REC-2026-00607,Banco Central,"oi gente, to tentando cancelar minha conta faz tipo uns 2 meses ja e ngm resolve nada 😤 toda vez q ligo falam q vai ser resolvido em 5 dias uteis mas nunca acontece nd. ja mandei msg pelo chat do app tbm e so recebo resposta automatica. eh mto dificil assim, eu so qro cancelar pq nem uso mais a conta, n tem saldo nem nd pendente. sera q da pra alguem me ajudar de vdd? to cansada ja de ficar ligando e perdeno tempo com isso. vlw",Cancelamento,Conta Corrente,Negativo,Alta,24 horas,Gerência de Contas,Cliente solicita cancelamento de conta há aproximadamente 2 meses sem resolução. Relata múltiplas tentativas de contato via telefone e chat com promessas não cumpridas e respostas automatizadas. Sem saldo ou pendências na conta.,Médio,"Reclamação de cancelamento não processado há 2 meses configura descumprimento do prazo de 5 dias úteis estabelecido na §3.2 da POL-SAC-001. Embora não haja indícios de fraude ou violação regulatória grave, a falha reiterada no atendimento e múltiplas tentativas sem resolução geram risco reputacional moderado e potencial escalação para órgãos externos. A frustração expressa pelo cliente indica vulnerabilidade que requer atenção prioritária conforme §2.3.","Contatar cliente ativamente em até 24h para confirmar solicitação e coletar informações adicionais necessárias ao encerramento (conforme §2.3 - urgência Alta) | Processar encerramento da conta em até 5 dias úteis com confirmação de saldo zerado, conforme §3.2 da POL-SAC-001 | Verificar histórico de protocolos anteriores e identificar falhas no processo que impediram conclusão nos últimos 2 meses | Encaminhar caso para Gerência de Contas com prioridade para supervisão do cumprimento do prazo (responsável: §3.2) | Registrar incidente no painel de acompanhamento gerencial para análise de processo e prevenção de recorrência (conforme §2.3)"
REC-2026-00593,SAC,"PELO AMOR DE DEUS, EU NÃO AGUENTO MAIS! Estou tentando cancelar minha conta corrente desde novembro do ano passado e toda vez é uma desculpa diferente. Primeiro disseram que tinha débito pendente, paguei tudo. Depois falaram que precisava ir na agência, fui TRÊS VEZES e sempre faltava algum documento que ninguém tinha me avisado antes. Agora estão cobrando tarifa de manutenção de uma conta que eu quero FECHAR! Já liguei mais de 15 vezes, fui na agência 3 vezes, mandei e-mail, mensagem no chat, e NADA resolve. Estou desesperado porque estão negativando meu nome por causa de tarifas de uma conta que eu implorei pra encerrar. Se não resolverem essa semana, vou procurar o Banco Central e um advogado.",Cancelamento,Conta Corrente,Crítico,Crítica,4 horas,Gerência de Contas,"Cliente solicita cancelamento de conta corrente desde novembro sem sucesso após múltiplas tentativas (15 ligações, 3 visitas à agência). Relata cobrança indevida de tarifa e negativação do nome. Ameaça denúncia ao Banco Central e ação judicial.",Crítico,"Caso apresenta múltiplos fatores de risco crítico conforme §2.4 da POL-SAC-001: menção explícita a Banco Central, cobrança indevida com negativação do nome (violação potencial de direitos do consumidor), e vulnerabilidade emocional evidente do cliente. A falha reiterada no processo de encerramento por mais de 4 meses configura risco reputacional e regulatório grave, podendo resultar em sanções do BACEN e exposição negativa.","Contato ativo IMEDIATO com o cliente em até 2 horas para suspender cobranças e negativação, conforme §2.4 da POL-SAC-001 | Escalar para gerente de área (Gerência de Contas) e equipe de Compliance imediatamente, registrando no sistema de ouvidoria devido à menção ao Banco Central (§2.4 e §4.3) | Processar encerramento da conta em até 5 dias úteis com confirmação de saldo zerado e suspensão imediata de todas as tarifas, conforme §3.2 da POL-SAC-001 | Reverter negativação e estornar tarifas cobradas indevidamente desde a primeira solicitação de encerramento em novembro, com revisão de extrato dos últimos 90 dias (§3.2) | Gerar relatório de incidente em até 24 horas identificando falhas no processo de encerramento e notificar diretoria de Compliance (§2.4)"
REC-2026-00297,SAC,"Que maravilha, hein, Banco Âncora! Estou tentando cancelar minha conta corrente há exatos 47 dias e parece que estou tentando sair de um contrato com a máfia. Primeiro disseram que eu tinha que ir na agência. Fui. Aí disseram que faltava um documento. Voltei com o documento. Aí o sistema estava fora do ar. Voltei de novo. Aí o gerente estava em reunião. Imagino que na próxima visita vão me pedir uma carta autenticada em cartório traduzida para o latim. É impressionante como abrir a conta levou cinco minutos no celular, mas fechar exige uma peregrinação digna de novela das nove. Parabéns pela eficiência nota dez em retenção involuntária de clientes.",Cancelamento,Conta Corrente,Crítico,Alta,24 horas,Gerência de Contas,"Cliente relata dificuldade em cancelar conta corrente após 47 dias de tentativas, com múltiplos obstáculos (exigências de documentos, indisponibilidade de sistema e gerente). Demonstra frustração com processo burocrático desproporcional.",Alto,"A reclamação apresenta múltiplas tentativas de resolução sem sucesso ao longo de 47 dias, configurando falha grave no processo de encerramento de conta corrente, que conforme §3.2 da POL-SAC-001 deve ser processado em até 5 dias úteis. O tom crítico e a menção a processo burocrático desproporcional indicam risco reputacional significativo e potencial escalação para órgãos reguladores, atendendo aos critérios de urgência ALTA definidos na §2.3 da POL-SAC-001.","Contato ativo imediato com o cliente por telefone em até 4 horas para apresentar solução definitiva, conforme §2.3 da POL-SAC-001 | Designar analista dedicado da Gerência de Contas para processar o encerramento em caráter prioritário, com conclusão em até 24 horas | Notificar coordenador da Gerência de Contas sobre a falha processual e iniciar revisão do fluxo de encerramento para prevenir recorrência | Confirmar saldo zerado e ausência de pendências, processando o encerramento definitivo conforme §3.2 da POL-SAC-001 | Registrar o caso no painel de acompanhamento gerencial e gerar relatório de incidente em até 24h detalhando as falhas operacionais identificadas"
REC-2026-00290,SAC,"Ah, que experiência encantadora tentar cancelar um seguro nesse banco. Liguei em janeiro pedindo o cancelamento do seguro residencial. A atendente disse que estava tudo certo, cancelado com sucesso. Fevereiro chegou e olha só, mais uma cobrança na minha conta. Liguei de novo, outro atendente jurou de pé junto que agora sim estava cancelado. Março, adivinha? Mais uma cobrança. Já estou curioso para saber quantos meses vou precisar ligar para que o cancelamento de fato aconteça. Será que existe algum ritual secreto? Talvez eu precise enviar uma carta registrada, com firma reconhecida, entregue por pombo-correio? Enfim, aguardo ansiosamente o verdadeiro cancelamento, se é que ele existe nesse banco.",Cancelamento,Seguros,Crítico,Alta,24 horas,Gerência de Seguros,"Cliente relata múltiplas tentativas de cancelamento de seguro residencial sem sucesso, com cobranças recorrentes em três meses consecutivos apesar de confirmações de cancelamento por atendentes.",Alto,"Falha recorrente em processar cancelamento de seguro por três meses consecutivos, com cobranças indevidas persistentes após confirmações de atendimento, configura violação do §3.5 da POL-SAC-001 que determina processamento de cancelamento em até 48h. O tom sarcástico e a frustração crescente do cliente indicam risco reputacional elevado e possível escalação para órgãos externos, conforme §2.3 da POL-SAC-001.","Processar cancelamento definitivo do seguro residencial em até 48h com confirmação por escrito ao cliente, conforme §3.5 da POL-SAC-001 (Gerência de Seguros responsável) | Estornar automaticamente todas as cobranças indevidas de fevereiro e março com devolução proporcional do prêmio em até 48h, conforme §3.5 da POL-SAC-001 | Contatar ativamente o cliente em até 2h para confirmar o cancelamento, apresentar o plano de estorno e oferecer compensação pela falha recorrente, conforme §2.4 da POL-SAC-001 | Escalar para gerente da Gerência de Seguros e Compliance para investigar a falha sistêmica que impediu o processamento do cancelamento em três tentativas consecutivas | Gerar relatório de incidente em até 24h identificando a causa raiz da falha operacional e implementar controles para prevenir recorrência, conforme §2.4 da POL-SAC-001"
REC-2026-00606,Banco Central,"Prezados senhores, dirijo-me a esta instituição para contestar uma cobrança indevida referente à apólice de seguro residencial vinculada à minha conta corrente nº [CONTA OMITIDA], de titularidade de Marcelo Antônio de Figueiredo, CPF [CPF OMITIDO]. No mês de fevereiro de 2026, fui surpreendido com a cobrança de R$ 327,90 referente a uma renovação automática de seguro que solicitei o cancelamento em novembro de 2025, conforme protocolo de atendimento informado à época. Solicito o estorno integral do valor debitado indevidamente e a confirmação definitiva do cancelamento da referida apólice. Aguardo retorno em até cinco dias úteis.",Cobrança Indevida,Seguros,Negativo,Alta,24 horas,Gerência de Seguros,"Cliente contesta cobrança de R$ 327,90 referente à renovação automática de apólice de seguro residencial, alegando cancelamento solicitado em novembro de 2025. Solicita estorno e confirmação do cancelamento da apólice.",Médio,"Cobrança de renovação automática após solicitação de cancelamento configura possível falha processual que pode gerar escalação para órgãos reguladores se não tratada adequadamente. Conforme §3.5 da POL-SAC-001, cancelamentos de seguros devem ser processados em até 48h com devolução proporcional. O cliente menciona protocolo anterior, indicando falha no processamento da solicitação original, o que eleva o risco reputacional.","Verificar imediatamente o protocolo de cancelamento de novembro/2025 no sistema para confirmar se a solicitação foi registrada e processada corretamente (Gerência de Seguros) | Processar estorno integral de R$ 327,90 em até 48h, conforme §3.5 da POL-SAC-001, caso confirmada falha no cancelamento anterior | Emitir confirmação formal e definitiva do cancelamento da apólice de seguro residencial vinculada à conta 48271-3 em até 48h | Gerar relatório de incidente em até 24h identificando a causa raiz da falha no processamento do cancelamento original para evitar recorrência | Contatar o cliente em até 24h informando as providências adotadas e prazo para conclusão do estorno, conforme protocolo de urgência Alta"
REC-2026-00438,Ouvidoria,"Prezados, dirijo-me a este canal para formalizar minha reclamação referente a cobranças indevidas em meu cartão de crédito, conta [CONTA OMITIDA]. Nas faturas dos meses de janeiro e fevereiro de 2026, identifiquei a cobrança de um serviço de proteção financeira no valor de R$ 24,90 mensais, totalizando R$ 49,80, o qual jamais foi por mim solicitado ou autorizado. Solicito o estorno integral dos valores cobrados indevidamente, bem como o cancelamento definitivo de qualquer serviço agregado que não tenha sido expressamente contratado. Caso a situação não seja regularizada no prazo de dez dias úteis, tomarei as medidas administrativas e legais cabíveis para resguardar meus direitos como consumidor.",Cobrança Indevida,Cartão de Crédito,Negativo,Alta,24 horas,Gerência de Cartões,"Cliente relata cobrança não autorizada de serviço de proteção financeira em cartão de crédito nos meses de janeiro e fevereiro de 2026, totalizando R$ 49,80. Solicita estorno integral e cancelamento do serviço, com ameaça de medidas legais caso não seja resolvido em dez dias úteis.",Alto,"A reclamação apresenta cobrança de serviço não autorizado em cartão de crédito, configurando possível venda casada ou falha no processo de contratação, com risco regulatório significativo. O cliente menciona explicitamente medidas legais em prazo determinado, elevando o risco reputacional e de escalação para órgãos externos. Conforme §2.3 da POL-SAC-001, casos com ameaça de acionamento de órgãos reguladores requerem tratamento prioritário e ações preventivas imediatas.","Iniciar contestação de fatura em até 24h conforme §3.1 da POL-SAC-001, com análise detalhada das faturas de janeiro e fevereiro de 2026 | Processar estorno provisório dos R$ 49,80 em até 48h, conforme §3.1 para valores superiores a R$ 200 (aplicar por analogia dado o contexto de urgência) | Cancelar imediatamente o serviço de proteção financeira e confirmar por escrito ao cliente em até 24h | Escalar para Gerência de Cartões e notificar coordenador da área responsável conforme §2.3, dado o risco de escalação para órgãos externos | Gerar relatório de incidente em até 24h investigando o processo de contratação do serviço para identificar falhas sistêmicas, conforme §2.4"
REC-2026-00193,Banco Central,"Que palhaçada é essa? Vocês estão me cobrando taxa de custódia em um investimento que eu nem tenho mais! Já cancelei essa porcaria de CDB há dois meses e todo santo mês aparece um débito de R$ 89,90 na minha conta. Liguei pra esse atendimento inútil de vocês e o atendente ficou me enrolando por 40 minutos sem resolver nada. Estou puto com essa situação. Quero meu dinheiro de volta, são quase R$ 180 que vocês tiraram sem minha autorização. Se não resolverem isso logo vou meter no Reclame Aqui e fazer o maior barulho possível. Banco safado.",Cobrança Indevida,Investimentos,Crítico,Crítica,4 horas,Gerência de Investimentos,"Cliente relata cobranças recorrentes de taxa de custódia em investimento já cancelado há dois meses, totalizando aproximadamente R$ 180. Ameaça denúncia pública em plataforma de reclamações e menciona falta de resolução em atendimento anterior.",Alto,"Identificada cobrança recorrente não autorizada em produto já cancelado, caracterizando potencial falha sistêmica e violação de boa-fé contratual. A ameaça de exposição pública em plataforma de reclamações representa risco reputacional significativo, conforme §2.4 da POL-SAC-001. Embora não haja menção a órgãos reguladores, a persistência da cobrança após cancelamento e a falha no atendimento anterior elevam a criticidade do caso.","Contato ativo com o cliente em até 2 horas para reconhecimento do problema e apresentação de plano de resolução, conforme §2.4 da POL-SAC-001 | Suspender imediatamente todas as cobranças de taxa de custódia relacionadas ao investimento cancelado e bloquear novos débitos automáticos | Gerência de Investimentos deve gerar relatório detalhado das cobranças indevidas em até 24 horas e processar estorno integral de R$ 180,00 em até 48 horas, conforme §3.4 da POL-SAC-001 | Escalar para coordenador da Gerência de Investimentos e equipe de Compliance para investigação de falha sistêmica que permitiu cobranças após cancelamento | Registrar no painel de acompanhamento gerencial e monitorar resolução para prevenir escalação para Reclame Aqui, com protocolo de atendimento prioritário"
REC-2026-00329,Ouvidoria,"Gostaria de cancelar meu empréstimo consignado, por favor. Ou melhor, gostaria de tentar cancelar, porque pelo visto isso é mais difícil do que comprar um imóvel. Já pedi o cancelamento três vezes e sempre aparece alguma ""pendência no sistema"" que impede a finalização. Curioso como na hora de aprovar o empréstimo o sistema funcionou perfeitamente em cinco minutos, né? Enfim, estou fazendo mais uma tentativa formal. Se dessa vez também não der certo, pelo menos vou ter um belo acervo de protocolos para contar a história.",Cancelamento,Empréstimo,Negativo,Alta,24 horas,Gerência de Crédito,Cliente solicita cancelamento de empréstimo consignado. Relata três tentativas anteriores sem sucesso devido a pendências no sistema. Demonstra frustração com a dificuldade do processo em contraste com a aprovação rápida.,Médio,"A reclamação evidencia falha recorrente no processo de cancelamento (três tentativas sem sucesso), configurando potencial violação ao direito básico do consumidor e risco de escalação para órgãos externos (Procon/Banco Central), conforme §2.3 da POL-SAC-001. O tom irônico e a menção a 'acervo de protocolos' indicam cliente próximo de buscar canais regulatórios. Não há indícios diretos de fraude ou dados sensíveis expostos, mas a falha sistêmica reiterada representa risco reputacional moderado.","Contatar o cliente em até 24h para validar a solicitação de cancelamento e oferecer ao menos 2 alternativas de renegociação, conforme §3.3 da POL-SAC-001 (Gerência de Crédito responsável) | Investigar as três tentativas anteriores de cancelamento e identificar a causa raiz das 'pendências no sistema' em até 48h, envolvendo área de TI se necessário | Processar o cancelamento do empréstimo consignado em caráter prioritário, garantindo conclusão em até 72h com confirmação formal ao cliente | Gerar relatório de incidente sobre falhas sistêmicas recorrentes no processo de cancelamento em até 24h e encaminhar para coordenador da Gerência de Crédito | Registrar o caso no painel de acompanhamento gerencial devido ao risco de escalação para canais externos, conforme §2.3 da POL-SAC-001"
REC-2026-00291,Banco Central,"Eu, Fernanda Cristina Almeida dos Santos, inscrita no CPF sob o número [CPF OMITIDO], venho solicitar formalmente o cancelamento imediato de todos os serviços e produtos contratados junto a esta instituição financeira. Apesar de ter realizado a solicitação de encerramento da conta no dia 02 de fevereiro de 2026, até a presente data os serviços permanecem ativos e continuam gerando cobranças mensais. Solicito que todas as cobranças posteriores à data do pedido de cancelamento sejam estornadas integralmente. Informo que, caso a instituição não proceda com o cancelamento e a devolução dos valores no prazo de cinco dias úteis, tomarei as providências cabíveis junto aos órgãos de defesa do consumidor. Aguardo retorno com a confirmação do cancelamento por escrito.",Cancelamento,Não Identificado,Crítico,Crítica,4 horas,Área de Suporte Geral,"Cliente solicita cancelamento imediato de todos os serviços e produtos, informando que a solicitação anterior (02/02/2026) não foi processada e cobranças continuam sendo geradas. Ameaça denúncia a órgãos de defesa do consumidor caso não haja resolução em cinco dias úteis.",Alto,"A reclamação apresenta múltiplos fatores de risco: solicitação anterior não processada há mais de 30 dias gerando cobranças indevidas, ameaça explícita de denúncia a órgãos de defesa do consumidor (Procon) e prazo determinado pelo cliente. Conforme §2.4 da POL-SAC-001, menção a órgãos reguladores eleva automaticamente a criticidade. Há risco reputacional significativo e potencial violação de direitos do consumidor por falha no processamento de cancelamento.","Contato ativo IMEDIATO com a cliente em até 2 horas para reconhecer a falha e informar providências, conforme §2.4 da POL-SAC-001 | Registrar imediatamente no sistema de ouvidoria e notificar jurídico sobre potencial denúncia a órgão de defesa do consumidor, conforme §2.4 | Processar cancelamento de todos os serviços em até 24 horas e confirmar saldo zerado, conforme §3.2 (Gerência de Contas responsável) | Revisar extrato desde 02/02/2026 e realizar estorno automático de todas as cobranças posteriores à solicitação original em até 48 horas | Gerar relatório de incidente em até 24 horas identificando causa da falha no processamento anterior e escalar para coordenador da área responsável, conforme §2.4"
REC-2026-00631,Banco Central,"Meu nome é [NOME OMITIDO] e estou fazendo essa reclamação porque estou cansado dessa droga de cartão de crédito que vocês empurraram pra mim. Fui na agência resolver outra coisa e saí de lá com um cartão que não pedi, com anuidade que não concordei e com um limite absurdo que não solicitei. Tentei cancelar pelo app e não tem a opção. Liguei e me jogaram de um setor pro outro. É um desrespeito total com o cliente. Não quero esse cartão, nunca quis, e se vier mais uma cobrança de anuidade na minha fatura eu vou estornar tudo e deixar vocês se resolverem.",Cancelamento,Cartão de Crédito,Crítico,Alta,24 horas,Gerência de Cartões,Cliente relata contratação não autorizada de cartão de crédito com anuidade e limite não solicitados. Dificuldade em cancelar via app e atendimento inadequado. Ameaça de estorno de cobranças futuras.,Alto,"A reclamação apresenta indícios de venda casada ou contratação não autorizada de produto financeiro, configurando potencial violação do Código de Defesa do Consumidor e práticas comerciais abusivas. Conforme §2.3 da POL-SAC-001, casos com menção a estorno unilateral e falha no processo de cancelamento exigem escalação imediata para Compliance. O tom agressivo e a ameaça de medidas unilaterais indicam alto risco reputacional e possível escalação para órgãos reguladores.","Contato ativo com o cliente em até 4 horas para escuta empática e registro detalhado da situação, conforme protocolo de urgência ALTA (§2.3 POL-SAC-001) | Processar cancelamento do cartão em até 24h e estornar anuidades cobradas automaticamente, conforme §3.1 da POL-SAC-001 (Gerência de Cartões) | Escalar para Compliance e gerente da área comercial para investigação de possível venda não autorizada em até 24h | Gerar relatório de incidente detalhando o atendimento presencial e as tentativas de cancelamento em até 24h | Acionar protocolo de atendimento sensível com analista dedicado para acompanhamento do caso até resolução completa"
REC-2026-00373,Ouvidoria,"Estou tentando cancelar meu cartão de crédito há dois meses e parece que descobri o segredo da imortalidade: esse cartão simplesmente não morre. Já liguei na central, fui à agência, mandei e-mail, preenchi formulário no aplicativo, e o cartão continua vivo, firme e forte, gerando anuidade. Que lindo, né? Cada atendente me dá um protocolo diferente e jura que dessa vez vai ser cancelado. Spoiler: nunca é. Enquanto isso a fatura vem todo mês com a cobrança da anuidade de um cartão que eu não uso desde outubro. Vocês deveriam ganhar um prêmio por persistência, porque para manter cliente à força ninguém supera esse banco.",Cancelamento,Cartão de Crédito,Crítico,Alta,24 horas,Gerência de Cartões,"Cliente relata dificuldade em cancelar cartão de crédito após duas meses e múltiplas tentativas (telefone, agência, e-mail, aplicativo). Continua recebendo cobrança de anuidade mensal em cartão não utilizado desde outubro, com protocolos não resolvidos.",Alto,"A reclamação evidencia falha sistêmica no processamento de cancelamento, com múltiplas tentativas frustradas ao longo de dois meses e cobrança recorrente indevida de anuidade em cartão não utilizado. Configura violação do direito básico do consumidor e potencial risco reputacional, especialmente considerando o tom de insatisfação extrema que pode escalar para órgãos reguladores. Conforme §2.3 da POL-SAC-001, casos com múltiplas tentativas não resolvidas e cobrança indevida recorrente exigem escalação imediata.","Processar cancelamento do cartão de crédito em até 24h, conforme §3.1 da POL-SAC-001, com confirmação por escrito ao cliente | Estornar automaticamente todas as anuidades cobradas desde outubro (período de não utilização), conforme §3.1 da POL-SAC-001 | Designar analista dedicado da Gerência de Cartões para acompanhamento do caso e contato ativo com o cliente em até 4 horas | Registrar no painel de acompanhamento gerencial e notificar coordenador da Gerência de Cartões sobre falha sistêmica nos protocolos anteriores | Gerar relatório de incidente em até 24h investigando a causa raiz da falha no processamento dos múltiplos protocolos de cancelamento"
REC-2026-00560,Redes Sociais,"Gostaria de cancelar minha conta corrente nesse banco. Já fui na agência duas vezes e preencheram formulário nas duas, mas a conta continua ativa e estão cobrando tarifa de manutenção. Na última vez me disseram que o cancelamento leva até 30 dias úteis. Acho muito tempo, mas tudo bem, já se passaram 45 dias e nada aconteceu. Preciso que encerrem a conta de uma vez, porque não quero continuar pagando tarifa de uma conta que não uso mais. Se tiver alguma pendência que impeça o cancelamento, me informem qual é para eu resolver logo.",Cancelamento,Conta Corrente,Negativo,Alta,24 horas,Gerência de Contas,Cliente solicita cancelamento de conta corrente após duas tentativas sem sucesso. Conta permanece ativa com cobrança de tarifa após 45 dias do prazo informado de 30 dias úteis. Cliente requer resolução e informações sobre possíveis pendências.,Médio,"A reclamação evidencia falha reiterada no processo de encerramento de conta corrente, com descumprimento do prazo informado ao cliente (30 dias úteis) e cobrança indevida de tarifas após solicitação de cancelamento. Conforme §3.2 da POL-SAC-001, o encerramento deve ser processado em até 5 dias úteis, prazo significativamente inferior ao comunicado e ao tempo decorrido. A situação configura risco reputacional moderado e potencial violação de direitos do consumidor, justificando classificação de urgência ALTA conforme §2.3 da política.","Contatar o cliente em até 4 horas para confirmar a solicitação de encerramento e informar sobre o andamento do processo (§2.3 da POL-SAC-001) | Processar o encerramento da conta corrente em até 5 dias úteis, conforme §3.2, verificando e resolvendo eventuais pendências que impeçam o cancelamento | Estornar automaticamente todas as tarifas de manutenção cobradas após a primeira solicitação de encerramento (§3.2 - tarifas indevidas) | Confirmar saldo zerado e emitir carta de encerramento formal ao cliente, conforme procedimento padrão da Gerência de Contas (§3.2) | Notificar o coordenador da Gerência de Contas sobre a falha processual para revisão do fluxo de encerramento e prevenção de recorrência"
REC-2026-00409,SAC,"Sensacional o novo serviço de vocês. Me cadastraram num programa de pontos que eu desconhecia e agora estão cobrando R$ 29,90 por mês. Meu CPF é [CPF OMITIDO] e eu gostaria muito de saber quem autorizou essa adesão, porque eu certamente não fui. Achei brilhante a estratégia de incluir o cliente em serviços pagos sem avisar. Marketing agressivo no melhor estilo, né? Enfim, quero o cancelamento e o estorno dos valores, por gentileza.",Cobrança Indevida,Não Identificado,Crítico,Alta,24 horas,Área de Suporte Geral,"Cliente relata adesão não autorizada a programa de pontos com cobrança mensal de R$ 29,90. Solicita cancelamento do serviço e estorno dos valores cobrados, questionando a autorização da inscrição.",Alto,"Caso configura possível cobrança indevida com indícios de adesão não autorizada a serviço pago, o que pode caracterizar violação ao CDC e práticas abusivas de venda casada. Conforme §2.3 da POL-SAC-001, situações envolvendo cobranças não autorizadas exigem urgência elevada devido ao risco reputacional e potencial escalação para órgãos reguladores. A ironia no tom da reclamação indica insatisfação severa com risco de exposição em redes sociais ou Procon.","Contato ativo com o cliente em até 2 horas para confirmar não autorização da adesão e iniciar apuração, conforme §2.3 da POL-SAC-001 | Cancelamento imediato do programa de pontos em até 24 horas, conforme procedimentos de urgência alta da política | Revisar histórico de adesão e gravações/registros dos últimos 90 dias para verificar consentimento, sob responsabilidade da Gerência de Contas | Processar estorno provisório dos valores cobrados (R$ 29,90 mensais) em até 48 horas enquanto investigação é concluída | Registrar no painel de acompanhamento gerencial e notificar coordenador da área responsável sobre possível falha no processo de adesão"
REC-2026-00378,SAC,"Prezados, solicito formalmente o cancelamento da minha aplicação em fundo de investimento multimercado, conforme conversado com o gerente da minha agência no início deste mês. Gostaria que o resgate total fosse processado e o valor depositado na minha conta corrente dentro do prazo regulamentar. Peço também o envio do comprovante de encerramento da aplicação por e-mail. Agradeço a atenção e aguardo confirmação.",Cancelamento,Investimentos,Neutro,Média,3 dias úteis,Gerência de Investimentos,"Cliente solicita cancelamento de aplicação em fundo multimercado com resgate total para conta corrente, conforme acordo prévio com gerente. Requer comprovante de encerramento por e-mail.",Baixo,"Trata-se de solicitação formal de resgate de investimento sem indícios de fraude, conflito ou irregularidade. O cliente demonstra conhecimento do processo e menciona acordo prévio com gerente, caracterizando operação rotineira. Conforme §3.4 da POL-SAC-001, resgates devem ser processados dentro dos prazos regulamentares, não havendo elementos que configurem risco reputacional ou violação regulatória.","Registrar protocolo e enviar confirmação ao cliente em até 12h, conforme §2.2 da POL-SAC-001 para urgência média | Encaminhar solicitação de resgate à Gerência de Investimentos para processamento dentro do prazo regulamentar do fundo | Verificar junto ao gerente da agência o acordo prévio mencionado para validar alinhamento da operação | Processar resgate total e depositar valor na conta corrente do cliente conforme solicitado | Emitir e enviar comprovante de encerramento da aplicação por e-mail ao cliente após conclusão do resgate"
REC-2026-00451,SAC,"Gostaria de solicitar o cancelamento da minha aplicação no fundo de investimento multimercado que possuo junto ao banco. Tomei essa decisão após avaliar que a rentabilidade nos últimos doze meses ficou consistentemente abaixo do CDI e as taxas de administração não se justificam. Tentei realizar o cancelamento pelo aplicativo, mas a opção aparece indisponível. Na agência, fui informado de que o prazo para processamento seria de até trinta dias úteis, o que me parece excessivo. Solicito que o resgate seja processado dentro do prazo regulamentar e que os valores sejam depositados na minha conta corrente vinculada.",Cancelamento,Investimentos,Neutro,Média,3 dias úteis,Gerência de Investimentos,"Cliente solicita cancelamento de aplicação em fundo multimercado devido a rentabilidade abaixo do CDI e taxas elevadas. Relata indisponibilidade da opção no aplicativo e prazo de até 30 dias úteis informado na agência, considerado excessivo. Requer processamento dentro do prazo regulamentar.",Médio,"A reclamação envolve cancelamento de investimento com alegação de rentabilidade divergente e prazo excessivo informado pela agência (30 dias vs. prazo regulamentar). Conforme §3.4 da POL-SAC-001, resgate bloqueado ou dificultado requer ação em 24h. O valor não foi informado, mas há risco reputacional moderado pela percepção de retenção indevida de recursos e falha no canal digital.","Registrar protocolo e enviar confirmação ao cliente em até 12h, conforme §2.2 da POL-SAC-001 | Desbloquear opção de resgate no aplicativo ou justificar formalmente a indisponibilidade em até 24h (§3.4 - Gerência de Investimentos) | Gerar relatório comparativo detalhado da rentabilidade vs. CDI dos últimos 12 meses em até 72h (§3.4) | Processar o resgate dentro do prazo regulamentar aplicável ao tipo de fundo, não 30 dias úteis | Enviar posicionamento intermediário ao cliente caso o prazo de resolução exceda 48h (§2.2)"
REC-2026-00615,Redes Sociais,"Boa tarde, gostaria de registrar uma reclamação sobre o atendimento do cartão de crédito. Meu CPF é [CPF OMITIDO] e entrei em contato no dia 8 de março para solicitar o cancelamento de uma anuidade que foi cobrada em duplicidade. O atendente gerou um protocolo e informou que o estorno seria feito em até 7 dias úteis. O prazo já venceu e nada foi resolvido. Tentei retornar o contato pelo 0800 e fiquei aguardando por mais de 40 minutos na linha, até que a ligação caiu. Preciso que esse problema seja tratado com urgência pois a fatura está vencendo e não pretendo pagar um valor indevido.",Cobrança Indevida,Cartão de Crédito,Negativo,Alta,24 horas,Gerência de Cartões,"Cliente relata cobrança duplicada de anuidade com promessa de estorno não cumprida no prazo acordado. Dificuldade no atendimento telefônico e fatura vencendo, gerando prejuízo financeiro iminente.",Alto,"A reclamação envolve cobrança indevida com valor significativo (anuidade duplicada), múltiplas tentativas de resolução sem sucesso e prazo não cumprido pela instituição, caracterizando urgência ALTA conforme §2.3 da POL-SAC-001. Há risco reputacional moderado devido à falha no atendimento telefônico e potencial escalação para órgãos reguladores caso não seja resolvido prontamente. O vencimento iminente da fatura agrava o impacto financeiro ao cliente.","Contato ativo com o cliente em até 4 horas via telefone ou canal de origem para atualização do caso, conforme §2.3 da POL-SAC-001 | Designar analista dedicado da Gerência de Cartões para acompanhamento exclusivo do protocolo até resolução final | Iniciar contestação de fatura e processar estorno provisório da anuidade duplicada em até 48 horas, conforme §3.1 da POL-SAC-001 | Notificar coordenador da Gerência de Cartões sobre a falha no cumprimento do prazo inicial de 7 dias úteis | Registrar o caso no painel de acompanhamento gerencial e enviar posicionamento ao cliente com novo prazo de resolução em até 24 horas"
REC-2026-00188,Ouvidoria,"Estou completamente perdido e peço encarecidamente a ajuda de vocês. Contratei um seguro residencial há oito meses e desde o terceiro mês estão cobrando um valor diferente do que foi acordado. O contrato dizia R$ 87,00 mensais e agora estou pagando R$ 134,00 sem nenhuma explicação. Já mandei três e-mails pedindo esclarecimento e nenhum foi respondido. Estou com medo de cancelar e ficar sem a cobertura porque moro em área de risco de alagamento. Não tenho condições de pagar esse valor maior e ao mesmo tempo não posso ficar desprotegido. Por favor, me ajudem a resolver isso. Estou sem dormir direito de tanta preocupação.",Cobrança Indevida,Seguros,Crítico,Crítica,4 horas,Gerência de Seguros,"Cliente relata cobrança de valor superior ao contratado em seguro residencial há cinco meses, sem resposta a três tentativas de contato. Situação agravada por vulnerabilidade financeira e dependência da cobertura em área de risco.",Crítico,"A reclamação apresenta múltiplos fatores de criticidade conforme §2.4 da POL-SAC-001: vulnerabilidade financeira e emocional extrema do cliente ('sem dormir direito', 'completamente perdido'), falha grave de comunicação com três tentativas sem resposta, e cobrança indevida recorrente por cinco meses. A situação envolve produto essencial (seguro em área de risco) e valor significativo acima de R$500 acumulado, configurando risco reputacional e potencial escalação para órgãos reguladores.","Contato ativo IMEDIATO com o cliente em até 2 horas, aplicando protocolo de atendimento sensível conforme §2.4 da POL-SAC-001 (tom empático, sem cobrança de prazos) | Escalar para gerente de área e equipe de Compliance imediatamente, conforme §2.4 da POL-SAC-001 | Acionar Gerência de Seguros para verificar cláusula contratual de reajuste e, se aviso prévio insuficiente, estornar diferença conforme §3.5 da POL-SAC-001 | Suspender cobranças do valor divergente em até 24 horas e garantir manutenção da cobertura durante análise | Gerar relatório de incidente em até 24 horas e registrar no painel de acompanhamento gerencial conforme §2.4 da POL-SAC-001"
REC-2026-00515,SAC,"Prezados senhores, dirijo-me a esta ouvidoria para solicitar, com máxima urgência, o cancelamento imediato de todos os serviços vinculados à minha conta número [CONTA OMITIDA]. Venho tentando realizar esse cancelamento desde janeiro deste ano, tendo protocolado três solicitações formais, todas sem qualquer resolução efetiva. Em cada contato, recebo um número de protocolo diferente e a promessa de que o cancelamento será processado em até cinco dias úteis, o que jamais se concretiza. Informo que, caso a situação não seja resolvida no prazo de 48 horas, tomarei as medidas cabíveis junto ao Banco Central do Brasil e aos órgãos de defesa do consumidor. Exijo uma resposta formal e definitiva com a confirmação do encerramento e a quitação de quaisquer valores indevidamente cobrados após a data da minha primeira solicitação de cancelamento.",Cancelamento,Conta Corrente,Crítico,Crítica,4 horas,Gerência de Contas,"Cliente solicita cancelamento imediato de conta após três tentativas frustradas desde janeiro. Ameaça denúncia ao Banco Central e órgãos de defesa do consumidor em 48 horas, exigindo confirmação de encerramento e quitação de cobranças indevidas.",Crítico,"A reclamação apresenta múltiplos fatores de risco crítico conforme §2.4 da POL-SAC-001: menção explícita a Banco Central e órgãos de defesa do consumidor, histórico de três tentativas frustradas de resolução evidenciando falha sistêmica no atendimento, e prazo ultimativo de 48h configurando risco reputacional e regulatório iminente. A situação caracteriza violação de direitos do consumidor e potencial exposição da instituição perante órgãos reguladores.","Contato ativo IMEDIATO com o cliente em até 2 horas conforme §2.4 da POL-SAC-001, priorizando tom empático e protocolo de atendimento sensível | Escalar imediatamente para gerente da Gerência de Contas e equipe de Compliance, notificando diretoria de Compliance sobre menção ao Banco Central conforme §4.3 | Processar cancelamento da conta em caráter prioritário em até 24h (prazo reduzido dos 5 dias úteis padrão do §3.2), confirmando saldo zerado e emitindo carta de quitação | Revisar extrato dos últimos 90 dias desde janeiro para identificar e estornar automaticamente quaisquer tarifas indevidas cobradas após primeira solicitação de cancelamento, conforme §3.2 | Gerar relatório de incidente em até 24h detalhando as três tentativas frustradas anteriores e registrar no sistema de ouvidoria, com resposta formal revisada pelo jurídico antes do envio ao cliente conforme §4.3"
