INFO:     Started server process [1]
INFO:     Waiting for application startup.
2026-04-28 06:55:38,390 INFO app RAG: ingestão iniciada (thread=rag-startup)
INFO:     Application startup complete.
INFO:     Uvicorn running on http://0.0.0.0:8000 (Press CTRL+C to quit)
2026-04-28 06:55:38,681 INFO rag.loader carregado KS_POLITICA_INTERNA.pdf (6045 chars, sha=1e768e0b)
2026-04-28 06:55:38,692 INFO rag.store salvou índice (8 vetores) e manifest em /app/assets/index
2026-04-28 06:55:38,692 INFO rag.ingest ingestão concluída: {'new': [], 'changed': [], 'removed': [], 'skipped': ['KS_POLITICA_INTERNA.pdf'], 'chunks_added': 0, 'chunks_removed': 0, 'total_vectors_after': 8}
2026-04-28 06:55:38,692 INFO app RAG: ingestão concluída — 8 vetores | adicionados=0 ignorados=1
INFO:     172.23.0.1:33290 - "GET / HTTP/1.1" 200 OK
2026-04-28 06:55:57,110 INFO app batch passe 1/3: 100 registros | workers=2 delay=1.00s retries=2
2026-04-28 06:55:58,111 INFO graph [REC-00001] GRAPH START
2026-04-28 06:55:58,112 INFO graph [REC-00002] GRAPH START
2026-04-28 06:55:58,114 INFO graph [REC-00001] AGENT=guardrail_input IN text_len=619
2026-04-28 06:55:58,115 INFO graph [REC-00002] AGENT=guardrail_input IN text_len=667
2026-04-28 06:55:58,867 INFO agent.guardrail guardrail INPUT action=NONE
2026-04-28 06:55:58,868 INFO graph [REC-00002] AGENT=guardrail_input OUT in 753ms blocked=False reason=None
2026-04-28 06:55:58,869 INFO graph [REC-00002] AGENT=triage IN text_len=667 product_hint=Seguros
2026-04-28 06:55:58,872 INFO agent.guardrail guardrail INPUT action=GUARDRAIL_INTERVENED
2026-04-28 06:55:58,874 INFO graph [REC-00001] AGENT=guardrail_input OUT in 760ms blocked=True reason=bedrock_guardrail
2026-04-28 06:55:58,875 INFO graph [REC-00001] GRAPH END timings={'guardrail_input': 760}
2026-04-28 06:55:58,875 WARNING app [REC-00001] bloqueada pelo guardrail
2026-04-28 06:55:59,876 INFO graph [REC-00003] GRAPH START
2026-04-28 06:55:59,878 INFO graph [REC-00003] AGENT=guardrail_input IN text_len=582
2026-04-28 06:56:00,531 INFO agent.guardrail guardrail INPUT action=NONE
2026-04-28 06:56:00,532 INFO graph [REC-00003] AGENT=guardrail_input OUT in 654ms blocked=False reason=None
2026-04-28 06:56:00,532 INFO graph [REC-00003] AGENT=triage IN text_len=582 product_hint=Empréstimo
2026-04-28 06:56:00,787 INFO graph [REC-00002] AGENT=triage OUT in 1918ms category=Cancelamento product=Seguros urgency=Crítica
2026-04-28 06:56:00,788 INFO graph [REC-00002] AGENT=risk IN triage_keys=['category', 'product', 'sentiment', 'urgency', 'summary']
2026-04-28 06:56:02,656 INFO graph [REC-00003] AGENT=triage OUT in 2124ms category=Cobrança Indevida product=Empréstimo urgency=Alta
2026-04-28 06:56:02,658 INFO graph [REC-00003] AGENT=risk IN triage_keys=['category', 'product', 'sentiment', 'urgency', 'summary']
2026-04-28 06:56:06,599 INFO agent.risk risk usou 4 trechos da política (top-k=4)
2026-04-28 06:56:06,599 INFO graph [REC-00002] AGENT=risk OUT in 5811ms level=Alto rag_chunks=4
2026-04-28 06:56:06,600 INFO graph [REC-00002] AGENT=report IN
2026-04-28 06:56:06,600 INFO graph [REC-00002] AGENT=report OUT in 0ms
2026-04-28 06:56:06,600 INFO graph [REC-00002] AGENT=guardrail_output IN
2026-04-28 06:56:08,003 INFO agent.risk risk usou 4 trechos da política (top-k=4)
2026-04-28 06:56:08,003 INFO graph [REC-00003] AGENT=risk OUT in 5345ms level=Alto rag_chunks=4
2026-04-28 06:56:08,004 INFO graph [REC-00003] AGENT=report IN
2026-04-28 06:56:08,004 INFO graph [REC-00003] AGENT=report OUT in 0ms
2026-04-28 06:56:08,004 INFO graph [REC-00003] AGENT=guardrail_output IN
2026-04-28 06:56:08,086 INFO graph [REC-00002] AGENT=guardrail_output OUT in 1486ms
2026-04-28 06:56:08,087 INFO graph [REC-00002] GRAPH END timings={'guardrail_input': 753, 'triage': 1918, 'risk': 5811, 'report': 0, 'guardrail_output': 1486}
2026-04-28 06:56:08,591 WARNING agent.guardrail guardrail OUTPUT bloqueou campo=summary — usando regex como fallback
2026-04-28 06:56:09,087 INFO graph [REC-00004] GRAPH START
2026-04-28 06:56:09,089 INFO graph [REC-00004] AGENT=guardrail_input IN text_len=585
2026-04-28 06:56:09,276 INFO graph [REC-00003] AGENT=guardrail_output OUT in 1272ms
2026-04-28 06:56:09,277 INFO graph [REC-00003] GRAPH END timings={'guardrail_input': 654, 'triage': 2124, 'risk': 5345, 'report': 0, 'guardrail_output': 1272}
2026-04-28 06:56:09,710 INFO agent.guardrail guardrail INPUT action=NONE
2026-04-28 06:56:09,710 INFO graph [REC-00004] AGENT=guardrail_input OUT in 621ms blocked=False reason=None
2026-04-28 06:56:09,712 INFO graph [REC-00004] AGENT=triage IN text_len=585 product_hint=Conta Corrente
2026-04-28 06:56:10,277 INFO graph [REC-00005] GRAPH START
2026-04-28 06:56:10,279 INFO graph [REC-00005] AGENT=guardrail_input IN text_len=628
2026-04-28 06:56:10,869 INFO agent.guardrail guardrail INPUT action=NONE
2026-04-28 06:56:10,870 INFO graph [REC-00005] AGENT=guardrail_input OUT in 591ms blocked=False reason=None
2026-04-28 06:56:10,871 INFO graph [REC-00005] AGENT=triage IN text_len=628 product_hint=Investimentos
2026-04-28 06:56:11,712 INFO graph [REC-00004] AGENT=triage OUT in 1999ms category=Cobrança Indevida product=Conta Corrente urgency=Crítica
2026-04-28 06:56:11,713 INFO graph [REC-00004] AGENT=risk IN triage_keys=['category', 'product', 'sentiment', 'urgency', 'summary']
2026-04-28 06:56:14,553 INFO graph [REC-00005] AGENT=triage OUT in 3682ms category=Produto/Serviço product=Investimentos urgency=Média
2026-04-28 06:56:14,554 INFO graph [REC-00005] AGENT=risk IN triage_keys=['category', 'product', 'sentiment', 'urgency', 'summary']
2026-04-28 06:56:17,525 INFO agent.risk risk usou 4 trechos da política (top-k=4)
2026-04-28 06:56:17,525 INFO graph [REC-00004] AGENT=risk OUT in 5812ms level=Alto rag_chunks=4
2026-04-28 06:56:17,526 INFO graph [REC-00004] AGENT=report IN
2026-04-28 06:56:17,526 INFO graph [REC-00004] AGENT=report OUT in 0ms
2026-04-28 06:56:17,527 INFO graph [REC-00004] AGENT=guardrail_output IN
2026-04-28 06:56:18,816 WARNING agent.guardrail guardrail OUTPUT bloqueou campo=risk_justification — usando regex como fallback
2026-04-28 06:56:18,817 INFO graph [REC-00004] AGENT=guardrail_output OUT in 1290ms
2026-04-28 06:56:18,817 INFO graph [REC-00004] GRAPH END timings={'guardrail_input': 621, 'triage': 1999, 'risk': 5812, 'report': 0, 'guardrail_output': 1290}
2026-04-28 06:56:19,526 INFO agent.risk risk usou 4 trechos da política (top-k=4)
2026-04-28 06:56:19,526 INFO graph [REC-00005] AGENT=risk OUT in 4972ms level=Médio rag_chunks=4
2026-04-28 06:56:19,526 INFO graph [REC-00005] AGENT=report IN
2026-04-28 06:56:19,526 INFO graph [REC-00005] AGENT=report OUT in 0ms
2026-04-28 06:56:19,527 INFO graph [REC-00005] AGENT=guardrail_output IN
2026-04-28 06:56:19,818 INFO graph [REC-00006] GRAPH START
2026-04-28 06:56:19,820 INFO graph [REC-00006] AGENT=guardrail_input IN text_len=720
2026-04-28 06:56:20,434 INFO agent.guardrail guardrail INPUT action=NONE
2026-04-28 06:56:20,434 INFO graph [REC-00006] AGENT=guardrail_input OUT in 614ms blocked=False reason=None
2026-04-28 06:56:20,435 INFO graph [REC-00006] AGENT=triage IN text_len=720 product_hint=Conta Corrente
2026-04-28 06:56:20,679 WARNING agent.guardrail guardrail OUTPUT bloqueou campo=risk_justification — usando regex como fallback
2026-04-28 06:56:20,680 INFO graph [REC-00005] AGENT=guardrail_output OUT in 1152ms
2026-04-28 06:56:20,680 INFO graph [REC-00005] GRAPH END timings={'guardrail_input': 591, 'triage': 3682, 'risk': 4972, 'report': 0, 'guardrail_output': 1152}
2026-04-28 06:56:21,681 INFO graph [REC-00007] GRAPH START
2026-04-28 06:56:21,682 INFO graph [REC-00007] AGENT=guardrail_input IN text_len=548
2026-04-28 06:56:22,243 INFO agent.guardrail guardrail INPUT action=NONE
2026-04-28 06:56:22,243 INFO graph [REC-00007] AGENT=guardrail_input OUT in 561ms blocked=False reason=None
2026-04-28 06:56:22,244 INFO graph [REC-00007] AGENT=triage IN text_len=548 product_hint=Conta Corrente
2026-04-28 06:56:22,570 INFO graph [REC-00006] AGENT=triage OUT in 2135ms category=Fraude/Segurança product=Conta Corrente urgency=Crítica
2026-04-28 06:56:22,571 INFO graph [REC-00006] AGENT=risk IN triage_keys=['category', 'product', 'sentiment', 'urgency', 'summary']
2026-04-28 06:56:24,593 INFO graph [REC-00007] AGENT=triage OUT in 2349ms category=Cobrança Indevida product=Conta Corrente urgency=Alta
2026-04-28 06:56:24,594 INFO graph [REC-00007] AGENT=risk IN triage_keys=['category', 'product', 'sentiment', 'urgency', 'summary']
2026-04-28 06:56:27,564 INFO agent.risk risk usou 4 trechos da política (top-k=4)
2026-04-28 06:56:27,564 INFO graph [REC-00006] AGENT=risk OUT in 4993ms level=Crítico rag_chunks=4
2026-04-28 06:56:27,565 INFO graph [REC-00006] AGENT=report IN
2026-04-28 06:56:27,565 INFO graph [REC-00006] AGENT=report OUT in 0ms
2026-04-28 06:56:27,566 INFO graph [REC-00006] AGENT=guardrail_output IN
2026-04-28 06:56:28,165 WARNING agent.guardrail guardrail OUTPUT bloqueou campo=summary — usando regex como fallback
2026-04-28 06:56:28,815 WARNING agent.guardrail guardrail OUTPUT bloqueou campo=risk_justification — usando regex como fallback
2026-04-28 06:56:28,815 INFO graph [REC-00006] AGENT=guardrail_output OUT in 1249ms
2026-04-28 06:56:28,816 INFO graph [REC-00006] GRAPH END timings={'guardrail_input': 614, 'triage': 2135, 'risk': 4993, 'report': 0, 'guardrail_output': 1249}
2026-04-28 06:56:29,817 INFO graph [REC-00008] GRAPH START
2026-04-28 06:56:29,818 INFO graph [REC-00008] AGENT=guardrail_input IN text_len=696
2026-04-28 06:56:30,160 INFO agent.risk risk usou 4 trechos da política (top-k=4)
2026-04-28 06:56:30,161 INFO graph [REC-00007] AGENT=risk OUT in 5567ms level=Alto rag_chunks=4
2026-04-28 06:56:30,161 INFO graph [REC-00007] AGENT=report IN
2026-04-28 06:56:30,161 INFO graph [REC-00007] AGENT=report OUT in 0ms
2026-04-28 06:56:30,161 INFO graph [REC-00007] AGENT=guardrail_output IN
2026-04-28 06:56:30,434 INFO agent.guardrail guardrail INPUT action=NONE
2026-04-28 06:56:30,434 INFO graph [REC-00008] AGENT=guardrail_input OUT in 616ms blocked=False reason=None
2026-04-28 06:56:30,435 INFO graph [REC-00008] AGENT=triage IN text_len=696 product_hint=None
2026-04-28 06:56:31,324 WARNING agent.guardrail guardrail OUTPUT bloqueou campo=risk_justification — usando regex como fallback
2026-04-28 06:56:31,325 INFO graph [REC-00007] AGENT=guardrail_output OUT in 1164ms
2026-04-28 06:56:31,325 INFO graph [REC-00007] GRAPH END timings={'guardrail_input': 561, 'triage': 2349, 'risk': 5567, 'report': 0, 'guardrail_output': 1164}
2026-04-28 06:56:32,326 INFO graph [REC-00009] GRAPH START
2026-04-28 06:56:32,328 INFO graph [REC-00009] AGENT=guardrail_input IN text_len=415
2026-04-28 06:56:32,633 INFO graph [REC-00008] AGENT=triage OUT in 2198ms category=Cobrança Indevida product=Conta Corrente urgency=Alta
2026-04-28 06:56:32,634 INFO graph [REC-00008] AGENT=risk IN triage_keys=['category', 'product', 'sentiment', 'urgency', 'summary']
2026-04-28 06:56:32,910 INFO agent.guardrail guardrail INPUT action=NONE
2026-04-28 06:56:32,910 INFO graph [REC-00009] AGENT=guardrail_input OUT in 582ms blocked=False reason=None
2026-04-28 06:56:32,910 INFO graph [REC-00009] AGENT=triage IN text_len=415 product_hint=Conta Corrente
2026-04-28 06:56:34,756 INFO graph [REC-00009] AGENT=triage OUT in 1846ms category=Outros product=Não Identificado urgency=Baixa
2026-04-28 06:56:34,758 INFO graph [REC-00009] AGENT=risk IN triage_keys=['category', 'product', 'sentiment', 'urgency', 'summary']
2026-04-28 06:56:38,360 INFO agent.risk risk usou 4 trechos da política (top-k=4)
2026-04-28 06:56:38,360 INFO graph [REC-00008] AGENT=risk OUT in 5726ms level=Alto rag_chunks=4
2026-04-28 06:56:38,361 INFO graph [REC-00008] AGENT=report IN
2026-04-28 06:56:38,361 INFO graph [REC-00008] AGENT=report OUT in 0ms
2026-04-28 06:56:38,362 INFO graph [REC-00008] AGENT=guardrail_output IN
2026-04-28 06:56:39,543 WARNING agent.guardrail guardrail OUTPUT bloqueou campo=risk_justification — usando regex como fallback
2026-04-28 06:56:39,543 INFO graph [REC-00008] AGENT=guardrail_output OUT in 1181ms
2026-04-28 06:56:39,544 INFO graph [REC-00008] GRAPH END timings={'guardrail_input': 616, 'triage': 2198, 'risk': 5726, 'report': 0, 'guardrail_output': 1181}
2026-04-28 06:56:40,545 INFO graph [REC-00010] GRAPH START
2026-04-28 06:56:40,546 INFO graph [REC-00010] AGENT=guardrail_input IN text_len=597
2026-04-28 06:56:41,127 INFO agent.guardrail guardrail INPUT action=NONE
2026-04-28 06:56:41,128 INFO graph [REC-00010] AGENT=guardrail_input OUT in 582ms blocked=False reason=None
2026-04-28 06:56:41,129 INFO graph [REC-00010] AGENT=triage IN text_len=597 product_hint=None
2026-04-28 06:56:41,186 INFO agent.risk risk usou 4 trechos da política (top-k=4)
2026-04-28 06:56:41,186 INFO graph [REC-00009] AGENT=risk OUT in 6429ms level=Crítico rag_chunks=4
2026-04-28 06:56:41,187 INFO graph [REC-00009] AGENT=report IN
2026-04-28 06:56:41,187 INFO graph [REC-00009] AGENT=report OUT in 0ms
2026-04-28 06:56:41,187 INFO graph [REC-00009] AGENT=guardrail_output IN
2026-04-28 06:56:41,853 WARNING agent.guardrail guardrail OUTPUT bloqueou campo=summary — usando regex como fallback
2026-04-28 06:56:42,431 WARNING agent.guardrail guardrail OUTPUT bloqueou campo=risk_justification — usando regex como fallback
2026-04-28 06:56:42,431 INFO graph [REC-00009] AGENT=guardrail_output OUT in 1244ms
2026-04-28 06:56:42,432 INFO graph [REC-00009] GRAPH END timings={'guardrail_input': 582, 'triage': 1846, 'risk': 6429, 'report': 0, 'guardrail_output': 1244}
2026-04-28 06:56:43,172 INFO graph [REC-00010] AGENT=triage OUT in 2043ms category=Fraude/Segurança product=Conta Corrente urgency=Crítica
2026-04-28 06:56:43,173 INFO graph [REC-00010] AGENT=risk IN triage_keys=['category', 'product', 'sentiment', 'urgency', 'summary']
2026-04-28 06:56:43,433 INFO graph [REC-00011] GRAPH START
2026-04-28 06:56:43,435 INFO graph [REC-00011] AGENT=guardrail_input IN text_len=439
2026-04-28 06:56:44,014 INFO agent.guardrail guardrail INPUT action=NONE
2026-04-28 06:56:44,015 INFO graph [REC-00011] AGENT=guardrail_input OUT in 580ms blocked=False reason=None
2026-04-28 06:56:44,016 INFO graph [REC-00011] AGENT=triage IN text_len=439 product_hint=Cartão de Crédito
2026-04-28 06:56:46,153 INFO graph [REC-00011] AGENT=triage OUT in 2137ms category=Cobrança Indevida product=Cartão de Crédito urgency=Média
2026-04-28 06:56:46,154 INFO graph [REC-00011] AGENT=risk IN triage_keys=['category', 'product', 'sentiment', 'urgency', 'summary']
2026-04-28 06:56:50,349 INFO agent.risk risk usou 4 trechos da política (top-k=4)
2026-04-28 06:56:50,350 INFO graph [REC-00010] AGENT=risk OUT in 7176ms level=Crítico rag_chunks=4
2026-04-28 06:56:50,350 INFO graph [REC-00010] AGENT=report IN
2026-04-28 06:56:50,350 INFO graph [REC-00010] AGENT=report OUT in 0ms
2026-04-28 06:56:50,350 INFO graph [REC-00010] AGENT=guardrail_output IN
2026-04-28 06:56:51,347 INFO agent.risk risk usou 4 trechos da política (top-k=4)
2026-04-28 06:56:51,347 INFO graph [REC-00011] AGENT=risk OUT in 5193ms level=Médio rag_chunks=4
2026-04-28 06:56:51,348 INFO graph [REC-00011] AGENT=report IN
2026-04-28 06:56:51,348 INFO graph [REC-00011] AGENT=report OUT in 0ms
2026-04-28 06:56:51,349 INFO graph [REC-00011] AGENT=guardrail_output IN
2026-04-28 06:56:51,516 INFO graph [REC-00010] AGENT=guardrail_output OUT in 1166ms
2026-04-28 06:56:51,516 INFO graph [REC-00010] GRAPH END timings={'guardrail_input': 582, 'triage': 2043, 'risk': 7176, 'report': 0, 'guardrail_output': 1166}
2026-04-28 06:56:52,517 INFO graph [REC-00012] GRAPH START
2026-04-28 06:56:52,519 INFO graph [REC-00012] AGENT=guardrail_input IN text_len=743
2026-04-28 06:56:52,550 INFO graph [REC-00011] AGENT=guardrail_output OUT in 1201ms
2026-04-28 06:56:52,550 INFO graph [REC-00011] GRAPH END timings={'guardrail_input': 580, 'triage': 2137, 'risk': 5193, 'report': 0, 'guardrail_output': 1201}
2026-04-28 06:56:53,088 INFO agent.guardrail guardrail INPUT action=NONE
2026-04-28 06:56:53,089 INFO graph [REC-00012] AGENT=guardrail_input OUT in 570ms blocked=False reason=None
2026-04-28 06:56:53,090 INFO graph [REC-00012] AGENT=triage IN text_len=743 product_hint=Empréstimo
2026-04-28 06:56:53,551 INFO graph [REC-00013] GRAPH START
2026-04-28 06:56:53,552 INFO graph [REC-00013] AGENT=guardrail_input IN text_len=535
2026-04-28 06:56:54,117 INFO agent.guardrail guardrail INPUT action=NONE
2026-04-28 06:56:54,118 INFO graph [REC-00013] AGENT=guardrail_input OUT in 566ms blocked=False reason=None
2026-04-28 06:56:54,119 INFO graph [REC-00013] AGENT=triage IN text_len=535 product_hint=Conta Corrente
2026-04-28 06:56:55,153 INFO graph [REC-00012] AGENT=triage OUT in 2063ms category=Atendimento product=Empréstimo urgency=Alta
2026-04-28 06:56:55,154 INFO graph [REC-00012] AGENT=risk IN triage_keys=['category', 'product', 'sentiment', 'urgency', 'summary']
2026-04-28 06:56:58,030 INFO graph [REC-00013] AGENT=triage OUT in 3910ms category=Cobrança Indevida product=Conta Corrente urgency=Crítica
2026-04-28 06:56:58,030 INFO graph [REC-00013] AGENT=risk IN triage_keys=['category', 'product', 'sentiment', 'urgency', 'summary']
2026-04-28 06:57:00,772 INFO agent.risk risk usou 4 trechos da política (top-k=4)
2026-04-28 06:57:00,772 INFO graph [REC-00012] AGENT=risk OUT in 5618ms level=Médio rag_chunks=4
2026-04-28 06:57:00,773 INFO graph [REC-00012] AGENT=report IN
2026-04-28 06:57:00,773 INFO graph [REC-00012] AGENT=report OUT in 0ms
2026-04-28 06:57:00,774 INFO graph [REC-00012] AGENT=guardrail_output IN
2026-04-28 06:57:02,064 INFO graph [REC-00012] AGENT=guardrail_output OUT in 1290ms
2026-04-28 06:57:02,065 INFO graph [REC-00012] GRAPH END timings={'guardrail_input': 570, 'triage': 2063, 'risk': 5618, 'report': 0, 'guardrail_output': 1290}
2026-04-28 06:57:03,066 INFO graph [REC-00014] GRAPH START
2026-04-28 06:57:03,068 INFO graph [REC-00014] AGENT=guardrail_input IN text_len=559
2026-04-28 06:57:03,693 INFO agent.guardrail guardrail INPUT action=NONE
2026-04-28 06:57:03,693 INFO graph [REC-00014] AGENT=guardrail_input OUT in 625ms blocked=False reason=None
2026-04-28 06:57:03,694 INFO graph [REC-00014] AGENT=triage IN text_len=559 product_hint=Empréstimo
2026-04-28 06:57:05,637 INFO graph [REC-00014] AGENT=triage OUT in 1943ms category=Fraude/Segurança product=Empréstimo urgency=Crítica
2026-04-28 06:57:05,638 INFO graph [REC-00014] AGENT=risk IN triage_keys=['category', 'product', 'sentiment', 'urgency', 'summary']
2026-04-28 06:57:07,814 INFO agent.risk risk usou 4 trechos da política (top-k=4)
2026-04-28 06:57:07,814 INFO graph [REC-00013] AGENT=risk OUT in 9784ms level=Crítico rag_chunks=4
2026-04-28 06:57:07,815 INFO graph [REC-00013] AGENT=report IN
2026-04-28 06:57:07,815 INFO graph [REC-00013] AGENT=report OUT in 0ms
2026-04-28 06:57:07,816 INFO graph [REC-00013] AGENT=guardrail_output IN
2026-04-28 06:57:08,379 WARNING agent.guardrail guardrail OUTPUT bloqueou campo=summary — usando regex como fallback
2026-04-28 06:57:08,997 WARNING agent.guardrail guardrail OUTPUT bloqueou campo=risk_justification — usando regex como fallback
2026-04-28 06:57:08,998 INFO graph [REC-00013] AGENT=guardrail_output OUT in 1181ms
2026-04-28 06:57:08,998 INFO graph [REC-00013] GRAPH END timings={'guardrail_input': 566, 'triage': 3910, 'risk': 9784, 'report': 0, 'guardrail_output': 1181}
2026-04-28 06:57:09,999 INFO graph [REC-00015] GRAPH START
2026-04-28 06:57:10,001 INFO graph [REC-00015] AGENT=guardrail_input IN text_len=631
2026-04-28 06:57:10,704 INFO agent.guardrail guardrail INPUT action=NONE
2026-04-28 06:57:10,705 INFO graph [REC-00015] AGENT=guardrail_input OUT in 704ms blocked=False reason=None
2026-04-28 06:57:10,706 INFO graph [REC-00015] AGENT=triage IN text_len=631 product_hint=Cartão de Crédito
2026-04-28 06:57:10,747 INFO agent.risk risk usou 4 trechos da política (top-k=4)
2026-04-28 06:57:10,747 INFO graph [REC-00014] AGENT=risk OUT in 5109ms level=Crítico rag_chunks=4
2026-04-28 06:57:10,748 INFO graph [REC-00014] AGENT=report IN
2026-04-28 06:57:10,748 INFO graph [REC-00014] AGENT=report OUT in 0ms
2026-04-28 06:57:10,748 INFO graph [REC-00014] AGENT=guardrail_output IN
2026-04-28 06:57:11,874 INFO graph [REC-00014] AGENT=guardrail_output OUT in 1126ms
2026-04-28 06:57:11,875 INFO graph [REC-00014] GRAPH END timings={'guardrail_input': 625, 'triage': 1943, 'risk': 5109, 'report': 0, 'guardrail_output': 1126}
2026-04-28 06:57:12,832 INFO graph [REC-00015] AGENT=triage OUT in 2126ms category=Cobrança Indevida product=Cartão de Crédito urgency=Alta
2026-04-28 06:57:12,832 INFO graph [REC-00015] AGENT=risk IN triage_keys=['category', 'product', 'sentiment', 'urgency', 'summary']
2026-04-28 06:57:12,875 INFO graph [REC-00016] GRAPH START
2026-04-28 06:57:12,876 INFO graph [REC-00016] AGENT=guardrail_input IN text_len=583
2026-04-28 06:57:13,457 INFO agent.guardrail guardrail INPUT action=NONE
2026-04-28 06:57:13,458 INFO graph [REC-00016] AGENT=guardrail_input OUT in 582ms blocked=False reason=None
2026-04-28 06:57:13,458 INFO graph [REC-00016] AGENT=triage IN text_len=583 product_hint=Conta Corrente
2026-04-28 06:57:15,331 INFO graph [REC-00016] AGENT=triage OUT in 1872ms category=Cobrança Indevida product=Conta Corrente urgency=Alta
2026-04-28 06:57:15,332 INFO graph [REC-00016] AGENT=risk IN triage_keys=['category', 'product', 'sentiment', 'urgency', 'summary']
2026-04-28 06:57:18,300 INFO agent.risk risk usou 4 trechos da política (top-k=4)
2026-04-28 06:57:18,300 INFO graph [REC-00015] AGENT=risk OUT in 5468ms level=Médio rag_chunks=4
2026-04-28 06:57:18,301 INFO graph [REC-00015] AGENT=report IN
2026-04-28 06:57:18,301 INFO graph [REC-00015] AGENT=report OUT in 0ms
2026-04-28 06:57:18,302 INFO graph [REC-00015] AGENT=guardrail_output IN
2026-04-28 06:57:19,522 WARNING agent.guardrail guardrail OUTPUT bloqueou campo=risk_justification — usando regex como fallback
2026-04-28 06:57:19,523 INFO graph [REC-00015] AGENT=guardrail_output OUT in 1221ms
2026-04-28 06:57:19,524 INFO graph [REC-00015] GRAPH END timings={'guardrail_input': 704, 'triage': 2126, 'risk': 5468, 'report': 0, 'guardrail_output': 1221}
2026-04-28 06:57:20,525 INFO graph [REC-00017] GRAPH START
2026-04-28 06:57:20,527 INFO graph [REC-00017] AGENT=guardrail_input IN text_len=774
2026-04-28 06:57:21,099 INFO agent.guardrail guardrail INPUT action=GUARDRAIL_INTERVENED
2026-04-28 06:57:21,099 INFO graph [REC-00017] AGENT=guardrail_input OUT in 572ms blocked=True reason=bedrock_guardrail
2026-04-28 06:57:21,101 INFO graph [REC-00017] GRAPH END timings={'guardrail_input': 572}
2026-04-28 06:57:21,101 WARNING app [REC-00017] bloqueada pelo guardrail
2026-04-28 06:57:22,102 INFO graph [REC-00018] GRAPH START
2026-04-28 06:57:22,104 INFO graph [REC-00018] AGENT=guardrail_input IN text_len=331
2026-04-28 06:57:22,616 INFO agent.risk risk usou 4 trechos da política (top-k=4)
2026-04-28 06:57:22,616 INFO graph [REC-00016] AGENT=risk OUT in 7284ms level=Médio rag_chunks=4
2026-04-28 06:57:22,617 INFO graph [REC-00016] AGENT=report IN
2026-04-28 06:57:22,617 INFO graph [REC-00016] AGENT=report OUT in 0ms
2026-04-28 06:57:22,618 INFO graph [REC-00016] AGENT=guardrail_output IN
2026-04-28 06:57:22,903 INFO agent.guardrail guardrail INPUT action=NONE
2026-04-28 06:57:22,904 INFO graph [REC-00018] AGENT=guardrail_input OUT in 801ms blocked=False reason=None
2026-04-28 06:57:22,904 INFO graph [REC-00018] AGENT=triage IN text_len=331 product_hint=Cartão de Crédito
2026-04-28 06:57:23,739 WARNING agent.guardrail guardrail OUTPUT bloqueou campo=risk_justification — usando regex como fallback
2026-04-28 06:57:23,739 INFO graph [REC-00016] AGENT=guardrail_output OUT in 1122ms
2026-04-28 06:57:23,740 INFO graph [REC-00016] GRAPH END timings={'guardrail_input': 582, 'triage': 1872, 'risk': 7284, 'report': 0, 'guardrail_output': 1122}
2026-04-28 06:57:24,646 INFO graph [REC-00018] AGENT=triage OUT in 1742ms category=Cobrança Indevida product=Cartão de Crédito urgency=Média
2026-04-28 06:57:24,647 INFO graph [REC-00018] AGENT=risk IN triage_keys=['category', 'product', 'sentiment', 'urgency', 'summary']
2026-04-28 06:57:24,741 INFO graph [REC-00019] GRAPH START
2026-04-28 06:57:24,743 INFO graph [REC-00019] AGENT=guardrail_input IN text_len=496
2026-04-28 06:57:25,289 INFO agent.guardrail guardrail INPUT action=NONE
2026-04-28 06:57:25,290 INFO graph [REC-00019] AGENT=guardrail_input OUT in 547ms blocked=False reason=None
2026-04-28 06:57:25,291 INFO graph [REC-00019] AGENT=triage IN text_len=496 product_hint=Conta Corrente
2026-04-28 06:57:27,225 INFO graph [REC-00019] AGENT=triage OUT in 1934ms category=Atendimento product=Conta Corrente urgency=Alta
2026-04-28 06:57:27,226 INFO graph [REC-00019] AGENT=risk IN triage_keys=['category', 'product', 'sentiment', 'urgency', 'summary']
2026-04-28 06:57:30,921 INFO agent.risk risk usou 4 trechos da política (top-k=4)
2026-04-28 06:57:30,921 INFO graph [REC-00018] AGENT=risk OUT in 6274ms level=Médio rag_chunks=4
2026-04-28 06:57:30,922 INFO graph [REC-00018] AGENT=report IN
2026-04-28 06:57:30,922 INFO graph [REC-00018] AGENT=report OUT in 0ms
2026-04-28 06:57:30,923 INFO graph [REC-00018] AGENT=guardrail_output IN
2026-04-28 06:57:32,145 INFO graph [REC-00018] AGENT=guardrail_output OUT in 1222ms
2026-04-28 06:57:32,146 INFO graph [REC-00018] GRAPH END timings={'guardrail_input': 801, 'triage': 1742, 'risk': 6274, 'report': 0, 'guardrail_output': 1222}
2026-04-28 06:57:32,321 INFO agent.risk risk usou 4 trechos da política (top-k=4)
2026-04-28 06:57:32,321 INFO graph [REC-00019] AGENT=risk OUT in 5095ms level=Médio rag_chunks=4
2026-04-28 06:57:32,322 INFO graph [REC-00019] AGENT=report IN
2026-04-28 06:57:32,322 INFO graph [REC-00019] AGENT=report OUT in 0ms
2026-04-28 06:57:32,322 INFO graph [REC-00019] AGENT=guardrail_output IN
2026-04-28 06:57:33,147 INFO graph [REC-00020] GRAPH START
2026-04-28 06:57:33,149 INFO graph [REC-00020] AGENT=guardrail_input IN text_len=743
2026-04-28 06:57:33,628 WARNING agent.guardrail guardrail OUTPUT bloqueou campo=risk_justification — usando regex como fallback
2026-04-28 06:57:33,629 INFO graph [REC-00019] AGENT=guardrail_output OUT in 1307ms
2026-04-28 06:57:33,629 INFO graph [REC-00019] GRAPH END timings={'guardrail_input': 547, 'triage': 1934, 'risk': 5095, 'report': 0, 'guardrail_output': 1307}
2026-04-28 06:57:33,800 INFO agent.guardrail guardrail INPUT action=NONE
2026-04-28 06:57:33,800 INFO graph [REC-00020] AGENT=guardrail_input OUT in 651ms blocked=False reason=None
2026-04-28 06:57:33,801 INFO graph [REC-00020] AGENT=triage IN text_len=743 product_hint=Seguros
2026-04-28 06:57:34,630 INFO graph [REC-00021] GRAPH START
2026-04-28 06:57:34,631 INFO graph [REC-00021] AGENT=guardrail_input IN text_len=651
2026-04-28 06:57:35,207 INFO agent.guardrail guardrail INPUT action=GUARDRAIL_INTERVENED
2026-04-28 06:57:35,208 INFO graph [REC-00021] AGENT=guardrail_input OUT in 577ms blocked=True reason=bedrock_guardrail
2026-04-28 06:57:35,209 INFO graph [REC-00021] GRAPH END timings={'guardrail_input': 577}
2026-04-28 06:57:35,209 WARNING app [REC-00021] bloqueada pelo guardrail
2026-04-28 06:57:36,096 INFO graph [REC-00020] AGENT=triage OUT in 2295ms category=Cobrança Indevida product=Seguros urgency=Crítica
2026-04-28 06:57:36,097 INFO graph [REC-00020] AGENT=risk IN triage_keys=['category', 'product', 'sentiment', 'urgency', 'summary']
2026-04-28 06:57:36,209 INFO graph [REC-00022] GRAPH START
2026-04-28 06:57:36,211 INFO graph [REC-00022] AGENT=guardrail_input IN text_len=697
2026-04-28 06:57:36,767 INFO agent.guardrail guardrail INPUT action=NONE
2026-04-28 06:57:36,768 INFO graph [REC-00022] AGENT=guardrail_input OUT in 557ms blocked=False reason=None
2026-04-28 06:57:36,769 INFO graph [REC-00022] AGENT=triage IN text_len=697 product_hint=Cartão de Crédito
2026-04-28 06:57:39,224 INFO graph [REC-00022] AGENT=triage OUT in 2455ms category=Atendimento product=Cartão de Crédito urgency=Crítica
2026-04-28 06:57:39,225 INFO graph [REC-00022] AGENT=risk IN triage_keys=['category', 'product', 'sentiment', 'urgency', 'summary']
2026-04-28 06:57:42,353 INFO agent.risk risk usou 4 trechos da política (top-k=4)
2026-04-28 06:57:42,353 INFO graph [REC-00020] AGENT=risk OUT in 6256ms level=Crítico rag_chunks=4
2026-04-28 06:57:42,354 INFO graph [REC-00020] AGENT=report IN
2026-04-28 06:57:42,354 INFO graph [REC-00020] AGENT=report OUT in 0ms
2026-04-28 06:57:42,355 INFO graph [REC-00020] AGENT=guardrail_output IN
2026-04-28 06:57:43,607 WARNING agent.guardrail guardrail OUTPUT bloqueou campo=risk_justification — usando regex como fallback
2026-04-28 06:57:43,608 INFO graph [REC-00020] AGENT=guardrail_output OUT in 1253ms
2026-04-28 06:57:43,609 INFO graph [REC-00020] GRAPH END timings={'guardrail_input': 651, 'triage': 2295, 'risk': 6256, 'report': 0, 'guardrail_output': 1253}
2026-04-28 06:57:44,610 INFO graph [REC-00023] GRAPH START
2026-04-28 06:57:44,611 INFO graph [REC-00023] AGENT=guardrail_input IN text_len=545
2026-04-28 06:57:45,096 INFO agent.risk risk usou 4 trechos da política (top-k=4)
2026-04-28 06:57:45,097 INFO graph [REC-00022] AGENT=risk OUT in 5872ms level=Crítico rag_chunks=4
2026-04-28 06:57:45,097 INFO graph [REC-00022] AGENT=report IN
2026-04-28 06:57:45,098 INFO graph [REC-00022] AGENT=report OUT in 1ms
2026-04-28 06:57:45,098 INFO graph [REC-00022] AGENT=guardrail_output IN
2026-04-28 06:57:45,184 INFO agent.guardrail guardrail INPUT action=NONE
2026-04-28 06:57:45,185 INFO graph [REC-00023] AGENT=guardrail_input OUT in 574ms blocked=False reason=None
2026-04-28 06:57:45,185 INFO graph [REC-00023] AGENT=triage IN text_len=545 product_hint=Conta Corrente
2026-04-28 06:57:46,228 WARNING agent.guardrail guardrail OUTPUT bloqueou campo=risk_justification — usando regex como fallback
2026-04-28 06:57:46,228 INFO graph [REC-00022] AGENT=guardrail_output OUT in 1130ms
2026-04-28 06:57:46,228 INFO graph [REC-00022] GRAPH END timings={'guardrail_input': 557, 'triage': 2455, 'risk': 5872, 'report': 1, 'guardrail_output': 1130}
2026-04-28 06:57:47,229 INFO graph [REC-00024] GRAPH START
2026-04-28 06:57:47,230 INFO graph [REC-00024] AGENT=guardrail_input IN text_len=647
2026-04-28 06:57:47,447 INFO graph [REC-00023] AGENT=triage OUT in 2262ms category=Cobrança Indevida product=Conta Corrente urgency=Alta
2026-04-28 06:57:47,448 INFO graph [REC-00023] AGENT=risk IN triage_keys=['category', 'product', 'sentiment', 'urgency', 'summary']
2026-04-28 06:57:47,823 INFO agent.guardrail guardrail INPUT action=NONE
2026-04-28 06:57:47,824 INFO graph [REC-00024] AGENT=guardrail_input OUT in 594ms blocked=False reason=None
2026-04-28 06:57:47,824 INFO graph [REC-00024] AGENT=triage IN text_len=647 product_hint=None
2026-04-28 06:57:49,681 INFO graph [REC-00024] AGENT=triage OUT in 1857ms category=Fraude/Segurança product=Conta Corrente urgency=Alta
2026-04-28 06:57:49,682 INFO graph [REC-00024] AGENT=risk IN triage_keys=['category', 'product', 'sentiment', 'urgency', 'summary']
2026-04-28 06:57:55,184 INFO agent.risk risk usou 4 trechos da política (top-k=4)
2026-04-28 06:57:55,184 INFO graph [REC-00023] AGENT=risk OUT in 7736ms level=Alto rag_chunks=4
2026-04-28 06:57:55,185 INFO graph [REC-00023] AGENT=report IN
2026-04-28 06:57:55,185 INFO graph [REC-00023] AGENT=report OUT in 0ms
2026-04-28 06:57:55,186 INFO graph [REC-00023] AGENT=guardrail_output IN
2026-04-28 06:57:55,233 INFO agent.risk risk usou 4 trechos da política (top-k=4)
2026-04-28 06:57:55,233 INFO graph [REC-00024] AGENT=risk OUT in 5551ms level=Crítico rag_chunks=4
2026-04-28 06:57:55,234 INFO graph [REC-00024] AGENT=report IN
2026-04-28 06:57:55,234 INFO graph [REC-00024] AGENT=report OUT in 0ms
2026-04-28 06:57:55,235 INFO graph [REC-00024] AGENT=guardrail_output IN
2026-04-28 06:57:56,424 WARNING agent.guardrail guardrail OUTPUT bloqueou campo=risk_justification — usando regex como fallback
2026-04-28 06:57:56,425 INFO graph [REC-00023] AGENT=guardrail_output OUT in 1239ms
2026-04-28 06:57:56,426 INFO graph [REC-00023] GRAPH END timings={'guardrail_input': 574, 'triage': 2262, 'risk': 7736, 'report': 0, 'guardrail_output': 1239}
2026-04-28 06:57:56,452 INFO graph [REC-00024] AGENT=guardrail_output OUT in 1217ms
2026-04-28 06:57:56,453 INFO graph [REC-00024] GRAPH END timings={'guardrail_input': 594, 'triage': 1857, 'risk': 5551, 'report': 0, 'guardrail_output': 1217}
2026-04-28 06:57:57,427 INFO graph [REC-00025] GRAPH START
2026-04-28 06:57:57,429 INFO graph [REC-00025] AGENT=guardrail_input IN text_len=762
2026-04-28 06:57:57,453 INFO graph [REC-00026] GRAPH START
2026-04-28 06:57:57,455 INFO graph [REC-00026] AGENT=guardrail_input IN text_len=625
2026-04-28 06:57:58,010 INFO agent.guardrail guardrail INPUT action=GUARDRAIL_INTERVENED
2026-04-28 06:57:58,010 INFO graph [REC-00025] AGENT=guardrail_input OUT in 582ms blocked=True reason=bedrock_guardrail
2026-04-28 06:57:58,011 INFO graph [REC-00025] GRAPH END timings={'guardrail_input': 582}
2026-04-28 06:57:58,011 WARNING app [REC-00025] bloqueada pelo guardrail
2026-04-28 06:57:58,071 INFO agent.guardrail guardrail INPUT action=NONE
2026-04-28 06:57:58,071 INFO graph [REC-00026] AGENT=guardrail_input OUT in 616ms blocked=False reason=None
2026-04-28 06:57:58,072 INFO graph [REC-00026] AGENT=triage IN text_len=625 product_hint=Empréstimo
2026-04-28 06:57:59,012 INFO graph [REC-00027] GRAPH START
2026-04-28 06:57:59,013 INFO graph [REC-00027] AGENT=guardrail_input IN text_len=555
2026-04-28 06:57:59,567 INFO agent.guardrail guardrail INPUT action=NONE
2026-04-28 06:57:59,567 INFO graph [REC-00027] AGENT=guardrail_input OUT in 554ms blocked=False reason=None
2026-04-28 06:57:59,569 INFO graph [REC-00027] AGENT=triage IN text_len=555 product_hint=Empréstimo
2026-04-28 06:58:00,104 INFO graph [REC-00026] AGENT=triage OUT in 2032ms category=Atendimento product=Empréstimo urgency=Média
2026-04-28 06:58:00,104 INFO graph [REC-00026] AGENT=risk IN triage_keys=['category', 'product', 'sentiment', 'urgency', 'summary']
2026-04-28 06:58:01,420 INFO graph [REC-00027] AGENT=triage OUT in 1851ms category=Fraude/Segurança product=Empréstimo urgency=Crítica
2026-04-28 06:58:01,421 INFO graph [REC-00027] AGENT=risk IN triage_keys=['category', 'product', 'sentiment', 'urgency', 'summary']
2026-04-28 06:58:05,198 INFO agent.risk risk usou 4 trechos da política (top-k=4)
2026-04-28 06:58:05,198 INFO graph [REC-00026] AGENT=risk OUT in 5094ms level=Médio rag_chunks=4
2026-04-28 06:58:05,199 INFO graph [REC-00026] AGENT=report IN
2026-04-28 06:58:05,199 INFO graph [REC-00026] AGENT=report OUT in 0ms
2026-04-28 06:58:05,200 INFO graph [REC-00026] AGENT=guardrail_output IN
2026-04-28 06:58:06,364 WARNING agent.guardrail guardrail OUTPUT bloqueou campo=risk_justification — usando regex como fallback
2026-04-28 06:58:06,364 INFO graph [REC-00026] AGENT=guardrail_output OUT in 1164ms
2026-04-28 06:58:06,365 INFO graph [REC-00026] GRAPH END timings={'guardrail_input': 616, 'triage': 2032, 'risk': 5094, 'report': 0, 'guardrail_output': 1164}
2026-04-28 06:58:07,366 INFO graph [REC-00028] GRAPH START
2026-04-28 06:58:07,367 INFO graph [REC-00028] AGENT=guardrail_input IN text_len=434
2026-04-28 06:58:07,983 INFO agent.guardrail guardrail INPUT action=NONE
2026-04-28 06:58:07,984 INFO graph [REC-00028] AGENT=guardrail_input OUT in 617ms blocked=False reason=None
2026-04-28 06:58:07,985 INFO graph [REC-00028] AGENT=triage IN text_len=434 product_hint=Empréstimo
2026-04-28 06:58:09,292 INFO agent.risk risk usou 4 trechos da política (top-k=4)
2026-04-28 06:58:09,292 INFO graph [REC-00027] AGENT=risk OUT in 7871ms level=Crítico rag_chunks=4
2026-04-28 06:58:09,293 INFO graph [REC-00027] AGENT=report IN
2026-04-28 06:58:09,293 INFO graph [REC-00027] AGENT=report OUT in 0ms
2026-04-28 06:58:09,293 INFO graph [REC-00027] AGENT=guardrail_output IN
2026-04-28 06:58:09,561 INFO graph [REC-00028] AGENT=triage OUT in 1576ms category=Outros product=Não Identificado urgency=Baixa
2026-04-28 06:58:09,562 INFO graph [REC-00028] AGENT=risk IN triage_keys=['category', 'product', 'sentiment', 'urgency', 'summary']
2026-04-28 06:58:09,842 WARNING agent.guardrail guardrail OUTPUT bloqueou campo=summary — usando regex como fallback
2026-04-28 06:58:10,406 WARNING agent.guardrail guardrail OUTPUT bloqueou campo=risk_justification — usando regex como fallback
2026-04-28 06:58:10,407 INFO graph [REC-00027] AGENT=guardrail_output OUT in 1114ms
2026-04-28 06:58:10,408 INFO graph [REC-00027] GRAPH END timings={'guardrail_input': 554, 'triage': 1851, 'risk': 7871, 'report': 0, 'guardrail_output': 1114}
2026-04-28 06:58:11,408 INFO graph [REC-00029] GRAPH START
2026-04-28 06:58:11,411 INFO graph [REC-00029] AGENT=guardrail_input IN text_len=719
2026-04-28 06:58:11,993 INFO agent.guardrail guardrail INPUT action=NONE
2026-04-28 06:58:11,994 INFO graph [REC-00029] AGENT=guardrail_input OUT in 583ms blocked=False reason=None
2026-04-28 06:58:11,995 INFO graph [REC-00029] AGENT=triage IN text_len=719 product_hint=Empréstimo
2026-04-28 06:58:13,994 INFO graph [REC-00029] AGENT=triage OUT in 1999ms category=Atendimento product=Empréstimo urgency=Alta
2026-04-28 06:58:13,994 INFO graph [REC-00029] AGENT=risk IN triage_keys=['category', 'product', 'sentiment', 'urgency', 'summary']
2026-04-28 06:58:16,261 INFO agent.risk risk usou 4 trechos da política (top-k=4)
2026-04-28 06:58:16,262 INFO graph [REC-00028] AGENT=risk OUT in 6699ms level=Crítico rag_chunks=4
2026-04-28 06:58:16,262 INFO graph [REC-00028] AGENT=report IN
2026-04-28 06:58:16,262 INFO graph [REC-00028] AGENT=report OUT in 0ms
2026-04-28 06:58:16,262 INFO graph [REC-00028] AGENT=guardrail_output IN
2026-04-28 06:58:16,832 WARNING agent.guardrail guardrail OUTPUT bloqueou campo=summary — usando regex como fallback
2026-04-28 06:58:17,420 WARNING agent.guardrail guardrail OUTPUT bloqueou campo=risk_justification — usando regex como fallback
2026-04-28 06:58:17,420 INFO graph [REC-00028] AGENT=guardrail_output OUT in 1158ms
2026-04-28 06:58:17,421 INFO graph [REC-00028] GRAPH END timings={'guardrail_input': 617, 'triage': 1576, 'risk': 6699, 'report': 0, 'guardrail_output': 1158}
2026-04-28 06:58:18,353 INFO agent.risk risk usou 4 trechos da política (top-k=4)
2026-04-28 06:58:18,353 INFO graph [REC-00029] AGENT=risk OUT in 4359ms level=Alto rag_chunks=4
2026-04-28 06:58:18,354 INFO graph [REC-00029] AGENT=report IN
2026-04-28 06:58:18,354 INFO graph [REC-00029] AGENT=report OUT in 0ms
2026-04-28 06:58:18,354 INFO graph [REC-00029] AGENT=guardrail_output IN
2026-04-28 06:58:18,422 INFO graph [REC-00030] GRAPH START
2026-04-28 06:58:18,424 INFO graph [REC-00030] AGENT=guardrail_input IN text_len=528
2026-04-28 06:58:18,924 WARNING agent.guardrail guardrail OUTPUT bloqueou campo=summary — usando regex como fallback
2026-04-28 06:58:18,987 INFO agent.guardrail guardrail INPUT action=NONE
2026-04-28 06:58:18,988 INFO graph [REC-00030] AGENT=guardrail_input OUT in 564ms blocked=False reason=None
2026-04-28 06:58:18,989 INFO graph [REC-00030] AGENT=triage IN text_len=528 product_hint=Empréstimo
2026-04-28 06:58:19,541 INFO graph [REC-00029] AGENT=guardrail_output OUT in 1187ms
2026-04-28 06:58:19,542 INFO graph [REC-00029] GRAPH END timings={'guardrail_input': 583, 'triage': 1999, 'risk': 4359, 'report': 0, 'guardrail_output': 1187}
2026-04-28 06:58:20,543 INFO graph [REC-00031] GRAPH START
2026-04-28 06:58:20,545 INFO graph [REC-00031] AGENT=guardrail_input IN text_len=604
2026-04-28 06:58:21,159 INFO agent.guardrail guardrail INPUT action=NONE
2026-04-28 06:58:21,160 INFO graph [REC-00031] AGENT=guardrail_input OUT in 615ms blocked=False reason=None
2026-04-28 06:58:21,161 INFO graph [REC-00031] AGENT=triage IN text_len=604 product_hint=None
2026-04-28 06:58:21,345 INFO graph [REC-00030] AGENT=triage OUT in 2356ms category=Cancelamento product=Empréstimo urgency=Alta
2026-04-28 06:58:21,346 INFO graph [REC-00030] AGENT=risk IN triage_keys=['category', 'product', 'sentiment', 'urgency', 'summary']
2026-04-28 06:58:23,201 INFO graph [REC-00031] AGENT=triage OUT in 2040ms category=Atendimento product=Conta Corrente urgency=Alta
2026-04-28 06:58:23,202 INFO graph [REC-00031] AGENT=risk IN triage_keys=['category', 'product', 'sentiment', 'urgency', 'summary']
2026-04-28 06:58:26,038 INFO agent.risk risk usou 4 trechos da política (top-k=4)
2026-04-28 06:58:26,038 INFO graph [REC-00030] AGENT=risk OUT in 4692ms level=Alto rag_chunks=4
2026-04-28 06:58:26,038 INFO graph [REC-00030] AGENT=report IN
2026-04-28 06:58:26,038 INFO graph [REC-00030] AGENT=report OUT in 0ms
2026-04-28 06:58:26,039 INFO graph [REC-00030] AGENT=guardrail_output IN
2026-04-28 06:58:27,226 WARNING agent.guardrail guardrail OUTPUT bloqueou campo=risk_justification — usando regex como fallback
2026-04-28 06:58:27,226 INFO graph [REC-00030] AGENT=guardrail_output OUT in 1187ms
2026-04-28 06:58:27,227 INFO graph [REC-00030] GRAPH END timings={'guardrail_input': 564, 'triage': 2356, 'risk': 4692, 'report': 0, 'guardrail_output': 1187}
2026-04-28 06:58:27,905 INFO agent.risk risk usou 4 trechos da política (top-k=4)
2026-04-28 06:58:27,905 INFO graph [REC-00031] AGENT=risk OUT in 4703ms level=Médio rag_chunks=4
2026-04-28 06:58:27,906 INFO graph [REC-00031] AGENT=report IN
2026-04-28 06:58:27,906 INFO graph [REC-00031] AGENT=report OUT in 0ms
2026-04-28 06:58:27,906 INFO graph [REC-00031] AGENT=guardrail_output IN
2026-04-28 06:58:28,227 INFO graph [REC-00032] GRAPH START
2026-04-28 06:58:28,229 INFO graph [REC-00032] AGENT=guardrail_input IN text_len=503
2026-04-28 06:58:28,795 INFO agent.guardrail guardrail INPUT action=NONE
2026-04-28 06:58:28,795 INFO graph [REC-00032] AGENT=guardrail_input OUT in 566ms blocked=False reason=None
2026-04-28 06:58:28,796 INFO graph [REC-00032] AGENT=triage IN text_len=503 product_hint=None
2026-04-28 06:58:29,101 WARNING agent.guardrail guardrail OUTPUT bloqueou campo=risk_justification — usando regex como fallback
2026-04-28 06:58:29,102 INFO graph [REC-00031] AGENT=guardrail_output OUT in 1196ms
2026-04-28 06:58:29,103 INFO graph [REC-00031] GRAPH END timings={'guardrail_input': 615, 'triage': 2040, 'risk': 4703, 'report': 0, 'guardrail_output': 1196}
2026-04-28 06:58:30,103 INFO graph [REC-00033] GRAPH START
2026-04-28 06:58:30,105 INFO graph [REC-00033] AGENT=guardrail_input IN text_len=628
2026-04-28 06:58:30,642 INFO agent.guardrail guardrail INPUT action=NONE
2026-04-28 06:58:30,643 INFO graph [REC-00033] AGENT=guardrail_input OUT in 538ms blocked=False reason=None
2026-04-28 06:58:30,643 INFO graph [REC-00033] AGENT=triage IN text_len=628 product_hint=Conta Corrente
2026-04-28 06:58:30,913 INFO graph [REC-00032] AGENT=triage OUT in 2117ms category=Cobrança Indevida product=Cartão de Crédito urgency=Alta
2026-04-28 06:58:30,914 INFO graph [REC-00032] AGENT=risk IN triage_keys=['category', 'product', 'sentiment', 'urgency', 'summary']
2026-04-28 06:58:33,048 INFO graph [REC-00033] AGENT=triage OUT in 2405ms category=Fraude/Segurança product=Conta Corrente urgency=Crítica
2026-04-28 06:58:33,048 INFO graph [REC-00033] AGENT=risk IN triage_keys=['category', 'product', 'sentiment', 'urgency', 'summary']
2026-04-28 06:58:37,273 INFO agent.risk risk usou 4 trechos da política (top-k=4)
2026-04-28 06:58:37,274 INFO graph [REC-00032] AGENT=risk OUT in 6360ms level=Alto rag_chunks=4
2026-04-28 06:58:37,275 INFO graph [REC-00032] AGENT=report IN
2026-04-28 06:58:37,275 INFO graph [REC-00032] AGENT=report OUT in 0ms
2026-04-28 06:58:37,275 INFO graph [REC-00032] AGENT=guardrail_output IN
2026-04-28 06:58:38,446 WARNING agent.guardrail guardrail OUTPUT bloqueou campo=risk_justification — usando regex como fallback
2026-04-28 06:58:38,446 INFO graph [REC-00032] AGENT=guardrail_output OUT in 1171ms
2026-04-28 06:58:38,447 INFO graph [REC-00032] GRAPH END timings={'guardrail_input': 566, 'triage': 2117, 'risk': 6360, 'report': 0, 'guardrail_output': 1171}
2026-04-28 06:58:38,900 INFO agent.risk risk usou 4 trechos da política (top-k=4)
2026-04-28 06:58:38,900 INFO graph [REC-00033] AGENT=risk OUT in 5852ms level=Crítico rag_chunks=4
2026-04-28 06:58:38,901 INFO graph [REC-00033] AGENT=report IN
2026-04-28 06:58:38,901 INFO graph [REC-00033] AGENT=report OUT in 0ms
2026-04-28 06:58:38,901 INFO graph [REC-00033] AGENT=guardrail_output IN
2026-04-28 06:58:39,448 INFO graph [REC-00034] GRAPH START
2026-04-28 06:58:39,449 INFO graph [REC-00034] AGENT=guardrail_input IN text_len=726
2026-04-28 06:58:40,032 INFO agent.guardrail guardrail INPUT action=NONE
2026-04-28 06:58:40,033 INFO graph [REC-00034] AGENT=guardrail_input OUT in 584ms blocked=False reason=None
2026-04-28 06:58:40,034 INFO graph [REC-00034] AGENT=triage IN text_len=726 product_hint=Cartão de Crédito
2026-04-28 06:58:40,165 WARNING agent.guardrail guardrail OUTPUT bloqueou campo=risk_justification — usando regex como fallback
2026-04-28 06:58:40,166 INFO graph [REC-00033] AGENT=guardrail_output OUT in 1265ms
2026-04-28 06:58:40,166 INFO graph [REC-00033] GRAPH END timings={'guardrail_input': 538, 'triage': 2405, 'risk': 5852, 'report': 0, 'guardrail_output': 1265}
2026-04-28 06:58:41,167 INFO graph [REC-00035] GRAPH START
2026-04-28 06:58:41,168 INFO graph [REC-00035] AGENT=guardrail_input IN text_len=699
2026-04-28 06:58:41,737 INFO agent.guardrail guardrail INPUT action=GUARDRAIL_INTERVENED
2026-04-28 06:58:41,738 INFO graph [REC-00035] AGENT=guardrail_input OUT in 570ms blocked=True reason=bedrock_guardrail
2026-04-28 06:58:41,739 INFO graph [REC-00035] GRAPH END timings={'guardrail_input': 570}
2026-04-28 06:58:41,740 WARNING app [REC-00035] bloqueada pelo guardrail
2026-04-28 06:58:41,942 INFO graph [REC-00034] AGENT=triage OUT in 1908ms category=Cobrança Indevida product=Cartão de Crédito urgency=Crítica
2026-04-28 06:58:41,943 INFO graph [REC-00034] AGENT=risk IN triage_keys=['category', 'product', 'sentiment', 'urgency', 'summary']
2026-04-28 06:58:42,740 INFO graph [REC-00036] GRAPH START
2026-04-28 06:58:42,742 INFO graph [REC-00036] AGENT=guardrail_input IN text_len=714
2026-04-28 06:58:43,310 INFO agent.guardrail guardrail INPUT action=NONE
2026-04-28 06:58:43,311 INFO graph [REC-00036] AGENT=guardrail_input OUT in 568ms blocked=False reason=None
2026-04-28 06:58:43,312 INFO graph [REC-00036] AGENT=triage IN text_len=714 product_hint=None
2026-04-28 06:58:45,463 INFO graph [REC-00036] AGENT=triage OUT in 2151ms category=Cancelamento product=Não Identificado urgency=Crítica
2026-04-28 06:58:45,464 INFO graph [REC-00036] AGENT=risk IN triage_keys=['category', 'product', 'sentiment', 'urgency', 'summary']
2026-04-28 06:58:48,407 INFO agent.risk risk usou 4 trechos da política (top-k=4)
2026-04-28 06:58:48,407 INFO graph [REC-00034] AGENT=risk OUT in 6464ms level=Alto rag_chunks=4
2026-04-28 06:58:48,408 INFO graph [REC-00034] AGENT=report IN
2026-04-28 06:58:48,408 INFO graph [REC-00034] AGENT=report OUT in 0ms
2026-04-28 06:58:48,408 INFO graph [REC-00034] AGENT=guardrail_output IN
2026-04-28 06:58:49,778 WARNING agent.guardrail guardrail OUTPUT bloqueou campo=risk_justification — usando regex como fallback
2026-04-28 06:58:49,778 INFO graph [REC-00034] AGENT=guardrail_output OUT in 1370ms
2026-04-28 06:58:49,779 INFO graph [REC-00034] GRAPH END timings={'guardrail_input': 584, 'triage': 1908, 'risk': 6464, 'report': 0, 'guardrail_output': 1370}
2026-04-28 06:58:50,780 INFO graph [REC-00037] GRAPH START
2026-04-28 06:58:50,781 INFO graph [REC-00037] AGENT=guardrail_input IN text_len=428
2026-04-28 06:58:51,286 INFO agent.risk risk usou 4 trechos da política (top-k=4)
2026-04-28 06:58:51,286 INFO graph [REC-00036] AGENT=risk OUT in 5822ms level=Crítico rag_chunks=4
2026-04-28 06:58:51,287 INFO graph [REC-00036] AGENT=report IN
2026-04-28 06:58:51,287 INFO graph [REC-00036] AGENT=report OUT in 0ms
2026-04-28 06:58:51,288 INFO graph [REC-00036] AGENT=guardrail_output IN
2026-04-28 06:58:51,385 INFO agent.guardrail guardrail INPUT action=NONE
2026-04-28 06:58:51,386 INFO graph [REC-00037] AGENT=guardrail_input OUT in 605ms blocked=False reason=None
2026-04-28 06:58:51,386 INFO graph [REC-00037] AGENT=triage IN text_len=428 product_hint=Seguros
2026-04-28 06:58:51,861 WARNING agent.guardrail guardrail OUTPUT bloqueou campo=summary — usando regex como fallback
2026-04-28 06:58:52,448 WARNING agent.guardrail guardrail OUTPUT bloqueou campo=risk_justification — usando regex como fallback
2026-04-28 06:58:52,448 INFO graph [REC-00036] AGENT=guardrail_output OUT in 1160ms
2026-04-28 06:58:52,449 INFO graph [REC-00036] GRAPH END timings={'guardrail_input': 568, 'triage': 2151, 'risk': 5822, 'report': 0, 'guardrail_output': 1160}
2026-04-28 06:58:53,116 INFO graph [REC-00037] AGENT=triage OUT in 1730ms category=Outros product=Não Identificado urgency=Baixa
2026-04-28 06:58:53,117 INFO graph [REC-00037] AGENT=risk IN triage_keys=['category', 'product', 'sentiment', 'urgency', 'summary']
2026-04-28 06:58:53,450 INFO graph [REC-00038] GRAPH START
2026-04-28 06:58:53,451 INFO graph [REC-00038] AGENT=guardrail_input IN text_len=598
2026-04-28 06:58:54,059 INFO agent.guardrail guardrail INPUT action=NONE
2026-04-28 06:58:54,059 INFO graph [REC-00038] AGENT=guardrail_input OUT in 608ms blocked=False reason=None
2026-04-28 06:58:54,060 INFO graph [REC-00038] AGENT=triage IN text_len=598 product_hint=None
2026-04-28 06:58:56,056 INFO graph [REC-00038] AGENT=triage OUT in 1996ms category=Atendimento product=Não Identificado urgency=Crítica
2026-04-28 06:58:56,056 INFO graph [REC-00038] AGENT=risk IN triage_keys=['category', 'product', 'sentiment', 'urgency', 'summary']
2026-04-28 06:58:57,535 INFO agent.risk risk usou 4 trechos da política (top-k=4)
2026-04-28 06:58:57,536 INFO graph [REC-00037] AGENT=risk OUT in 4418ms level=Crítico rag_chunks=4
2026-04-28 06:58:57,536 INFO graph [REC-00037] AGENT=report IN
2026-04-28 06:58:57,536 INFO graph [REC-00037] AGENT=report OUT in 0ms
2026-04-28 06:58:57,536 INFO graph [REC-00037] AGENT=guardrail_output IN
2026-04-28 06:58:58,746 INFO graph [REC-00037] AGENT=guardrail_output OUT in 1210ms
2026-04-28 06:58:58,747 INFO graph [REC-00037] GRAPH END timings={'guardrail_input': 605, 'triage': 1730, 'risk': 4418, 'report': 0, 'guardrail_output': 1210}
2026-04-28 06:58:59,748 INFO graph [REC-00039] GRAPH START
2026-04-28 06:58:59,750 INFO graph [REC-00039] AGENT=guardrail_input IN text_len=509
2026-04-28 06:59:00,354 INFO agent.guardrail guardrail INPUT action=NONE
2026-04-28 06:59:00,354 INFO graph [REC-00039] AGENT=guardrail_input OUT in 604ms blocked=False reason=None
2026-04-28 06:59:00,356 INFO graph [REC-00039] AGENT=triage IN text_len=509 product_hint=Empréstimo
2026-04-28 06:59:00,375 INFO agent.risk risk usou 4 trechos da política (top-k=4)
2026-04-28 06:59:00,375 INFO graph [REC-00038] AGENT=risk OUT in 4319ms level=Alto rag_chunks=4
2026-04-28 06:59:00,376 INFO graph [REC-00038] AGENT=report IN
2026-04-28 06:59:00,376 INFO graph [REC-00038] AGENT=report OUT in 0ms
2026-04-28 06:59:00,377 INFO graph [REC-00038] AGENT=guardrail_output IN
2026-04-28 06:59:01,749 INFO graph [REC-00038] AGENT=guardrail_output OUT in 1372ms
2026-04-28 06:59:01,749 INFO graph [REC-00038] GRAPH END timings={'guardrail_input': 608, 'triage': 1996, 'risk': 4319, 'report': 0, 'guardrail_output': 1372}
2026-04-28 06:59:02,570 INFO graph [REC-00039] AGENT=triage OUT in 2214ms category=Cobrança Indevida product=Empréstimo urgency=Alta
2026-04-28 06:59:02,571 INFO graph [REC-00039] AGENT=risk IN triage_keys=['category', 'product', 'sentiment', 'urgency', 'summary']
2026-04-28 06:59:02,750 INFO graph [REC-00040] GRAPH START
2026-04-28 06:59:02,751 INFO graph [REC-00040] AGENT=guardrail_input IN text_len=356
2026-04-28 06:59:03,336 INFO agent.guardrail guardrail INPUT action=NONE
2026-04-28 06:59:03,337 INFO graph [REC-00040] AGENT=guardrail_input OUT in 586ms blocked=False reason=None
2026-04-28 06:59:03,338 INFO graph [REC-00040] AGENT=triage IN text_len=356 product_hint=Cartão de Crédito
2026-04-28 06:59:05,010 INFO graph [REC-00040] AGENT=triage OUT in 1672ms category=Cobrança Indevida product=Cartão de Crédito urgency=Média
2026-04-28 06:59:05,011 INFO graph [REC-00040] AGENT=risk IN triage_keys=['category', 'product', 'sentiment', 'urgency', 'summary']
2026-04-28 06:59:08,661 INFO agent.risk risk usou 4 trechos da política (top-k=4)
2026-04-28 06:59:08,661 INFO graph [REC-00039] AGENT=risk OUT in 6090ms level=Médio rag_chunks=4
2026-04-28 06:59:08,662 INFO graph [REC-00039] AGENT=report IN
2026-04-28 06:59:08,662 INFO graph [REC-00039] AGENT=report OUT in 0ms
2026-04-28 06:59:08,662 INFO graph [REC-00039] AGENT=guardrail_output IN
2026-04-28 06:59:10,436 INFO graph [REC-00039] AGENT=guardrail_output OUT in 1774ms
2026-04-28 06:59:10,437 INFO graph [REC-00039] GRAPH END timings={'guardrail_input': 604, 'triage': 2214, 'risk': 6090, 'report': 0, 'guardrail_output': 1774}
2026-04-28 06:59:10,529 INFO agent.risk risk usou 4 trechos da política (top-k=4)
2026-04-28 06:59:10,529 INFO graph [REC-00040] AGENT=risk OUT in 5518ms level=Médio rag_chunks=4
2026-04-28 06:59:10,530 INFO graph [REC-00040] AGENT=report IN
2026-04-28 06:59:10,530 INFO graph [REC-00040] AGENT=report OUT in 0ms
2026-04-28 06:59:10,531 INFO graph [REC-00040] AGENT=guardrail_output IN
2026-04-28 06:59:11,438 INFO graph [REC-00041] GRAPH START
2026-04-28 06:59:11,440 INFO graph [REC-00041] AGENT=guardrail_input IN text_len=574
2026-04-28 06:59:11,704 WARNING agent.guardrail guardrail OUTPUT bloqueou campo=risk_justification — usando regex como fallback
2026-04-28 06:59:11,705 INFO graph [REC-00040] AGENT=guardrail_output OUT in 1174ms
2026-04-28 06:59:11,705 INFO graph [REC-00040] GRAPH END timings={'guardrail_input': 586, 'triage': 1672, 'risk': 5518, 'report': 0, 'guardrail_output': 1174}
2026-04-28 06:59:12,015 INFO agent.guardrail guardrail INPUT action=NONE
2026-04-28 06:59:12,015 INFO graph [REC-00041] AGENT=guardrail_input OUT in 575ms blocked=False reason=None
2026-04-28 06:59:12,016 INFO graph [REC-00041] AGENT=triage IN text_len=574 product_hint=Conta Corrente
2026-04-28 06:59:12,705 INFO graph [REC-00042] GRAPH START
2026-04-28 06:59:12,706 INFO graph [REC-00042] AGENT=guardrail_input IN text_len=600
2026-04-28 06:59:13,285 INFO agent.guardrail guardrail INPUT action=NONE
2026-04-28 06:59:13,286 INFO graph [REC-00042] AGENT=guardrail_input OUT in 580ms blocked=False reason=None
2026-04-28 06:59:13,286 INFO graph [REC-00042] AGENT=triage IN text_len=600 product_hint=Cartão de Crédito
2026-04-28 06:59:13,833 INFO graph [REC-00041] AGENT=triage OUT in 1817ms category=Cobrança Indevida product=Conta Corrente urgency=Alta
2026-04-28 06:59:13,834 INFO graph [REC-00041] AGENT=risk IN triage_keys=['category', 'product', 'sentiment', 'urgency', 'summary']
2026-04-28 06:59:15,720 INFO graph [REC-00042] AGENT=triage OUT in 2434ms category=Fraude/Segurança product=Cartão de Crédito urgency=Crítica
2026-04-28 06:59:15,721 INFO graph [REC-00042] AGENT=risk IN triage_keys=['category', 'product', 'sentiment', 'urgency', 'summary']
2026-04-28 06:59:20,457 INFO agent.risk risk usou 4 trechos da política (top-k=4)
2026-04-28 06:59:20,457 INFO graph [REC-00041] AGENT=risk OUT in 6623ms level=Alto rag_chunks=4
2026-04-28 06:59:20,457 INFO graph [REC-00041] AGENT=report IN
2026-04-28 06:59:20,458 INFO graph [REC-00041] AGENT=report OUT in 1ms
2026-04-28 06:59:20,458 INFO graph [REC-00041] AGENT=guardrail_output IN
2026-04-28 06:59:21,680 WARNING agent.guardrail guardrail OUTPUT bloqueou campo=risk_justification — usando regex como fallback
2026-04-28 06:59:21,680 INFO graph [REC-00041] AGENT=guardrail_output OUT in 1222ms
2026-04-28 06:59:21,681 INFO graph [REC-00041] GRAPH END timings={'guardrail_input': 575, 'triage': 1817, 'risk': 6623, 'report': 1, 'guardrail_output': 1222}
2026-04-28 06:59:22,681 INFO graph [REC-00043] GRAPH START
2026-04-28 06:59:22,683 INFO graph [REC-00043] AGENT=guardrail_input IN text_len=609
2026-04-28 06:59:23,144 INFO agent.risk risk usou 4 trechos da política (top-k=4)
2026-04-28 06:59:23,144 INFO graph [REC-00042] AGENT=risk OUT in 7423ms level=Alto rag_chunks=4
2026-04-28 06:59:23,145 INFO graph [REC-00042] AGENT=report IN
2026-04-28 06:59:23,145 INFO graph [REC-00042] AGENT=report OUT in 0ms
2026-04-28 06:59:23,146 INFO graph [REC-00042] AGENT=guardrail_output IN
2026-04-28 06:59:23,232 INFO agent.guardrail guardrail INPUT action=GUARDRAIL_INTERVENED
2026-04-28 06:59:23,232 INFO graph [REC-00043] AGENT=guardrail_input OUT in 549ms blocked=True reason=bedrock_guardrail
2026-04-28 06:59:23,233 INFO graph [REC-00043] GRAPH END timings={'guardrail_input': 549}
2026-04-28 06:59:23,233 WARNING app [REC-00043] bloqueada pelo guardrail
2026-04-28 06:59:24,234 INFO graph [REC-00044] GRAPH START
2026-04-28 06:59:24,236 INFO graph [REC-00044] AGENT=guardrail_input IN text_len=584
2026-04-28 06:59:24,711 WARNING agent.guardrail guardrail OUTPUT bloqueou campo=risk_justification — usando regex como fallback
2026-04-28 06:59:24,712 INFO graph [REC-00042] AGENT=guardrail_output OUT in 1566ms
2026-04-28 06:59:24,712 INFO graph [REC-00042] GRAPH END timings={'guardrail_input': 580, 'triage': 2434, 'risk': 7423, 'report': 0, 'guardrail_output': 1566}
2026-04-28 06:59:24,833 INFO agent.guardrail guardrail INPUT action=NONE
2026-04-28 06:59:24,834 INFO graph [REC-00044] AGENT=guardrail_input OUT in 598ms blocked=False reason=None
2026-04-28 06:59:24,834 INFO graph [REC-00044] AGENT=triage IN text_len=584 product_hint=Seguros
2026-04-28 06:59:25,713 INFO graph [REC-00045] GRAPH START
2026-04-28 06:59:25,715 INFO graph [REC-00045] AGENT=guardrail_input IN text_len=537
2026-04-28 06:59:26,380 INFO agent.guardrail guardrail INPUT action=GUARDRAIL_INTERVENED
2026-04-28 06:59:26,380 INFO graph [REC-00045] AGENT=guardrail_input OUT in 665ms blocked=True reason=bedrock_guardrail
2026-04-28 06:59:26,381 INFO graph [REC-00045] GRAPH END timings={'guardrail_input': 665}
2026-04-28 06:59:26,381 WARNING app [REC-00045] bloqueada pelo guardrail
2026-04-28 06:59:26,629 INFO graph [REC-00044] AGENT=triage OUT in 1795ms category=Cobrança Indevida product=Seguros urgency=Alta
2026-04-28 06:59:26,630 INFO graph [REC-00044] AGENT=risk IN triage_keys=['category', 'product', 'sentiment', 'urgency', 'summary']
2026-04-28 06:59:27,381 INFO graph [REC-00046] GRAPH START
2026-04-28 06:59:27,383 INFO graph [REC-00046] AGENT=guardrail_input IN text_len=515
2026-04-28 06:59:27,965 INFO agent.guardrail guardrail INPUT action=NONE
2026-04-28 06:59:27,966 INFO graph [REC-00046] AGENT=guardrail_input OUT in 583ms blocked=False reason=None
2026-04-28 06:59:27,966 INFO graph [REC-00046] AGENT=triage IN text_len=515 product_hint=None
2026-04-28 06:59:30,337 INFO graph [REC-00046] AGENT=triage OUT in 2371ms category=Cancelamento product=Conta Corrente urgency=Alta
2026-04-28 06:59:30,338 INFO graph [REC-00046] AGENT=risk IN triage_keys=['category', 'product', 'sentiment', 'urgency', 'summary']
2026-04-28 06:59:33,714 INFO agent.risk risk usou 4 trechos da política (top-k=4)
2026-04-28 06:59:33,714 INFO graph [REC-00044] AGENT=risk OUT in 7084ms level=Alto rag_chunks=4
2026-04-28 06:59:33,715 INFO graph [REC-00044] AGENT=report IN
2026-04-28 06:59:33,715 INFO graph [REC-00044] AGENT=report OUT in 0ms
2026-04-28 06:59:33,716 INFO graph [REC-00044] AGENT=guardrail_output IN
2026-04-28 06:59:34,975 INFO graph [REC-00044] AGENT=guardrail_output OUT in 1259ms
2026-04-28 06:59:34,976 INFO graph [REC-00044] GRAPH END timings={'guardrail_input': 598, 'triage': 1795, 'risk': 7084, 'report': 0, 'guardrail_output': 1259}
2026-04-28 06:59:35,977 INFO graph [REC-00047] GRAPH START
2026-04-28 06:59:35,978 INFO graph [REC-00047] AGENT=guardrail_input IN text_len=479
2026-04-28 06:59:36,564 INFO agent.guardrail guardrail INPUT action=NONE
2026-04-28 06:59:36,564 INFO graph [REC-00047] AGENT=guardrail_input OUT in 586ms blocked=False reason=None
2026-04-28 06:59:36,565 INFO graph [REC-00047] AGENT=triage IN text_len=479 product_hint=Conta Corrente
2026-04-28 06:59:37,523 INFO agent.risk risk usou 4 trechos da política (top-k=4)
2026-04-28 06:59:37,524 INFO graph [REC-00046] AGENT=risk OUT in 7186ms level=Alto rag_chunks=4
2026-04-28 06:59:37,525 INFO graph [REC-00046] AGENT=report IN
2026-04-28 06:59:37,525 INFO graph [REC-00046] AGENT=report OUT in 0ms
2026-04-28 06:59:37,526 INFO graph [REC-00046] AGENT=guardrail_output IN
2026-04-28 06:59:38,680 WARNING agent.guardrail guardrail OUTPUT bloqueou campo=risk_justification — usando regex como fallback
2026-04-28 06:59:38,681 INFO graph [REC-00046] AGENT=guardrail_output OUT in 1155ms
2026-04-28 06:59:38,682 INFO graph [REC-00046] GRAPH END timings={'guardrail_input': 583, 'triage': 2371, 'risk': 7186, 'report': 0, 'guardrail_output': 1155}
2026-04-28 06:59:38,873 INFO graph [REC-00047] AGENT=triage OUT in 2308ms category=Cobrança Indevida product=Conta Corrente urgency=Média
2026-04-28 06:59:38,874 INFO graph [REC-00047] AGENT=risk IN triage_keys=['category', 'product', 'sentiment', 'urgency', 'summary']
2026-04-28 06:59:39,683 INFO graph [REC-00048] GRAPH START
2026-04-28 06:59:39,685 INFO graph [REC-00048] AGENT=guardrail_input IN text_len=725
2026-04-28 06:59:40,311 INFO agent.guardrail guardrail INPUT action=GUARDRAIL_INTERVENED
2026-04-28 06:59:40,311 INFO graph [REC-00048] AGENT=guardrail_input OUT in 626ms blocked=True reason=bedrock_guardrail
2026-04-28 06:59:40,313 INFO graph [REC-00048] GRAPH END timings={'guardrail_input': 626}
2026-04-28 06:59:40,313 WARNING app [REC-00048] bloqueada pelo guardrail
2026-04-28 06:59:41,314 INFO graph [REC-00049] GRAPH START
2026-04-28 06:59:41,316 INFO graph [REC-00049] AGENT=guardrail_input IN text_len=703
2026-04-28 06:59:41,876 INFO agent.guardrail guardrail INPUT action=GUARDRAIL_INTERVENED
2026-04-28 06:59:41,876 INFO graph [REC-00049] AGENT=guardrail_input OUT in 561ms blocked=True reason=bedrock_guardrail
2026-04-28 06:59:41,877 INFO graph [REC-00049] GRAPH END timings={'guardrail_input': 561}
2026-04-28 06:59:41,877 WARNING app [REC-00049] bloqueada pelo guardrail
2026-04-28 06:59:42,878 INFO graph [REC-00050] GRAPH START
2026-04-28 06:59:42,879 INFO graph [REC-00050] AGENT=guardrail_input IN text_len=653
2026-04-28 06:59:43,452 INFO agent.guardrail guardrail INPUT action=NONE
2026-04-28 06:59:43,453 INFO graph [REC-00050] AGENT=guardrail_input OUT in 574ms blocked=False reason=None
2026-04-28 06:59:43,454 INFO graph [REC-00050] AGENT=triage IN text_len=653 product_hint=Investimentos
2026-04-28 06:59:43,768 INFO agent.risk risk usou 4 trechos da política (top-k=4)
2026-04-28 06:59:43,769 INFO graph [REC-00047] AGENT=risk OUT in 4895ms level=Baixo rag_chunks=4
2026-04-28 06:59:43,769 INFO graph [REC-00047] AGENT=report IN
2026-04-28 06:59:43,770 INFO graph [REC-00047] AGENT=report OUT in 1ms
2026-04-28 06:59:43,770 INFO graph [REC-00047] AGENT=guardrail_output IN
2026-04-28 06:59:45,027 INFO graph [REC-00047] AGENT=guardrail_output OUT in 1257ms
2026-04-28 06:59:45,028 INFO graph [REC-00047] GRAPH END timings={'guardrail_input': 586, 'triage': 2308, 'risk': 4895, 'report': 1, 'guardrail_output': 1257}
2026-04-28 06:59:45,513 INFO graph [REC-00050] AGENT=triage OUT in 2059ms category=Fraude/Segurança product=Investimentos urgency=Crítica
2026-04-28 06:59:45,514 INFO graph [REC-00050] AGENT=risk IN triage_keys=['category', 'product', 'sentiment', 'urgency', 'summary']
2026-04-28 06:59:46,028 INFO graph [REC-00051] GRAPH START
2026-04-28 06:59:46,029 INFO graph [REC-00051] AGENT=guardrail_input IN text_len=431
2026-04-28 06:59:46,598 INFO agent.guardrail guardrail INPUT action=NONE
2026-04-28 06:59:46,598 INFO graph [REC-00051] AGENT=guardrail_input OUT in 569ms blocked=False reason=None
2026-04-28 06:59:46,599 INFO graph [REC-00051] AGENT=triage IN text_len=431 product_hint=Empréstimo
2026-04-28 06:59:48,614 INFO graph [REC-00051] AGENT=triage OUT in 2015ms category=Outros product=Não Identificado urgency=Média
2026-04-28 06:59:48,614 INFO graph [REC-00051] AGENT=risk IN triage_keys=['category', 'product', 'sentiment', 'urgency', 'summary']
2026-04-28 06:59:53,248 INFO agent.risk risk usou 4 trechos da política (top-k=4)
2026-04-28 06:59:53,248 INFO graph [REC-00051] AGENT=risk OUT in 4634ms level=Crítico rag_chunks=4
2026-04-28 06:59:53,248 INFO graph [REC-00051] AGENT=report IN
2026-04-28 06:59:53,248 INFO graph [REC-00051] AGENT=report OUT in 0ms
2026-04-28 06:59:53,249 INFO graph [REC-00051] AGENT=guardrail_output IN
2026-04-28 06:59:53,264 INFO agent.risk risk usou 4 trechos da política (top-k=4)
2026-04-28 06:59:53,264 INFO graph [REC-00050] AGENT=risk OUT in 7750ms level=Crítico rag_chunks=4
2026-04-28 06:59:53,265 INFO graph [REC-00050] AGENT=report IN
2026-04-28 06:59:53,265 INFO graph [REC-00050] AGENT=report OUT in 0ms
2026-04-28 06:59:53,265 INFO graph [REC-00050] AGENT=guardrail_output IN
2026-04-28 06:59:54,461 WARNING agent.guardrail guardrail OUTPUT bloqueou campo=risk_justification — usando regex como fallback
2026-04-28 06:59:54,461 INFO graph [REC-00051] AGENT=guardrail_output OUT in 1212ms
2026-04-28 06:59:54,462 INFO graph [REC-00051] GRAPH END timings={'guardrail_input': 569, 'triage': 2015, 'risk': 4634, 'report': 0, 'guardrail_output': 1212}
2026-04-28 06:59:54,487 INFO graph [REC-00050] AGENT=guardrail_output OUT in 1222ms
2026-04-28 06:59:54,488 INFO graph [REC-00050] GRAPH END timings={'guardrail_input': 574, 'triage': 2059, 'risk': 7750, 'report': 0, 'guardrail_output': 1222}
2026-04-28 06:59:55,462 INFO graph [REC-00052] GRAPH START
2026-04-28 06:59:55,464 INFO graph [REC-00052] AGENT=guardrail_input IN text_len=657
2026-04-28 06:59:55,488 INFO graph [REC-00053] GRAPH START
2026-04-28 06:59:55,489 INFO graph [REC-00053] AGENT=guardrail_input IN text_len=636
2026-04-28 06:59:56,047 INFO agent.guardrail guardrail INPUT action=NONE
2026-04-28 06:59:56,048 INFO graph [REC-00053] AGENT=guardrail_input OUT in 559ms blocked=False reason=None
2026-04-28 06:59:56,049 INFO graph [REC-00053] AGENT=triage IN text_len=636 product_hint=Empréstimo
2026-04-28 06:59:56,103 INFO agent.guardrail guardrail INPUT action=NONE
2026-04-28 06:59:56,103 INFO graph [REC-00052] AGENT=guardrail_input OUT in 639ms blocked=False reason=None
2026-04-28 06:59:56,104 INFO graph [REC-00052] AGENT=triage IN text_len=657 product_hint=Cartão de Crédito
2026-04-28 06:59:58,154 INFO graph [REC-00052] AGENT=triage OUT in 2050ms category=Cobrança Indevida product=Cartão de Crédito urgency=Alta
2026-04-28 06:59:58,154 INFO graph [REC-00052] AGENT=risk IN triage_keys=['category', 'product', 'sentiment', 'urgency', 'summary']
2026-04-28 06:59:58,977 INFO graph [REC-00053] AGENT=triage OUT in 2928ms category=Cobrança Indevida product=Empréstimo urgency=Alta
2026-04-28 06:59:58,978 INFO graph [REC-00053] AGENT=risk IN triage_keys=['category', 'product', 'sentiment', 'urgency', 'summary']
2026-04-28 07:00:03,745 INFO agent.risk risk usou 4 trechos da política (top-k=4)
2026-04-28 07:00:03,745 INFO graph [REC-00053] AGENT=risk OUT in 4767ms level=Alto rag_chunks=4
2026-04-28 07:00:03,746 INFO graph [REC-00053] AGENT=report IN
2026-04-28 07:00:03,746 INFO graph [REC-00053] AGENT=report OUT in 0ms
2026-04-28 07:00:03,747 INFO graph [REC-00053] AGENT=guardrail_output IN
2026-04-28 07:00:05,018 WARNING agent.guardrail guardrail OUTPUT bloqueou campo=risk_justification — usando regex como fallback
2026-04-28 07:00:05,019 INFO graph [REC-00053] AGENT=guardrail_output OUT in 1272ms
2026-04-28 07:00:05,019 INFO graph [REC-00053] GRAPH END timings={'guardrail_input': 559, 'triage': 2928, 'risk': 4767, 'report': 0, 'guardrail_output': 1272}
2026-04-28 07:00:05,516 INFO agent.risk risk usou 4 trechos da política (top-k=4)
2026-04-28 07:00:05,516 INFO graph [REC-00052] AGENT=risk OUT in 7362ms level=Alto rag_chunks=4
2026-04-28 07:00:05,517 INFO graph [REC-00052] AGENT=report IN
2026-04-28 07:00:05,517 INFO graph [REC-00052] AGENT=report OUT in 0ms
2026-04-28 07:00:05,518 INFO graph [REC-00052] AGENT=guardrail_output IN
2026-04-28 07:00:06,020 INFO graph [REC-00054] GRAPH START
2026-04-28 07:00:06,022 INFO graph [REC-00054] AGENT=guardrail_input IN text_len=611
2026-04-28 07:00:06,623 INFO agent.guardrail guardrail INPUT action=GUARDRAIL_INTERVENED
2026-04-28 07:00:06,623 INFO graph [REC-00054] AGENT=guardrail_input OUT in 601ms blocked=True reason=bedrock_guardrail
2026-04-28 07:00:06,624 INFO graph [REC-00054] GRAPH END timings={'guardrail_input': 601}
2026-04-28 07:00:06,624 WARNING app [REC-00054] bloqueada pelo guardrail
2026-04-28 07:00:06,677 WARNING agent.guardrail guardrail OUTPUT bloqueou campo=risk_justification — usando regex como fallback
2026-04-28 07:00:06,678 INFO graph [REC-00052] AGENT=guardrail_output OUT in 1160ms
2026-04-28 07:00:06,679 INFO graph [REC-00052] GRAPH END timings={'guardrail_input': 639, 'triage': 2050, 'risk': 7362, 'report': 0, 'guardrail_output': 1160}
2026-04-28 07:00:07,625 INFO graph [REC-00055] GRAPH START
2026-04-28 07:00:07,627 INFO graph [REC-00055] AGENT=guardrail_input IN text_len=638
2026-04-28 07:00:07,680 INFO graph [REC-00056] GRAPH START
2026-04-28 07:00:07,681 INFO graph [REC-00056] AGENT=guardrail_input IN text_len=640
2026-04-28 07:00:08,225 INFO agent.guardrail guardrail INPUT action=NONE
2026-04-28 07:00:08,225 INFO graph [REC-00055] AGENT=guardrail_input OUT in 598ms blocked=False reason=None
2026-04-28 07:00:08,226 INFO graph [REC-00055] AGENT=triage IN text_len=638 product_hint=None
2026-04-28 07:00:08,304 INFO agent.guardrail guardrail INPUT action=NONE
2026-04-28 07:00:08,304 INFO graph [REC-00056] AGENT=guardrail_input OUT in 623ms blocked=False reason=None
2026-04-28 07:00:08,305 INFO graph [REC-00056] AGENT=triage IN text_len=640 product_hint=Seguros
2026-04-28 07:00:10,453 INFO graph [REC-00055] AGENT=triage OUT in 2227ms category=Cobrança Indevida product=Não Identificado urgency=Crítica
2026-04-28 07:00:10,454 INFO graph [REC-00055] AGENT=risk IN triage_keys=['category', 'product', 'sentiment', 'urgency', 'summary']
2026-04-28 07:00:10,517 INFO graph [REC-00056] AGENT=triage OUT in 2212ms category=Cobrança Indevida product=Seguros urgency=Crítica
2026-04-28 07:00:10,518 INFO graph [REC-00056] AGENT=risk IN triage_keys=['category', 'product', 'sentiment', 'urgency', 'summary']
2026-04-28 07:00:15,940 INFO agent.risk risk usou 4 trechos da política (top-k=4)
2026-04-28 07:00:15,940 INFO graph [REC-00056] AGENT=risk OUT in 5422ms level=Crítico rag_chunks=4
2026-04-28 07:00:15,941 INFO graph [REC-00056] AGENT=report IN
2026-04-28 07:00:15,941 INFO graph [REC-00056] AGENT=report OUT in 0ms
2026-04-28 07:00:15,941 INFO graph [REC-00056] AGENT=guardrail_output IN
2026-04-28 07:00:16,111 INFO agent.risk risk usou 4 trechos da política (top-k=4)
2026-04-28 07:00:16,111 INFO graph [REC-00055] AGENT=risk OUT in 5657ms level=Crítico rag_chunks=4
2026-04-28 07:00:16,111 INFO graph [REC-00055] AGENT=report IN
2026-04-28 07:00:16,111 INFO graph [REC-00055] AGENT=report OUT in 0ms
2026-04-28 07:00:16,112 INFO graph [REC-00055] AGENT=guardrail_output IN
2026-04-28 07:00:17,098 WARNING agent.guardrail guardrail OUTPUT bloqueou campo=risk_justification — usando regex como fallback
2026-04-28 07:00:17,098 INFO graph [REC-00056] AGENT=guardrail_output OUT in 1157ms
2026-04-28 07:00:17,099 INFO graph [REC-00056] GRAPH END timings={'guardrail_input': 623, 'triage': 2212, 'risk': 5422, 'report': 0, 'guardrail_output': 1157}
2026-04-28 07:00:17,217 WARNING agent.guardrail guardrail OUTPUT bloqueou campo=risk_justification — usando regex como fallback
2026-04-28 07:00:17,217 INFO graph [REC-00055] AGENT=guardrail_output OUT in 1105ms
2026-04-28 07:00:17,218 INFO graph [REC-00055] GRAPH END timings={'guardrail_input': 598, 'triage': 2227, 'risk': 5657, 'report': 0, 'guardrail_output': 1105}
2026-04-28 07:00:18,099 INFO graph [REC-00057] GRAPH START
2026-04-28 07:00:18,101 INFO graph [REC-00057] AGENT=guardrail_input IN text_len=422
2026-04-28 07:00:18,218 INFO graph [REC-00058] GRAPH START
2026-04-28 07:00:18,219 INFO graph [REC-00058] AGENT=guardrail_input IN text_len=616
2026-04-28 07:00:18,652 INFO agent.guardrail guardrail INPUT action=GUARDRAIL_INTERVENED
2026-04-28 07:00:18,652 INFO graph [REC-00057] AGENT=guardrail_input OUT in 551ms blocked=True reason=bedrock_guardrail
2026-04-28 07:00:18,653 INFO graph [REC-00057] GRAPH END timings={'guardrail_input': 551}
2026-04-28 07:00:18,654 WARNING app [REC-00057] bloqueada pelo guardrail
2026-04-28 07:00:18,792 INFO agent.guardrail guardrail INPUT action=NONE
2026-04-28 07:00:18,792 INFO graph [REC-00058] AGENT=guardrail_input OUT in 573ms blocked=False reason=None
2026-04-28 07:00:18,794 INFO graph [REC-00058] AGENT=triage IN text_len=616 product_hint=Conta Corrente
2026-04-28 07:00:19,654 INFO graph [REC-00059] GRAPH START
2026-04-28 07:00:19,656 INFO graph [REC-00059] AGENT=guardrail_input IN text_len=471
2026-04-28 07:00:20,229 INFO agent.guardrail guardrail INPUT action=NONE
2026-04-28 07:00:20,229 INFO graph [REC-00059] AGENT=guardrail_input OUT in 573ms blocked=False reason=None
2026-04-28 07:00:20,231 INFO graph [REC-00059] AGENT=triage IN text_len=471 product_hint=Investimentos
2026-04-28 07:00:20,958 INFO graph [REC-00058] AGENT=triage OUT in 2164ms category=Cobrança Indevida product=Conta Corrente urgency=Crítica
2026-04-28 07:00:20,959 INFO graph [REC-00058] AGENT=risk IN triage_keys=['category', 'product', 'sentiment', 'urgency', 'summary']
2026-04-28 07:00:22,955 INFO graph [REC-00059] AGENT=triage OUT in 2724ms category=Cobrança Indevida product=Investimentos urgency=Média
2026-04-28 07:00:22,956 INFO graph [REC-00059] AGENT=risk IN triage_keys=['category', 'product', 'sentiment', 'urgency', 'summary']
2026-04-28 07:00:27,955 INFO agent.risk risk usou 4 trechos da política (top-k=4)
2026-04-28 07:00:27,955 INFO graph [REC-00059] AGENT=risk OUT in 4999ms level=Médio rag_chunks=4
2026-04-28 07:00:27,956 INFO graph [REC-00059] AGENT=report IN
2026-04-28 07:00:27,957 INFO graph [REC-00059] AGENT=report OUT in 1ms
2026-04-28 07:00:27,957 INFO graph [REC-00059] AGENT=guardrail_output IN
2026-04-28 07:00:28,726 INFO agent.risk risk usou 4 trechos da política (top-k=4)
2026-04-28 07:00:28,726 INFO graph [REC-00058] AGENT=risk OUT in 7767ms level=Alto rag_chunks=4
2026-04-28 07:00:28,726 INFO graph [REC-00058] AGENT=report IN
2026-04-28 07:00:28,727 INFO graph [REC-00058] AGENT=report OUT in 1ms
2026-04-28 07:00:28,727 INFO graph [REC-00058] AGENT=guardrail_output IN
2026-04-28 07:00:29,194 INFO graph [REC-00059] AGENT=guardrail_output OUT in 1237ms
2026-04-28 07:00:29,195 INFO graph [REC-00059] GRAPH END timings={'guardrail_input': 573, 'triage': 2724, 'risk': 4999, 'report': 1, 'guardrail_output': 1237}
2026-04-28 07:00:29,841 INFO graph [REC-00058] AGENT=guardrail_output OUT in 1114ms
2026-04-28 07:00:29,842 INFO graph [REC-00058] GRAPH END timings={'guardrail_input': 573, 'triage': 2164, 'risk': 7767, 'report': 1, 'guardrail_output': 1114}
2026-04-28 07:00:30,194 INFO graph [REC-00060] GRAPH START
2026-04-28 07:00:30,195 INFO graph [REC-00060] AGENT=guardrail_input IN text_len=592
2026-04-28 07:00:30,757 INFO agent.guardrail guardrail INPUT action=NONE
2026-04-28 07:00:30,757 INFO graph [REC-00060] AGENT=guardrail_input OUT in 562ms blocked=False reason=None
2026-04-28 07:00:30,758 INFO graph [REC-00060] AGENT=triage IN text_len=592 product_hint=Conta Corrente
2026-04-28 07:00:30,840 INFO graph [REC-00061] GRAPH START
2026-04-28 07:00:30,842 INFO graph [REC-00061] AGENT=guardrail_input IN text_len=566
2026-04-28 07:00:31,462 INFO agent.guardrail guardrail INPUT action=NONE
2026-04-28 07:00:31,462 INFO graph [REC-00061] AGENT=guardrail_input OUT in 620ms blocked=False reason=None
2026-04-28 07:00:31,464 INFO graph [REC-00061] AGENT=triage IN text_len=566 product_hint=Investimentos
2026-04-28 07:00:32,843 INFO graph [REC-00060] AGENT=triage OUT in 2085ms category=Produto/Serviço product=Conta Corrente urgency=Alta
2026-04-28 07:00:32,843 INFO graph [REC-00060] AGENT=risk IN triage_keys=['category', 'product', 'sentiment', 'urgency', 'summary']
2026-04-28 07:00:33,421 INFO graph [REC-00061] AGENT=triage OUT in 1957ms category=Cobrança Indevida product=Investimentos urgency=Crítica
2026-04-28 07:00:33,422 INFO graph [REC-00061] AGENT=risk IN triage_keys=['category', 'product', 'sentiment', 'urgency', 'summary']
2026-04-28 07:00:38,089 INFO agent.risk risk usou 4 trechos da política (top-k=4)
2026-04-28 07:00:38,089 INFO graph [REC-00060] AGENT=risk OUT in 5246ms level=Alto rag_chunks=4
2026-04-28 07:00:38,090 INFO graph [REC-00060] AGENT=report IN
2026-04-28 07:00:38,090 INFO graph [REC-00060] AGENT=report OUT in 0ms
2026-04-28 07:00:38,091 INFO graph [REC-00060] AGENT=guardrail_output IN
2026-04-28 07:00:38,751 INFO agent.risk risk usou 4 trechos da política (top-k=4)
2026-04-28 07:00:38,751 INFO graph [REC-00061] AGENT=risk OUT in 5329ms level=Alto rag_chunks=4
2026-04-28 07:00:38,751 INFO graph [REC-00061] AGENT=report IN
2026-04-28 07:00:38,751 INFO graph [REC-00061] AGENT=report OUT in 0ms
2026-04-28 07:00:38,751 INFO graph [REC-00061] AGENT=guardrail_output IN
2026-04-28 07:00:39,288 INFO graph [REC-00060] AGENT=guardrail_output OUT in 1197ms
2026-04-28 07:00:39,289 INFO graph [REC-00060] GRAPH END timings={'guardrail_input': 562, 'triage': 2085, 'risk': 5246, 'report': 0, 'guardrail_output': 1197}
2026-04-28 07:00:39,325 WARNING agent.guardrail guardrail OUTPUT bloqueou campo=summary — usando regex como fallback
2026-04-28 07:00:39,939 WARNING agent.guardrail guardrail OUTPUT bloqueou campo=risk_justification — usando regex como fallback
2026-04-28 07:00:39,939 INFO graph [REC-00061] AGENT=guardrail_output OUT in 1188ms
2026-04-28 07:00:39,940 INFO graph [REC-00061] GRAPH END timings={'guardrail_input': 620, 'triage': 1957, 'risk': 5329, 'report': 0, 'guardrail_output': 1188}
2026-04-28 07:00:40,289 INFO graph [REC-00062] GRAPH START
2026-04-28 07:00:40,291 INFO graph [REC-00062] AGENT=guardrail_input IN text_len=643
2026-04-28 07:00:40,862 INFO agent.guardrail guardrail INPUT action=NONE
2026-04-28 07:00:40,863 INFO graph [REC-00062] AGENT=guardrail_input OUT in 572ms blocked=False reason=None
2026-04-28 07:00:40,864 INFO graph [REC-00062] AGENT=triage IN text_len=643 product_hint=Cartão de Crédito
2026-04-28 07:00:40,941 INFO graph [REC-00063] GRAPH START
2026-04-28 07:00:40,942 INFO graph [REC-00063] AGENT=guardrail_input IN text_len=413
2026-04-28 07:00:41,521 INFO agent.guardrail guardrail INPUT action=NONE
2026-04-28 07:00:41,521 INFO graph [REC-00063] AGENT=guardrail_input OUT in 579ms blocked=False reason=None
2026-04-28 07:00:41,522 INFO graph [REC-00063] AGENT=triage IN text_len=413 product_hint=None
2026-04-28 07:00:43,067 INFO graph [REC-00062] AGENT=triage OUT in 2203ms category=Cobrança Indevida product=Cartão de Crédito urgency=Média
2026-04-28 07:00:43,068 INFO graph [REC-00062] AGENT=risk IN triage_keys=['category', 'product', 'sentiment', 'urgency', 'summary']
2026-04-28 07:00:43,251 INFO graph [REC-00063] AGENT=triage OUT in 1729ms category=Cancelamento product=Conta Corrente urgency=Média
2026-04-28 07:00:43,252 INFO graph [REC-00063] AGENT=risk IN triage_keys=['category', 'product', 'sentiment', 'urgency', 'summary']
2026-04-28 07:00:50,694 INFO agent.risk risk usou 4 trechos da política (top-k=4)
2026-04-28 07:00:50,694 INFO graph [REC-00062] AGENT=risk OUT in 7626ms level=Médio rag_chunks=4
2026-04-28 07:00:50,694 INFO graph [REC-00062] AGENT=report IN
2026-04-28 07:00:50,694 INFO graph [REC-00062] AGENT=report OUT in 0ms
2026-04-28 07:00:50,695 INFO graph [REC-00062] AGENT=guardrail_output IN
2026-04-28 07:00:50,993 INFO agent.risk risk usou 4 trechos da política (top-k=4)
2026-04-28 07:00:50,993 INFO graph [REC-00063] AGENT=risk OUT in 7741ms level=Médio rag_chunks=4
2026-04-28 07:00:50,994 INFO graph [REC-00063] AGENT=report IN
2026-04-28 07:00:50,995 INFO graph [REC-00063] AGENT=report OUT in 1ms
2026-04-28 07:00:50,995 INFO graph [REC-00063] AGENT=guardrail_output IN
2026-04-28 07:00:51,895 INFO graph [REC-00062] AGENT=guardrail_output OUT in 1200ms
2026-04-28 07:00:51,896 INFO graph [REC-00062] GRAPH END timings={'guardrail_input': 572, 'triage': 2203, 'risk': 7626, 'report': 0, 'guardrail_output': 1200}
2026-04-28 07:00:52,360 INFO graph [REC-00063] AGENT=guardrail_output OUT in 1365ms
2026-04-28 07:00:52,361 INFO graph [REC-00063] GRAPH END timings={'guardrail_input': 579, 'triage': 1729, 'risk': 7741, 'report': 1, 'guardrail_output': 1365}
2026-04-28 07:00:52,896 INFO graph [REC-00064] GRAPH START
2026-04-28 07:00:52,898 INFO graph [REC-00064] AGENT=guardrail_input IN text_len=542
2026-04-28 07:00:53,362 INFO graph [REC-00065] GRAPH START
2026-04-28 07:00:53,364 INFO graph [REC-00065] AGENT=guardrail_input IN text_len=710
2026-04-28 07:00:53,475 INFO agent.guardrail guardrail INPUT action=GUARDRAIL_INTERVENED
2026-04-28 07:00:53,475 INFO graph [REC-00064] AGENT=guardrail_input OUT in 577ms blocked=True reason=bedrock_guardrail
2026-04-28 07:00:53,477 INFO graph [REC-00064] GRAPH END timings={'guardrail_input': 577}
2026-04-28 07:00:53,477 WARNING app [REC-00064] bloqueada pelo guardrail
2026-04-28 07:00:54,133 INFO agent.guardrail guardrail INPUT action=NONE
2026-04-28 07:00:54,133 INFO graph [REC-00065] AGENT=guardrail_input OUT in 769ms blocked=False reason=None
2026-04-28 07:00:54,134 INFO graph [REC-00065] AGENT=triage IN text_len=710 product_hint=Conta Corrente
2026-04-28 07:00:54,477 INFO graph [REC-00066] GRAPH START
2026-04-28 07:00:54,479 INFO graph [REC-00066] AGENT=guardrail_input IN text_len=378
2026-04-28 07:00:55,066 INFO agent.guardrail guardrail INPUT action=GUARDRAIL_INTERVENED
2026-04-28 07:00:55,066 INFO graph [REC-00066] AGENT=guardrail_input OUT in 587ms blocked=True reason=bedrock_guardrail
2026-04-28 07:00:55,068 INFO graph [REC-00066] GRAPH END timings={'guardrail_input': 587}
2026-04-28 07:00:55,068 WARNING app [REC-00066] bloqueada pelo guardrail
2026-04-28 07:00:56,069 INFO graph [REC-00067] GRAPH START
2026-04-28 07:00:56,070 INFO graph [REC-00067] AGENT=guardrail_input IN text_len=527
2026-04-28 07:00:56,267 INFO graph [REC-00065] AGENT=triage OUT in 2133ms category=Atendimento product=Conta Corrente urgency=Crítica
2026-04-28 07:00:56,268 INFO graph [REC-00065] AGENT=risk IN triage_keys=['category', 'product', 'sentiment', 'urgency', 'summary']
2026-04-28 07:00:56,754 INFO agent.guardrail guardrail INPUT action=GUARDRAIL_INTERVENED
2026-04-28 07:00:56,754 INFO graph [REC-00067] AGENT=guardrail_input OUT in 684ms blocked=True reason=bedrock_guardrail
2026-04-28 07:00:56,756 INFO graph [REC-00067] GRAPH END timings={'guardrail_input': 684}
2026-04-28 07:00:56,756 WARNING app [REC-00067] bloqueada pelo guardrail
2026-04-28 07:00:57,757 INFO graph [REC-00068] GRAPH START
2026-04-28 07:00:57,758 INFO graph [REC-00068] AGENT=guardrail_input IN text_len=421
2026-04-28 07:00:58,411 INFO agent.guardrail guardrail INPUT action=NONE
2026-04-28 07:00:58,411 INFO graph [REC-00068] AGENT=guardrail_input OUT in 653ms blocked=False reason=None
2026-04-28 07:00:58,412 INFO graph [REC-00068] AGENT=triage IN text_len=421 product_hint=None
2026-04-28 07:01:00,498 INFO graph [REC-00068] AGENT=triage OUT in 2086ms category=Outros product=Não Identificado urgency=Crítica
2026-04-28 07:01:00,499 INFO graph [REC-00068] AGENT=risk IN triage_keys=['category', 'product', 'sentiment', 'urgency', 'summary']
2026-04-28 07:01:03,096 INFO agent.risk risk usou 4 trechos da política (top-k=4)
2026-04-28 07:01:03,096 INFO graph [REC-00065] AGENT=risk OUT in 6828ms level=Crítico rag_chunks=4
2026-04-28 07:01:03,097 INFO graph [REC-00065] AGENT=report IN
2026-04-28 07:01:03,098 INFO graph [REC-00065] AGENT=report OUT in 1ms
2026-04-28 07:01:03,098 INFO graph [REC-00065] AGENT=guardrail_output IN
2026-04-28 07:01:04,257 INFO graph [REC-00065] AGENT=guardrail_output OUT in 1159ms
2026-04-28 07:01:04,258 INFO graph [REC-00065] GRAPH END timings={'guardrail_input': 769, 'triage': 2133, 'risk': 6828, 'report': 1, 'guardrail_output': 1159}
2026-04-28 07:01:05,258 INFO graph [REC-00069] GRAPH START
2026-04-28 07:01:05,260 INFO graph [REC-00069] AGENT=guardrail_input IN text_len=435
2026-04-28 07:01:05,845 INFO agent.guardrail guardrail INPUT action=NONE
2026-04-28 07:01:05,845 INFO graph [REC-00069] AGENT=guardrail_input OUT in 585ms blocked=False reason=None
2026-04-28 07:01:05,846 INFO graph [REC-00069] AGENT=triage IN text_len=435 product_hint=None
2026-04-28 07:01:07,751 INFO agent.risk risk usou 4 trechos da política (top-k=4)
2026-04-28 07:01:07,751 INFO graph [REC-00068] AGENT=risk OUT in 7252ms level=Crítico rag_chunks=4
2026-04-28 07:01:07,751 INFO graph [REC-00068] AGENT=report IN
2026-04-28 07:01:07,751 INFO graph [REC-00068] AGENT=report OUT in 0ms
2026-04-28 07:01:07,752 INFO graph [REC-00068] AGENT=guardrail_output IN
2026-04-28 07:01:07,791 INFO graph [REC-00069] AGENT=triage OUT in 1945ms category=Outros product=Não Identificado urgency=Baixa
2026-04-28 07:01:07,792 INFO graph [REC-00069] AGENT=risk IN triage_keys=['category', 'product', 'sentiment', 'urgency', 'summary']
2026-04-28 07:01:08,360 WARNING agent.guardrail guardrail OUTPUT bloqueou campo=summary — usando regex como fallback
2026-04-28 07:01:08,947 WARNING agent.guardrail guardrail OUTPUT bloqueou campo=risk_justification — usando regex como fallback
2026-04-28 07:01:08,947 INFO graph [REC-00068] AGENT=guardrail_output OUT in 1195ms
2026-04-28 07:01:08,948 INFO graph [REC-00068] GRAPH END timings={'guardrail_input': 653, 'triage': 2086, 'risk': 7252, 'report': 0, 'guardrail_output': 1195}
2026-04-28 07:01:09,949 INFO graph [REC-00070] GRAPH START
2026-04-28 07:01:09,951 INFO graph [REC-00070] AGENT=guardrail_input IN text_len=412
2026-04-28 07:01:10,514 INFO agent.guardrail guardrail INPUT action=GUARDRAIL_INTERVENED
2026-04-28 07:01:10,515 INFO graph [REC-00070] AGENT=guardrail_input OUT in 564ms blocked=True reason=bedrock_guardrail
2026-04-28 07:01:10,516 INFO graph [REC-00070] GRAPH END timings={'guardrail_input': 564}
2026-04-28 07:01:10,516 WARNING app [REC-00070] bloqueada pelo guardrail
2026-04-28 07:01:11,517 INFO graph [REC-00071] GRAPH START
2026-04-28 07:01:11,519 INFO graph [REC-00071] AGENT=guardrail_input IN text_len=421
2026-04-28 07:01:12,074 INFO agent.guardrail guardrail INPUT action=GUARDRAIL_INTERVENED
2026-04-28 07:01:12,075 INFO graph [REC-00071] AGENT=guardrail_input OUT in 556ms blocked=True reason=bedrock_guardrail
2026-04-28 07:01:12,076 INFO graph [REC-00071] GRAPH END timings={'guardrail_input': 556}
2026-04-28 07:01:12,077 WARNING app [REC-00071] bloqueada pelo guardrail
2026-04-28 07:01:12,898 INFO agent.risk risk usou 4 trechos da política (top-k=4)
2026-04-28 07:01:12,898 INFO graph [REC-00069] AGENT=risk OUT in 5106ms level=Crítico rag_chunks=4
2026-04-28 07:01:12,899 INFO graph [REC-00069] AGENT=report IN
2026-04-28 07:01:12,899 INFO graph [REC-00069] AGENT=report OUT in 0ms
2026-04-28 07:01:12,900 INFO graph [REC-00069] AGENT=guardrail_output IN
2026-04-28 07:01:13,077 INFO graph [REC-00072] GRAPH START
2026-04-28 07:01:13,079 INFO graph [REC-00072] AGENT=guardrail_input IN text_len=615
2026-04-28 07:01:13,500 WARNING agent.guardrail guardrail OUTPUT bloqueou campo=summary — usando regex como fallback
2026-04-28 07:01:13,645 INFO agent.guardrail guardrail INPUT action=NONE
2026-04-28 07:01:13,645 INFO graph [REC-00072] AGENT=guardrail_input OUT in 566ms blocked=False reason=None
2026-04-28 07:01:13,646 INFO graph [REC-00072] AGENT=triage IN text_len=615 product_hint=Conta Corrente
2026-04-28 07:01:14,117 WARNING agent.guardrail guardrail OUTPUT bloqueou campo=risk_justification — usando regex como fallback
2026-04-28 07:01:14,118 INFO graph [REC-00069] AGENT=guardrail_output OUT in 1218ms
2026-04-28 07:01:14,119 INFO graph [REC-00069] GRAPH END timings={'guardrail_input': 585, 'triage': 1945, 'risk': 5106, 'report': 0, 'guardrail_output': 1218}
2026-04-28 07:01:15,120 INFO graph [REC-00073] GRAPH START
2026-04-28 07:01:15,121 INFO graph [REC-00073] AGENT=guardrail_input IN text_len=670
2026-04-28 07:01:15,687 INFO agent.guardrail guardrail INPUT action=NONE
2026-04-28 07:01:15,688 INFO graph [REC-00073] AGENT=guardrail_input OUT in 567ms blocked=False reason=None
2026-04-28 07:01:15,689 INFO graph [REC-00073] AGENT=triage IN text_len=670 product_hint=Empréstimo
2026-04-28 07:01:16,152 INFO graph [REC-00072] AGENT=triage OUT in 2506ms category=Fraude/Segurança product=Conta Corrente urgency=Crítica
2026-04-28 07:01:16,153 INFO graph [REC-00072] AGENT=risk IN triage_keys=['category', 'product', 'sentiment', 'urgency', 'summary']
2026-04-28 07:01:18,557 INFO graph [REC-00073] AGENT=triage OUT in 2868ms category=Cobrança Indevida product=Empréstimo urgency=Crítica
2026-04-28 07:01:18,558 INFO graph [REC-00073] AGENT=risk IN triage_keys=['category', 'product', 'sentiment', 'urgency', 'summary']
2026-04-28 07:01:20,920 INFO agent.risk risk usou 4 trechos da política (top-k=4)
2026-04-28 07:01:20,920 INFO graph [REC-00072] AGENT=risk OUT in 4767ms level=Crítico rag_chunks=4
2026-04-28 07:01:20,921 INFO graph [REC-00072] AGENT=report IN
2026-04-28 07:01:20,921 INFO graph [REC-00072] AGENT=report OUT in 0ms
2026-04-28 07:01:20,921 INFO graph [REC-00072] AGENT=guardrail_output IN
2026-04-28 07:01:22,132 WARNING agent.guardrail guardrail OUTPUT bloqueou campo=risk_justification — usando regex como fallback
2026-04-28 07:01:22,132 INFO graph [REC-00072] AGENT=guardrail_output OUT in 1211ms
2026-04-28 07:01:22,132 INFO graph [REC-00072] GRAPH END timings={'guardrail_input': 566, 'triage': 2506, 'risk': 4767, 'report': 0, 'guardrail_output': 1211}
2026-04-28 07:01:23,133 INFO graph [REC-00074] GRAPH START
2026-04-28 07:01:23,135 INFO graph [REC-00074] AGENT=guardrail_input IN text_len=513
2026-04-28 07:01:23,727 INFO agent.guardrail guardrail INPUT action=NONE
2026-04-28 07:01:23,728 INFO graph [REC-00074] AGENT=guardrail_input OUT in 593ms blocked=False reason=None
2026-04-28 07:01:23,729 INFO graph [REC-00074] AGENT=triage IN text_len=513 product_hint=None
2026-04-28 07:01:24,341 INFO agent.risk risk usou 4 trechos da política (top-k=4)
2026-04-28 07:01:24,341 INFO graph [REC-00073] AGENT=risk OUT in 5783ms level=Crítico rag_chunks=4
2026-04-28 07:01:24,342 INFO graph [REC-00073] AGENT=report IN
2026-04-28 07:01:24,342 INFO graph [REC-00073] AGENT=report OUT in 0ms
2026-04-28 07:01:24,342 INFO graph [REC-00073] AGENT=guardrail_output IN
2026-04-28 07:01:25,597 WARNING agent.guardrail guardrail OUTPUT bloqueou campo=risk_justification — usando regex como fallback
2026-04-28 07:01:25,597 INFO graph [REC-00073] AGENT=guardrail_output OUT in 1255ms
2026-04-28 07:01:25,598 INFO graph [REC-00073] GRAPH END timings={'guardrail_input': 567, 'triage': 2868, 'risk': 5783, 'report': 0, 'guardrail_output': 1255}
2026-04-28 07:01:26,162 INFO graph [REC-00074] AGENT=triage OUT in 2433ms category=Produto/Serviço product=Conta Corrente urgency=Alta
2026-04-28 07:01:26,162 INFO graph [REC-00074] AGENT=risk IN triage_keys=['category', 'product', 'sentiment', 'urgency', 'summary']
2026-04-28 07:01:26,599 INFO graph [REC-00075] GRAPH START
2026-04-28 07:01:26,601 INFO graph [REC-00075] AGENT=guardrail_input IN text_len=524
2026-04-28 07:01:27,172 INFO agent.guardrail guardrail INPUT action=NONE
2026-04-28 07:01:27,172 INFO graph [REC-00075] AGENT=guardrail_input OUT in 571ms blocked=False reason=None
2026-04-28 07:01:27,174 INFO graph [REC-00075] AGENT=triage IN text_len=524 product_hint=Investimentos
2026-04-28 07:01:29,141 INFO graph [REC-00075] AGENT=triage OUT in 1967ms category=Cobrança Indevida product=Investimentos urgency=Média
2026-04-28 07:01:29,142 INFO graph [REC-00075] AGENT=risk IN triage_keys=['category', 'product', 'sentiment', 'urgency', 'summary']
2026-04-28 07:01:33,420 INFO agent.risk risk usou 4 trechos da política (top-k=4)
2026-04-28 07:01:33,420 INFO graph [REC-00074] AGENT=risk OUT in 7258ms level=Médio rag_chunks=4
2026-04-28 07:01:33,421 INFO graph [REC-00074] AGENT=report IN
2026-04-28 07:01:33,421 INFO graph [REC-00074] AGENT=report OUT in 0ms
2026-04-28 07:01:33,422 INFO graph [REC-00074] AGENT=guardrail_output IN
2026-04-28 07:01:34,594 INFO graph [REC-00074] AGENT=guardrail_output OUT in 1172ms
2026-04-28 07:01:34,595 INFO graph [REC-00074] GRAPH END timings={'guardrail_input': 593, 'triage': 2433, 'risk': 7258, 'report': 0, 'guardrail_output': 1172}
2026-04-28 07:01:35,595 INFO graph [REC-00076] GRAPH START
2026-04-28 07:01:35,597 INFO graph [REC-00076] AGENT=guardrail_input IN text_len=662
2026-04-28 07:01:36,217 INFO agent.guardrail guardrail INPUT action=NONE
2026-04-28 07:01:36,217 INFO graph [REC-00076] AGENT=guardrail_input OUT in 620ms blocked=False reason=None
2026-04-28 07:01:36,217 INFO graph [REC-00076] AGENT=triage IN text_len=662 product_hint=Investimentos
2026-04-28 07:01:36,934 INFO agent.risk risk usou 4 trechos da política (top-k=4)
2026-04-28 07:01:36,934 INFO graph [REC-00075] AGENT=risk OUT in 7792ms level=Médio rag_chunks=4
2026-04-28 07:01:36,935 INFO graph [REC-00075] AGENT=report IN
2026-04-28 07:01:36,935 INFO graph [REC-00075] AGENT=report OUT in 0ms
2026-04-28 07:01:36,935 INFO graph [REC-00075] AGENT=guardrail_output IN
2026-04-28 07:01:38,073 INFO graph [REC-00075] AGENT=guardrail_output OUT in 1138ms
2026-04-28 07:01:38,074 INFO graph [REC-00075] GRAPH END timings={'guardrail_input': 571, 'triage': 1967, 'risk': 7792, 'report': 0, 'guardrail_output': 1138}
2026-04-28 07:01:38,252 INFO graph [REC-00076] AGENT=triage OUT in 2035ms category=Cobrança Indevida product=Investimentos urgency=Alta
2026-04-28 07:01:38,252 INFO graph [REC-00076] AGENT=risk IN triage_keys=['category', 'product', 'sentiment', 'urgency', 'summary']
2026-04-28 07:01:39,074 INFO graph [REC-00077] GRAPH START
2026-04-28 07:01:39,076 INFO graph [REC-00077] AGENT=guardrail_input IN text_len=719
2026-04-28 07:01:39,688 INFO agent.guardrail guardrail INPUT action=NONE
2026-04-28 07:01:39,689 INFO graph [REC-00077] AGENT=guardrail_input OUT in 613ms blocked=False reason=None
2026-04-28 07:01:39,690 INFO graph [REC-00077] AGENT=triage IN text_len=719 product_hint=Cartão de Crédito
2026-04-28 07:01:42,333 INFO graph [REC-00077] AGENT=triage OUT in 2643ms category=Cobrança Indevida product=Cartão de Crédito urgency=Alta
2026-04-28 07:01:42,334 INFO graph [REC-00077] AGENT=risk IN triage_keys=['category', 'product', 'sentiment', 'urgency', 'summary']
2026-04-28 07:01:43,352 INFO agent.risk risk usou 4 trechos da política (top-k=4)
2026-04-28 07:01:43,353 INFO graph [REC-00076] AGENT=risk OUT in 5101ms level=Alto rag_chunks=4
2026-04-28 07:01:43,354 INFO graph [REC-00076] AGENT=report IN
2026-04-28 07:01:43,354 INFO graph [REC-00076] AGENT=report OUT in 0ms
2026-04-28 07:01:43,354 INFO graph [REC-00076] AGENT=guardrail_output IN
2026-04-28 07:01:43,933 WARNING agent.guardrail guardrail OUTPUT bloqueou campo=summary — usando regex como fallback
2026-04-28 07:01:44,512 WARNING agent.guardrail guardrail OUTPUT bloqueou campo=risk_justification — usando regex como fallback
2026-04-28 07:01:44,513 INFO graph [REC-00076] AGENT=guardrail_output OUT in 1159ms
2026-04-28 07:01:44,514 INFO graph [REC-00076] GRAPH END timings={'guardrail_input': 620, 'triage': 2035, 'risk': 5101, 'report': 0, 'guardrail_output': 1159}
2026-04-28 07:01:45,515 INFO graph [REC-00078] GRAPH START
2026-04-28 07:01:45,517 INFO graph [REC-00078] AGENT=guardrail_input IN text_len=678
2026-04-28 07:01:46,301 INFO agent.guardrail guardrail INPUT action=NONE
2026-04-28 07:01:46,301 INFO graph [REC-00078] AGENT=guardrail_input OUT in 784ms blocked=False reason=None
2026-04-28 07:01:46,302 INFO graph [REC-00078] AGENT=triage IN text_len=678 product_hint=Conta Corrente
2026-04-28 07:01:48,422 INFO graph [REC-00078] AGENT=triage OUT in 2120ms category=Cobrança Indevida product=Conta Corrente urgency=Crítica
2026-04-28 07:01:48,423 INFO graph [REC-00078] AGENT=risk IN triage_keys=['category', 'product', 'sentiment', 'urgency', 'summary']
2026-04-28 07:01:50,235 INFO agent.risk risk usou 4 trechos da política (top-k=4)
2026-04-28 07:01:50,236 INFO graph [REC-00077] AGENT=risk OUT in 7902ms level=Médio rag_chunks=4
2026-04-28 07:01:50,237 INFO graph [REC-00077] AGENT=report IN
2026-04-28 07:01:50,237 INFO graph [REC-00077] AGENT=report OUT in 0ms
2026-04-28 07:01:50,237 INFO graph [REC-00077] AGENT=guardrail_output IN
2026-04-28 07:01:51,463 WARNING agent.guardrail guardrail OUTPUT bloqueou campo=risk_justification — usando regex como fallback
2026-04-28 07:01:51,464 INFO graph [REC-00077] AGENT=guardrail_output OUT in 1227ms
2026-04-28 07:01:51,464 INFO graph [REC-00077] GRAPH END timings={'guardrail_input': 613, 'triage': 2643, 'risk': 7902, 'report': 0, 'guardrail_output': 1227}
2026-04-28 07:01:52,465 INFO graph [REC-00079] GRAPH START
2026-04-28 07:01:52,467 INFO graph [REC-00079] AGENT=guardrail_input IN text_len=608
2026-04-28 07:01:53,028 INFO agent.guardrail guardrail INPUT action=NONE
2026-04-28 07:01:53,029 INFO graph [REC-00079] AGENT=guardrail_input OUT in 562ms blocked=False reason=None
2026-04-28 07:01:53,030 INFO graph [REC-00079] AGENT=triage IN text_len=608 product_hint=Seguros
2026-04-28 07:01:53,856 INFO agent.risk risk usou 4 trechos da política (top-k=4)
2026-04-28 07:01:53,856 INFO graph [REC-00078] AGENT=risk OUT in 5433ms level=Crítico rag_chunks=4
2026-04-28 07:01:53,857 INFO graph [REC-00078] AGENT=report IN
2026-04-28 07:01:53,857 INFO graph [REC-00078] AGENT=report OUT in 0ms
2026-04-28 07:01:53,858 INFO graph [REC-00078] AGENT=guardrail_output IN
2026-04-28 07:01:54,468 WARNING agent.guardrail guardrail OUTPUT bloqueou campo=summary — usando regex como fallback
2026-04-28 07:01:55,048 INFO graph [REC-00078] AGENT=guardrail_output OUT in 1190ms
2026-04-28 07:01:55,049 INFO graph [REC-00078] GRAPH END timings={'guardrail_input': 784, 'triage': 2120, 'risk': 5433, 'report': 0, 'guardrail_output': 1190}
2026-04-28 07:01:55,848 INFO graph [REC-00079] AGENT=triage OUT in 2818ms category=Atendimento product=Seguros urgency=Alta
2026-04-28 07:01:55,849 INFO graph [REC-00079] AGENT=risk IN triage_keys=['category', 'product', 'sentiment', 'urgency', 'summary']
2026-04-28 07:01:56,050 INFO graph [REC-00080] GRAPH START
2026-04-28 07:01:56,052 INFO graph [REC-00080] AGENT=guardrail_input IN text_len=554
2026-04-28 07:01:56,609 INFO agent.guardrail guardrail INPUT action=NONE
2026-04-28 07:01:56,609 INFO graph [REC-00080] AGENT=guardrail_input OUT in 557ms blocked=False reason=None
2026-04-28 07:01:56,611 INFO graph [REC-00080] AGENT=triage IN text_len=554 product_hint=Conta Corrente
2026-04-28 07:02:00,813 INFO graph [REC-00080] AGENT=triage OUT in 4202ms category=Atendimento product=Conta Corrente urgency=Crítica
2026-04-28 07:02:00,814 INFO graph [REC-00080] AGENT=risk IN triage_keys=['category', 'product', 'sentiment', 'urgency', 'summary']
2026-04-28 07:02:01,463 INFO agent.risk risk usou 4 trechos da política (top-k=4)
2026-04-28 07:02:01,463 INFO graph [REC-00079] AGENT=risk OUT in 5615ms level=Alto rag_chunks=4
2026-04-28 07:02:01,464 INFO graph [REC-00079] AGENT=report IN
2026-04-28 07:02:01,464 INFO graph [REC-00079] AGENT=report OUT in 0ms
2026-04-28 07:02:01,465 INFO graph [REC-00079] AGENT=guardrail_output IN
2026-04-28 07:02:02,052 WARNING agent.guardrail guardrail OUTPUT bloqueou campo=summary — usando regex como fallback
2026-04-28 07:02:02,620 WARNING agent.guardrail guardrail OUTPUT bloqueou campo=risk_justification — usando regex como fallback
2026-04-28 07:02:02,621 INFO graph [REC-00079] AGENT=guardrail_output OUT in 1156ms
2026-04-28 07:02:02,622 INFO graph [REC-00079] GRAPH END timings={'guardrail_input': 562, 'triage': 2818, 'risk': 5615, 'report': 0, 'guardrail_output': 1156}
2026-04-28 07:02:03,623 INFO graph [REC-00081] GRAPH START
2026-04-28 07:02:03,624 INFO graph [REC-00081] AGENT=guardrail_input IN text_len=481
2026-04-28 07:02:04,208 INFO agent.guardrail guardrail INPUT action=NONE
2026-04-28 07:02:04,209 INFO graph [REC-00081] AGENT=guardrail_input OUT in 585ms blocked=False reason=None
2026-04-28 07:02:04,210 INFO graph [REC-00081] AGENT=triage IN text_len=481 product_hint=Conta Corrente
2026-04-28 07:02:05,964 INFO agent.risk risk usou 4 trechos da política (top-k=4)
2026-04-28 07:02:05,964 INFO graph [REC-00080] AGENT=risk OUT in 5150ms level=Alto rag_chunks=4
2026-04-28 07:02:05,965 INFO graph [REC-00080] AGENT=report IN
2026-04-28 07:02:05,965 INFO graph [REC-00080] AGENT=report OUT in 0ms
2026-04-28 07:02:05,966 INFO graph [REC-00080] AGENT=guardrail_output IN
2026-04-28 07:02:07,247 INFO graph [REC-00080] AGENT=guardrail_output OUT in 1281ms
2026-04-28 07:02:07,247 INFO graph [REC-00080] GRAPH END timings={'guardrail_input': 557, 'triage': 4202, 'risk': 5150, 'report': 0, 'guardrail_output': 1281}
2026-04-28 07:02:08,248 INFO graph [REC-00082] GRAPH START
2026-04-28 07:02:08,249 INFO graph [REC-00082] AGENT=guardrail_input IN text_len=577
2026-04-28 07:02:08,589 INFO graph [REC-00081] AGENT=triage OUT in 4379ms category=Cobrança Indevida product=Conta Corrente urgency=Média
2026-04-28 07:02:08,590 INFO graph [REC-00081] AGENT=risk IN triage_keys=['category', 'product', 'sentiment', 'urgency', 'summary']
2026-04-28 07:02:08,830 INFO agent.guardrail guardrail INPUT action=NONE
2026-04-28 07:02:08,831 INFO graph [REC-00082] AGENT=guardrail_input OUT in 582ms blocked=False reason=None
2026-04-28 07:02:08,832 INFO graph [REC-00082] AGENT=triage IN text_len=577 product_hint=Cartão de Crédito
2026-04-28 07:02:11,977 INFO graph [REC-00082] AGENT=triage OUT in 3145ms category=Cobrança Indevida product=Cartão de Crédito urgency=Alta
2026-04-28 07:02:11,978 INFO graph [REC-00082] AGENT=risk IN triage_keys=['category', 'product', 'sentiment', 'urgency', 'summary']
2026-04-28 07:02:13,485 INFO agent.risk risk usou 4 trechos da política (top-k=4)
2026-04-28 07:02:13,485 INFO graph [REC-00081] AGENT=risk OUT in 4895ms level=Médio rag_chunks=4
2026-04-28 07:02:13,485 INFO graph [REC-00081] AGENT=report IN
2026-04-28 07:02:13,485 INFO graph [REC-00081] AGENT=report OUT in 0ms
2026-04-28 07:02:13,486 INFO graph [REC-00081] AGENT=guardrail_output IN
2026-04-28 07:02:14,646 INFO graph [REC-00081] AGENT=guardrail_output OUT in 1160ms
2026-04-28 07:02:14,646 INFO graph [REC-00081] GRAPH END timings={'guardrail_input': 585, 'triage': 4379, 'risk': 4895, 'report': 0, 'guardrail_output': 1160}
2026-04-28 07:02:15,647 INFO graph [REC-00083] GRAPH START
2026-04-28 07:02:15,649 INFO graph [REC-00083] AGENT=guardrail_input IN text_len=652
2026-04-28 07:02:16,196 INFO agent.guardrail guardrail INPUT action=NONE
2026-04-28 07:02:16,197 INFO graph [REC-00083] AGENT=guardrail_input OUT in 548ms blocked=False reason=None
2026-04-28 07:02:16,197 INFO graph [REC-00083] AGENT=triage IN text_len=652 product_hint=None
2026-04-28 07:02:18,309 INFO graph [REC-00083] AGENT=triage OUT in 2112ms category=Cobrança Indevida product=Conta Corrente urgency=Crítica
2026-04-28 07:02:18,311 INFO graph [REC-00083] AGENT=risk IN triage_keys=['category', 'product', 'sentiment', 'urgency', 'summary']
2026-04-28 07:02:18,657 INFO agent.risk risk usou 4 trechos da política (top-k=4)
2026-04-28 07:02:18,657 INFO graph [REC-00082] AGENT=risk OUT in 6679ms level=Alto rag_chunks=4
2026-04-28 07:02:18,657 INFO graph [REC-00082] AGENT=report IN
2026-04-28 07:02:18,657 INFO graph [REC-00082] AGENT=report OUT in 0ms
2026-04-28 07:02:18,657 INFO graph [REC-00082] AGENT=guardrail_output IN
2026-04-28 07:02:19,876 INFO graph [REC-00082] AGENT=guardrail_output OUT in 1219ms
2026-04-28 07:02:19,877 INFO graph [REC-00082] GRAPH END timings={'guardrail_input': 582, 'triage': 3145, 'risk': 6679, 'report': 0, 'guardrail_output': 1219}
2026-04-28 07:02:20,878 INFO graph [REC-00084] GRAPH START
2026-04-28 07:02:20,879 INFO graph [REC-00084] AGENT=guardrail_input IN text_len=632
2026-04-28 07:02:21,438 INFO agent.guardrail guardrail INPUT action=NONE
2026-04-28 07:02:21,439 INFO graph [REC-00084] AGENT=guardrail_input OUT in 560ms blocked=False reason=None
2026-04-28 07:02:21,440 INFO graph [REC-00084] AGENT=triage IN text_len=632 product_hint=Conta Corrente
2026-04-28 07:02:23,448 INFO graph [REC-00084] AGENT=triage OUT in 2008ms category=Cancelamento product=Conta Corrente urgency=Crítica
2026-04-28 07:02:23,449 INFO graph [REC-00084] AGENT=risk IN triage_keys=['category', 'product', 'sentiment', 'urgency', 'summary']
2026-04-28 07:02:24,195 INFO agent.risk risk usou 4 trechos da política (top-k=4)
2026-04-28 07:02:24,195 INFO graph [REC-00083] AGENT=risk OUT in 5884ms level=Crítico rag_chunks=4
2026-04-28 07:02:24,195 INFO graph [REC-00083] AGENT=report IN
2026-04-28 07:02:24,196 INFO graph [REC-00083] AGENT=report OUT in 1ms
2026-04-28 07:02:24,196 INFO graph [REC-00083] AGENT=guardrail_output IN
2026-04-28 07:02:25,353 INFO graph [REC-00083] AGENT=guardrail_output OUT in 1157ms
2026-04-28 07:02:25,353 INFO graph [REC-00083] GRAPH END timings={'guardrail_input': 548, 'triage': 2112, 'risk': 5884, 'report': 1, 'guardrail_output': 1157}
2026-04-28 07:02:26,354 INFO graph [REC-00085] GRAPH START
2026-04-28 07:02:26,356 INFO graph [REC-00085] AGENT=guardrail_input IN text_len=733
2026-04-28 07:02:26,934 INFO agent.guardrail guardrail INPUT action=NONE
2026-04-28 07:02:26,934 INFO graph [REC-00085] AGENT=guardrail_input OUT in 578ms blocked=False reason=None
2026-04-28 07:02:26,936 INFO graph [REC-00085] AGENT=triage IN text_len=733 product_hint=Conta Corrente
2026-04-28 07:02:29,140 INFO graph [REC-00085] AGENT=triage OUT in 2204ms category=Produto/Serviço product=Conta Corrente urgency=Alta
2026-04-28 07:02:29,141 INFO graph [REC-00085] AGENT=risk IN triage_keys=['category', 'product', 'sentiment', 'urgency', 'summary']
2026-04-28 07:02:29,661 INFO agent.risk risk usou 4 trechos da política (top-k=4)
2026-04-28 07:02:29,661 INFO graph [REC-00084] AGENT=risk OUT in 6212ms level=Alto rag_chunks=4
2026-04-28 07:02:29,661 INFO graph [REC-00084] AGENT=report IN
2026-04-28 07:02:29,661 INFO graph [REC-00084] AGENT=report OUT in 0ms
2026-04-28 07:02:29,662 INFO graph [REC-00084] AGENT=guardrail_output IN
2026-04-28 07:02:30,778 INFO graph [REC-00084] AGENT=guardrail_output OUT in 1116ms
2026-04-28 07:02:30,779 INFO graph [REC-00084] GRAPH END timings={'guardrail_input': 560, 'triage': 2008, 'risk': 6212, 'report': 0, 'guardrail_output': 1116}
2026-04-28 07:02:31,780 INFO graph [REC-00086] GRAPH START
2026-04-28 07:02:31,782 INFO graph [REC-00086] AGENT=guardrail_input IN text_len=555
2026-04-28 07:02:32,350 INFO agent.guardrail guardrail INPUT action=NONE
2026-04-28 07:02:32,351 INFO graph [REC-00086] AGENT=guardrail_input OUT in 569ms blocked=False reason=None
2026-04-28 07:02:32,352 INFO graph [REC-00086] AGENT=triage IN text_len=555 product_hint=None
2026-04-28 07:02:34,394 INFO graph [REC-00086] AGENT=triage OUT in 2042ms category=Cobrança Indevida product=Não Identificado urgency=Alta
2026-04-28 07:02:34,395 INFO graph [REC-00086] AGENT=risk IN triage_keys=['category', 'product', 'sentiment', 'urgency', 'summary']
2026-04-28 07:02:34,489 INFO agent.risk risk usou 4 trechos da política (top-k=4)
2026-04-28 07:02:34,489 INFO graph [REC-00085] AGENT=risk OUT in 5348ms level=Alto rag_chunks=4
2026-04-28 07:02:34,490 INFO graph [REC-00085] AGENT=report IN
2026-04-28 07:02:34,490 INFO graph [REC-00085] AGENT=report OUT in 1ms
2026-04-28 07:02:34,490 INFO graph [REC-00085] AGENT=guardrail_output IN
2026-04-28 07:02:35,714 INFO graph [REC-00085] AGENT=guardrail_output OUT in 1224ms
2026-04-28 07:02:35,715 INFO graph [REC-00085] GRAPH END timings={'guardrail_input': 578, 'triage': 2204, 'risk': 5348, 'report': 1, 'guardrail_output': 1224}
2026-04-28 07:02:36,716 INFO graph [REC-00087] GRAPH START
2026-04-28 07:02:36,718 INFO graph [REC-00087] AGENT=guardrail_input IN text_len=571
2026-04-28 07:02:37,310 INFO agent.guardrail guardrail INPUT action=NONE
2026-04-28 07:02:37,311 INFO graph [REC-00087] AGENT=guardrail_input OUT in 593ms blocked=False reason=None
2026-04-28 07:02:37,312 INFO graph [REC-00087] AGENT=triage IN text_len=571 product_hint=None
2026-04-28 07:02:39,712 INFO graph [REC-00087] AGENT=triage OUT in 2400ms category=Cobrança Indevida product=Conta Corrente urgency=Alta
2026-04-28 07:02:39,712 INFO graph [REC-00087] AGENT=risk IN triage_keys=['category', 'product', 'sentiment', 'urgency', 'summary']
2026-04-28 07:02:41,626 INFO agent.risk risk usou 4 trechos da política (top-k=4)
2026-04-28 07:02:41,626 INFO graph [REC-00086] AGENT=risk OUT in 7231ms level=Médio rag_chunks=4
2026-04-28 07:02:41,627 INFO graph [REC-00086] AGENT=report IN
2026-04-28 07:02:41,627 INFO graph [REC-00086] AGENT=report OUT in 0ms
2026-04-28 07:02:41,628 INFO graph [REC-00086] AGENT=guardrail_output IN
2026-04-28 07:02:42,799 INFO graph [REC-00086] AGENT=guardrail_output OUT in 1171ms
2026-04-28 07:02:42,800 INFO graph [REC-00086] GRAPH END timings={'guardrail_input': 569, 'triage': 2042, 'risk': 7231, 'report': 0, 'guardrail_output': 1171}
2026-04-28 07:02:43,800 INFO graph [REC-00088] GRAPH START
2026-04-28 07:02:43,802 INFO graph [REC-00088] AGENT=guardrail_input IN text_len=690
2026-04-28 07:02:44,375 INFO agent.guardrail guardrail INPUT action=NONE
2026-04-28 07:02:44,376 INFO graph [REC-00088] AGENT=guardrail_input OUT in 574ms blocked=False reason=None
2026-04-28 07:02:44,377 INFO graph [REC-00088] AGENT=triage IN text_len=690 product_hint=Seguros
2026-04-28 07:02:44,928 INFO agent.risk risk usou 4 trechos da política (top-k=4)
2026-04-28 07:02:44,928 INFO graph [REC-00087] AGENT=risk OUT in 5216ms level=Alto rag_chunks=4
2026-04-28 07:02:44,929 INFO graph [REC-00087] AGENT=report IN
2026-04-28 07:02:44,929 INFO graph [REC-00087] AGENT=report OUT in 0ms
2026-04-28 07:02:44,930 INFO graph [REC-00087] AGENT=guardrail_output IN
2026-04-28 07:02:46,237 INFO graph [REC-00087] AGENT=guardrail_output OUT in 1307ms
2026-04-28 07:02:46,238 INFO graph [REC-00087] GRAPH END timings={'guardrail_input': 593, 'triage': 2400, 'risk': 5216, 'report': 0, 'guardrail_output': 1307}
2026-04-28 07:02:46,995 INFO graph [REC-00088] AGENT=triage OUT in 2618ms category=Produto/Serviço product=Seguros urgency=Crítica
2026-04-28 07:02:46,995 INFO graph [REC-00088] AGENT=risk IN triage_keys=['category', 'product', 'sentiment', 'urgency', 'summary']
2026-04-28 07:02:47,239 INFO graph [REC-00089] GRAPH START
2026-04-28 07:02:47,241 INFO graph [REC-00089] AGENT=guardrail_input IN text_len=527
2026-04-28 07:02:47,811 INFO agent.guardrail guardrail INPUT action=GUARDRAIL_INTERVENED
2026-04-28 07:02:47,812 INFO graph [REC-00089] AGENT=guardrail_input OUT in 571ms blocked=True reason=bedrock_guardrail
2026-04-28 07:02:47,813 INFO graph [REC-00089] GRAPH END timings={'guardrail_input': 571}
2026-04-28 07:02:47,813 WARNING app [REC-00089] bloqueada pelo guardrail
2026-04-28 07:02:48,814 INFO graph [REC-00090] GRAPH START
2026-04-28 07:02:48,816 INFO graph [REC-00090] AGENT=guardrail_input IN text_len=593
2026-04-28 07:02:49,380 INFO agent.guardrail guardrail INPUT action=NONE
2026-04-28 07:02:49,381 INFO graph [REC-00090] AGENT=guardrail_input OUT in 565ms blocked=False reason=None
2026-04-28 07:02:49,382 INFO graph [REC-00090] AGENT=triage IN text_len=593 product_hint=Investimentos
2026-04-28 07:02:51,876 INFO graph [REC-00090] AGENT=triage OUT in 2494ms category=Produto/Serviço product=Investimentos urgency=Crítica
2026-04-28 07:02:51,877 INFO graph [REC-00090] AGENT=risk IN triage_keys=['category', 'product', 'sentiment', 'urgency', 'summary']
2026-04-28 07:02:54,169 INFO agent.risk risk usou 4 trechos da política (top-k=4)
2026-04-28 07:02:54,169 INFO graph [REC-00088] AGENT=risk OUT in 7174ms level=Crítico rag_chunks=4
2026-04-28 07:02:54,170 INFO graph [REC-00088] AGENT=report IN
2026-04-28 07:02:54,170 INFO graph [REC-00088] AGENT=report OUT in 0ms
2026-04-28 07:02:54,171 INFO graph [REC-00088] AGENT=guardrail_output IN
2026-04-28 07:02:55,299 WARNING agent.guardrail guardrail OUTPUT bloqueou campo=risk_justification — usando regex como fallback
2026-04-28 07:02:55,300 INFO graph [REC-00088] AGENT=guardrail_output OUT in 1129ms
2026-04-28 07:02:55,301 INFO graph [REC-00088] GRAPH END timings={'guardrail_input': 574, 'triage': 2618, 'risk': 7174, 'report': 0, 'guardrail_output': 1129}
2026-04-28 07:02:56,301 INFO graph [REC-00091] GRAPH START
2026-04-28 07:02:56,302 INFO graph [REC-00091] AGENT=guardrail_input IN text_len=428
2026-04-28 07:02:56,711 INFO agent.risk risk usou 4 trechos da política (top-k=4)
2026-04-28 07:02:56,711 INFO graph [REC-00090] AGENT=risk OUT in 4834ms level=Crítico rag_chunks=4
2026-04-28 07:02:56,712 INFO graph [REC-00090] AGENT=report IN
2026-04-28 07:02:56,712 INFO graph [REC-00090] AGENT=report OUT in 0ms
2026-04-28 07:02:56,712 INFO graph [REC-00090] AGENT=guardrail_output IN
2026-04-28 07:02:56,860 INFO agent.guardrail guardrail INPUT action=NONE
2026-04-28 07:02:56,861 INFO graph [REC-00091] AGENT=guardrail_input OUT in 559ms blocked=False reason=None
2026-04-28 07:02:56,861 INFO graph [REC-00091] AGENT=triage IN text_len=428 product_hint=None
2026-04-28 07:02:57,278 WARNING agent.guardrail guardrail OUTPUT bloqueou campo=summary — usando regex como fallback
2026-04-28 07:02:57,901 WARNING agent.guardrail guardrail OUTPUT bloqueou campo=risk_justification — usando regex como fallback
2026-04-28 07:02:57,902 INFO graph [REC-00090] AGENT=guardrail_output OUT in 1190ms
2026-04-28 07:02:57,902 INFO graph [REC-00090] GRAPH END timings={'guardrail_input': 565, 'triage': 2494, 'risk': 4834, 'report': 0, 'guardrail_output': 1190}
2026-04-28 07:02:58,903 INFO graph [REC-00092] GRAPH START
2026-04-28 07:02:58,904 INFO graph [REC-00092] AGENT=guardrail_input IN text_len=443
2026-04-28 07:02:59,476 INFO agent.guardrail guardrail INPUT action=NONE
2026-04-28 07:02:59,477 INFO graph [REC-00092] AGENT=guardrail_input OUT in 573ms blocked=False reason=None
2026-04-28 07:02:59,478 INFO graph [REC-00092] AGENT=triage IN text_len=443 product_hint=Investimentos
2026-04-28 07:03:00,052 INFO graph [REC-00091] AGENT=triage OUT in 3191ms category=Outros product=Não Identificado urgency=Crítica
2026-04-28 07:03:00,054 INFO graph [REC-00091] AGENT=risk IN triage_keys=['category', 'product', 'sentiment', 'urgency', 'summary']
2026-04-28 07:03:01,441 INFO graph [REC-00092] AGENT=triage OUT in 1963ms category=Cobrança Indevida product=Investimentos urgency=Alta
2026-04-28 07:03:01,442 INFO graph [REC-00092] AGENT=risk IN triage_keys=['category', 'product', 'sentiment', 'urgency', 'summary']
2026-04-28 07:03:06,547 INFO agent.risk risk usou 4 trechos da política (top-k=4)
2026-04-28 07:03:06,547 INFO graph [REC-00091] AGENT=risk OUT in 6493ms level=Crítico rag_chunks=4
2026-04-28 07:03:06,548 INFO graph [REC-00091] AGENT=report IN
2026-04-28 07:03:06,548 INFO graph [REC-00091] AGENT=report OUT in 0ms
2026-04-28 07:03:06,549 INFO graph [REC-00091] AGENT=guardrail_output IN
2026-04-28 07:03:06,897 INFO agent.risk risk usou 4 trechos da política (top-k=4)
2026-04-28 07:03:06,897 INFO graph [REC-00092] AGENT=risk OUT in 5455ms level=Médio rag_chunks=4
2026-04-28 07:03:06,898 INFO graph [REC-00092] AGENT=report IN
2026-04-28 07:03:06,898 INFO graph [REC-00092] AGENT=report OUT in 0ms
2026-04-28 07:03:06,899 INFO graph [REC-00092] AGENT=guardrail_output IN
2026-04-28 07:03:07,162 WARNING agent.guardrail guardrail OUTPUT bloqueou campo=summary — usando regex como fallback
2026-04-28 07:03:07,717 WARNING agent.guardrail guardrail OUTPUT bloqueou campo=risk_justification — usando regex como fallback
2026-04-28 07:03:07,717 INFO graph [REC-00091] AGENT=guardrail_output OUT in 1168ms
2026-04-28 07:03:07,718 INFO graph [REC-00091] GRAPH END timings={'guardrail_input': 559, 'triage': 3191, 'risk': 6493, 'report': 0, 'guardrail_output': 1168}
2026-04-28 07:03:08,027 WARNING agent.guardrail guardrail OUTPUT bloqueou campo=risk_justification — usando regex como fallback
2026-04-28 07:03:08,027 INFO graph [REC-00092] AGENT=guardrail_output OUT in 1128ms
2026-04-28 07:03:08,028 INFO graph [REC-00092] GRAPH END timings={'guardrail_input': 573, 'triage': 1963, 'risk': 5455, 'report': 0, 'guardrail_output': 1128}
2026-04-28 07:03:08,719 INFO graph [REC-00093] GRAPH START
2026-04-28 07:03:08,721 INFO graph [REC-00093] AGENT=guardrail_input IN text_len=723
2026-04-28 07:03:09,029 INFO graph [REC-00094] GRAPH START
2026-04-28 07:03:09,031 INFO graph [REC-00094] AGENT=guardrail_input IN text_len=499
2026-04-28 07:03:09,443 INFO agent.guardrail guardrail INPUT action=NONE
2026-04-28 07:03:09,444 INFO graph [REC-00093] AGENT=guardrail_input OUT in 724ms blocked=False reason=None
2026-04-28 07:03:09,445 INFO graph [REC-00093] AGENT=triage IN text_len=723 product_hint=Conta Corrente
2026-04-28 07:03:09,588 INFO agent.guardrail guardrail INPUT action=NONE
2026-04-28 07:03:09,589 INFO graph [REC-00094] AGENT=guardrail_input OUT in 558ms blocked=False reason=None
2026-04-28 07:03:09,590 INFO graph [REC-00094] AGENT=triage IN text_len=499 product_hint=Seguros
2026-04-28 07:03:11,646 INFO graph [REC-00093] AGENT=triage OUT in 2201ms category=Cobrança Indevida product=Conta Corrente urgency=Alta
2026-04-28 07:03:11,647 INFO graph [REC-00093] AGENT=risk IN triage_keys=['category', 'product', 'sentiment', 'urgency', 'summary']
2026-04-28 07:03:11,942 INFO graph [REC-00094] AGENT=triage OUT in 2352ms category=Cobrança Indevida product=Seguros urgency=Alta
2026-04-28 07:03:11,943 INFO graph [REC-00094] AGENT=risk IN triage_keys=['category', 'product', 'sentiment', 'urgency', 'summary']
2026-04-28 07:03:18,953 INFO agent.risk risk usou 4 trechos da política (top-k=4)
2026-04-28 07:03:18,953 INFO graph [REC-00094] AGENT=risk OUT in 7010ms level=Alto rag_chunks=4
2026-04-28 07:03:18,954 INFO graph [REC-00094] AGENT=report IN
2026-04-28 07:03:18,954 INFO graph [REC-00094] AGENT=report OUT in 0ms
2026-04-28 07:03:18,955 INFO graph [REC-00094] AGENT=guardrail_output IN
2026-04-28 07:03:19,422 INFO agent.risk risk usou 4 trechos da política (top-k=4)
2026-04-28 07:03:19,422 INFO graph [REC-00093] AGENT=risk OUT in 7775ms level=Alto rag_chunks=4
2026-04-28 07:03:19,423 INFO graph [REC-00093] AGENT=report IN
2026-04-28 07:03:19,423 INFO graph [REC-00093] AGENT=report OUT in 0ms
2026-04-28 07:03:19,424 INFO graph [REC-00093] AGENT=guardrail_output IN
2026-04-28 07:03:20,160 WARNING agent.guardrail guardrail OUTPUT bloqueou campo=risk_justification — usando regex como fallback
2026-04-28 07:03:20,160 INFO graph [REC-00094] AGENT=guardrail_output OUT in 1205ms
2026-04-28 07:03:20,160 INFO graph [REC-00094] GRAPH END timings={'guardrail_input': 558, 'triage': 2352, 'risk': 7010, 'report': 0, 'guardrail_output': 1205}
2026-04-28 07:03:20,569 WARNING agent.guardrail guardrail OUTPUT bloqueou campo=risk_justification — usando regex como fallback
2026-04-28 07:03:20,570 INFO graph [REC-00093] AGENT=guardrail_output OUT in 1146ms
2026-04-28 07:03:20,571 INFO graph [REC-00093] GRAPH END timings={'guardrail_input': 724, 'triage': 2201, 'risk': 7775, 'report': 0, 'guardrail_output': 1146}
2026-04-28 07:03:21,161 INFO graph [REC-00095] GRAPH START
2026-04-28 07:03:21,164 INFO graph [REC-00095] AGENT=guardrail_input IN text_len=425
2026-04-28 07:03:21,572 INFO graph [REC-00096] GRAPH START
2026-04-28 07:03:21,574 INFO graph [REC-00096] AGENT=guardrail_input IN text_len=589
2026-04-28 07:03:21,779 INFO agent.guardrail guardrail INPUT action=NONE
2026-04-28 07:03:21,780 INFO graph [REC-00095] AGENT=guardrail_input OUT in 617ms blocked=False reason=None
2026-04-28 07:03:21,780 INFO graph [REC-00095] AGENT=triage IN text_len=425 product_hint=Conta Corrente
2026-04-28 07:03:22,119 INFO agent.guardrail guardrail INPUT action=NONE
2026-04-28 07:03:22,120 INFO graph [REC-00096] AGENT=guardrail_input OUT in 546ms blocked=False reason=None
2026-04-28 07:03:22,121 INFO graph [REC-00096] AGENT=triage IN text_len=589 product_hint=None
2026-04-28 07:03:23,609 INFO graph [REC-00095] AGENT=triage OUT in 1829ms category=Outros product=Não Identificado urgency=Crítica
2026-04-28 07:03:23,610 INFO graph [REC-00095] AGENT=risk IN triage_keys=['category', 'product', 'sentiment', 'urgency', 'summary']
2026-04-28 07:03:24,058 INFO graph [REC-00096] AGENT=triage OUT in 1937ms category=Atendimento product=Não Identificado urgency=Média
2026-04-28 07:03:24,059 INFO graph [REC-00096] AGENT=risk IN triage_keys=['category', 'product', 'sentiment', 'urgency', 'summary']
2026-04-28 07:03:29,823 INFO agent.risk risk usou 4 trechos da política (top-k=4)
2026-04-28 07:03:29,823 INFO graph [REC-00095] AGENT=risk OUT in 6213ms level=Crítico rag_chunks=4
2026-04-28 07:03:29,824 INFO graph [REC-00095] AGENT=report IN
2026-04-28 07:03:29,824 INFO graph [REC-00095] AGENT=report OUT in 0ms
2026-04-28 07:03:29,824 INFO graph [REC-00095] AGENT=guardrail_output IN
2026-04-28 07:03:30,054 INFO agent.risk risk usou 4 trechos da política (top-k=4)
2026-04-28 07:03:30,054 INFO graph [REC-00096] AGENT=risk OUT in 5995ms level=Médio rag_chunks=4
2026-04-28 07:03:30,056 INFO graph [REC-00096] AGENT=report IN
2026-04-28 07:03:30,056 INFO graph [REC-00096] AGENT=report OUT in 0ms
2026-04-28 07:03:30,056 INFO graph [REC-00096] AGENT=guardrail_output IN
2026-04-28 07:03:30,419 WARNING agent.guardrail guardrail OUTPUT bloqueou campo=summary — usando regex como fallback
2026-04-28 07:03:31,004 INFO graph [REC-00095] AGENT=guardrail_output OUT in 1180ms
2026-04-28 07:03:31,005 INFO graph [REC-00095] GRAPH END timings={'guardrail_input': 617, 'triage': 1829, 'risk': 6213, 'report': 0, 'guardrail_output': 1180}
2026-04-28 07:03:31,248 INFO graph [REC-00096] AGENT=guardrail_output OUT in 1192ms
2026-04-28 07:03:31,249 INFO graph [REC-00096] GRAPH END timings={'guardrail_input': 546, 'triage': 1937, 'risk': 5995, 'report': 0, 'guardrail_output': 1192}
2026-04-28 07:03:32,005 INFO graph [REC-00097] GRAPH START
2026-04-28 07:03:32,008 INFO graph [REC-00097] AGENT=guardrail_input IN text_len=647
2026-04-28 07:03:32,250 INFO graph [REC-00098] GRAPH START
2026-04-28 07:03:32,252 INFO graph [REC-00098] AGENT=guardrail_input IN text_len=649
2026-04-28 07:03:32,577 INFO agent.guardrail guardrail INPUT action=NONE
2026-04-28 07:03:32,577 INFO graph [REC-00097] AGENT=guardrail_input OUT in 569ms blocked=False reason=None
2026-04-28 07:03:32,577 INFO graph [REC-00097] AGENT=triage IN text_len=647 product_hint=None
2026-04-28 07:03:32,832 INFO agent.guardrail guardrail INPUT action=NONE
2026-04-28 07:03:32,833 INFO graph [REC-00098] AGENT=guardrail_input OUT in 581ms blocked=False reason=None
2026-04-28 07:03:32,834 INFO graph [REC-00098] AGENT=triage IN text_len=649 product_hint=Conta Corrente
2026-04-28 07:03:34,890 INFO graph [REC-00097] AGENT=triage OUT in 2313ms category=Atendimento product=Não Identificado urgency=Crítica
2026-04-28 07:03:34,891 INFO graph [REC-00097] AGENT=risk IN triage_keys=['category', 'product', 'sentiment', 'urgency', 'summary']
2026-04-28 07:03:35,144 INFO graph [REC-00098] AGENT=triage OUT in 2310ms category=Cancelamento product=Conta Corrente urgency=Crítica
2026-04-28 07:03:35,145 INFO graph [REC-00098] AGENT=risk IN triage_keys=['category', 'product', 'sentiment', 'urgency', 'summary']
2026-04-28 07:03:39,479 INFO agent.risk risk usou 4 trechos da política (top-k=4)
2026-04-28 07:03:39,479 INFO graph [REC-00098] AGENT=risk OUT in 4334ms level=Crítico rag_chunks=4
2026-04-28 07:03:39,480 INFO graph [REC-00098] AGENT=report IN
2026-04-28 07:03:39,480 INFO graph [REC-00098] AGENT=report OUT in 0ms
2026-04-28 07:03:39,480 INFO graph [REC-00098] AGENT=guardrail_output IN
2026-04-28 07:03:40,044 WARNING agent.guardrail guardrail OUTPUT bloqueou campo=summary — usando regex como fallback
2026-04-28 07:03:40,295 INFO agent.risk risk usou 4 trechos da política (top-k=4)
2026-04-28 07:03:40,296 INFO graph [REC-00097] AGENT=risk OUT in 5405ms level=Crítico rag_chunks=4
2026-04-28 07:03:40,296 INFO graph [REC-00097] AGENT=report IN
2026-04-28 07:03:40,297 INFO graph [REC-00097] AGENT=report OUT in 1ms
2026-04-28 07:03:40,297 INFO graph [REC-00097] AGENT=guardrail_output IN
2026-04-28 07:03:40,690 WARNING agent.guardrail guardrail OUTPUT bloqueou campo=risk_justification — usando regex como fallback
2026-04-28 07:03:40,690 INFO graph [REC-00098] AGENT=guardrail_output OUT in 1210ms
2026-04-28 07:03:40,690 INFO graph [REC-00098] GRAPH END timings={'guardrail_input': 581, 'triage': 2310, 'risk': 4334, 'report': 0, 'guardrail_output': 1210}
2026-04-28 07:03:41,500 WARNING agent.guardrail guardrail OUTPUT bloqueou campo=risk_justification — usando regex como fallback
2026-04-28 07:03:41,501 INFO graph [REC-00097] AGENT=guardrail_output OUT in 1204ms
2026-04-28 07:03:41,501 INFO graph [REC-00097] GRAPH END timings={'guardrail_input': 569, 'triage': 2313, 'risk': 5405, 'report': 1, 'guardrail_output': 1204}
2026-04-28 07:03:41,691 INFO graph [REC-00099] GRAPH START
2026-04-28 07:03:41,692 INFO graph [REC-00099] AGENT=guardrail_input IN text_len=588
2026-04-28 07:03:42,263 INFO agent.guardrail guardrail INPUT action=NONE
2026-04-28 07:03:42,264 INFO graph [REC-00099] AGENT=guardrail_input OUT in 572ms blocked=False reason=None
2026-04-28 07:03:42,265 INFO graph [REC-00099] AGENT=triage IN text_len=588 product_hint=Investimentos
2026-04-28 07:03:42,502 INFO graph [REC-00100] GRAPH START
2026-04-28 07:03:42,504 INFO graph [REC-00100] AGENT=guardrail_input IN text_len=652
2026-04-28 07:03:43,123 INFO agent.guardrail guardrail INPUT action=NONE
2026-04-28 07:03:43,124 INFO graph [REC-00100] AGENT=guardrail_input OUT in 620ms blocked=False reason=None
2026-04-28 07:03:43,125 INFO graph [REC-00100] AGENT=triage IN text_len=652 product_hint=Conta Corrente
2026-04-28 07:03:44,266 INFO graph [REC-00099] AGENT=triage OUT in 2001ms category=Atendimento product=Investimentos urgency=Alta
2026-04-28 07:03:44,267 INFO graph [REC-00099] AGENT=risk IN triage_keys=['category', 'product', 'sentiment', 'urgency', 'summary']
2026-04-28 07:03:45,275 INFO graph [REC-00100] AGENT=triage OUT in 2150ms category=Cobrança Indevida product=Conta Corrente urgency=Alta
2026-04-28 07:03:45,276 INFO graph [REC-00100] AGENT=risk IN triage_keys=['category', 'product', 'sentiment', 'urgency', 'summary']
2026-04-28 07:03:50,478 INFO agent.risk risk usou 4 trechos da política (top-k=4)
2026-04-28 07:03:50,478 INFO graph [REC-00099] AGENT=risk OUT in 6211ms level=Alto rag_chunks=4
2026-04-28 07:03:50,479 INFO graph [REC-00099] AGENT=report IN
2026-04-28 07:03:50,479 INFO graph [REC-00099] AGENT=report OUT in 0ms
2026-04-28 07:03:50,479 INFO graph [REC-00099] AGENT=guardrail_output IN
2026-04-28 07:03:51,101 INFO agent.risk risk usou 4 trechos da política (top-k=4)
2026-04-28 07:03:51,101 INFO graph [REC-00100] AGENT=risk OUT in 5825ms level=Médio rag_chunks=4
2026-04-28 07:03:51,102 INFO graph [REC-00100] AGENT=report IN
2026-04-28 07:03:51,102 INFO graph [REC-00100] AGENT=report OUT in 0ms
2026-04-28 07:03:51,103 INFO graph [REC-00100] AGENT=guardrail_output IN
2026-04-28 07:03:51,829 WARNING agent.guardrail guardrail OUTPUT bloqueou campo=risk_justification — usando regex como fallback
2026-04-28 07:03:51,830 INFO graph [REC-00099] AGENT=guardrail_output OUT in 1351ms
2026-04-28 07:03:51,831 INFO graph [REC-00099] GRAPH END timings={'guardrail_input': 572, 'triage': 2001, 'risk': 6211, 'report': 0, 'guardrail_output': 1351}
2026-04-28 07:03:52,596 INFO graph [REC-00100] AGENT=guardrail_output OUT in 1493ms
2026-04-28 07:03:52,597 INFO graph [REC-00100] GRAPH END timings={'guardrail_input': 620, 'triage': 2150, 'risk': 5825, 'report': 0, 'guardrail_output': 1493}
2026-04-28 07:03:52,598 INFO app batch passe 1/3: sucesso=100 throttled=0 (0%) | 475.5s | 12.6 reg/min
2026-04-28 07:03:52,598 INFO app AIMD ↑ throttle=0% → workers=2 delay=0.50s
INFO:     172.23.0.1:51712 - "POST /batch HTTP/1.1" 303 See Other
INFO:     172.23.0.1:51712 - "GET /output/report_2026-04-28-06-55-57.html HTTP/1.1" 200 OK
INFO:     172.23.0.1:37540 - "GET /reports HTTP/1.1" 200 OK
INFO:     172.23.0.1:37540 - "GET /output/report_2026-04-28-06-40-31.html HTTP/1.1" 304 Not Modified
INFO:     172.23.0.1:37540 - "GET /traces HTTP/1.1" 200 OK
INFO:     172.23.0.1:40680 - "GET /reports HTTP/1.1" 200 OK
INFO:     172.23.0.1:40680 - "GET /output/report_2026-04-28-06-55-57.html HTTP/1.1" 304 Not Modified
