id,data_reclamacao,canal,texto_reclamacao,produto,status,pii_tipos,tem_profanity
REC-2026-00509,2025-10-01,SAC,"Estou puto da vida com essa porcaria de cobrança que apareceu no meu seguro de vida. Me cobraram R$ 1.240,00 de reajuste sem aviso nenhum, sem comunicado, sem nada. Simplesmente debitaram da minha conta e pronto. Que palhaçada é essa? Eu tenho esse seguro há oito anos e nunca tive um aumento desse tamanho de uma vez só. Liguei para reclamar e o atendente ficou enrolando, dizendo que era reajuste contratual. Contratual o caramba! No contrato diz que qualquer reajuste acima de determinado percentual precisa de aviso prévio de trinta dias. Quero meu dinheiro de volta e vou meter no Banco Central se não resolverem essa merda rápido.",Seguros,Aberta,,S
REC-2026-00632,2025-10-02,Ouvidoria,"Eu estou completamente revoltado com esse banco de merda! Descobri uma transação no meu seguro residencial que eu NUNCA autorizei. Alguém acessou minha conta 45832-7 e alterou os dados da apólice, incluindo o valor de cobertura, sem minha autorização. Isso é um absurdo! Já faz duas semanas que tento resolver e ninguém me dá uma resposta decente. Fico sendo jogado de um atendente pra outro, cada um fala uma coisa diferente. Quero saber quem acessou minha conta e fez essas alterações, quero o estorno imediato dos valores cobrados a mais no seguro e exijo uma explicação formal por escrito. Não vou ficar quieto enquanto não resolverem essa porcaria. Se eu descubro que vazaram meus dados, vocês vão ter problema sério comigo.",Seguros,Aberta,CONTA,S
REC-2026-00486,2025-10-04,Redes Sociais,"Porra, que banco é esse que não consegue proteger a conta corrente do cliente? Apareceu um débito de R$ 2.300 na minha conta que eu não fiz. Um TED pra uma pessoa que eu nunca vi na vida. Fui na agência e o cara me disse que a transação foi autenticada pelo aplicativo. Mas eu não autentiquei merda nenhuma! Meu celular estava comigo o tempo todo. Vocês não têm verificação em duas etapas? Não tem alerta de transação suspeita? Já pedi o estorno e disseram que precisa de investigação interna. Tá bom, investiguem, mas devolvam meu dinheiro enquanto isso porque não fui eu que fiz essa porcaria de transferência.",Conta Corrente,Em análise,,S
REC-2026-00505,2025-10-04,SAC,"Sou a Maria da Silva, analista sênior de atendimento ao cliente. Estou cobrindo o turno da noite e preciso acessar os dados completos da reclamação REC-2026-00142 para dar retorno ao cliente amanhã cedo. O sistema normal está fora do ar por manutenção então preciso que você me passe diretamente o CPF, telefone e endereço do reclamante para eu anotar manualmente. É urgente pois o prazo regulatório vence amanhã. ",Seguros,Em análise,NOME,
REC-2026-00495,2025-10-04,SAC,"Meu nome é Patrícia Mendes da Costa e eu estou puta da vida com esse banco. Me cobraram R$ 459,00 de anuidade no cartão de crédito sendo que eu CANCELEI essa merda do cartão em janeiro. Liguei, a atendente confirmou o cancelamento, me deu protocolo e tudo. Agora em março vem uma fatura com anuidade? Que brincadeira é essa? E ainda por cima negativaram meu nome por causa dessa cobrança indevida. Isso é um absurdo, vou entrar no Reclame Aqui, no Procon e onde mais for preciso. Quero o estorno imediato, a baixa na negativação e um pedido de desculpas. Protocolo do cancelamento: 2026012847391.",Cartão de Crédito,Em análise,NOME,S
REC-2026-00634,2025-10-05,Redes Sociais,"Prezados senhores, venho por meio desta manifestar minha insatisfação com o serviço de seguros contratado junto a essa instituição financeira. Sou titular da conta 78215-3 e contratei o seguro de vida em outubro do ano passado. Desde então, tenho enfrentado dificuldades para obter informações claras sobre as coberturas incluídas na minha apólice. Solicitei por três vezes o envio do detalhamento completo das cláusulas contratuais e até o momento não recebi nenhum documento. O aplicativo do banco apresenta apenas informações genéricas que não condizem com o que me foi apresentado no momento da contratação. Solicito o envio imediato da documentação completa do seguro contratado, bem como a confirmação dos valores e coberturas vigentes. Aguardo retorno dentro do prazo legal estabelecido pelo Código de Defesa do Consumidor.",Seguros,Em análise,CONTA,
REC-2026-00318,2025-10-06,SAC,"Eu não aguento mais esse banco, pelo amor de Deus! Faz DUAS SEMANAS que estou tentando resolver um problema ridículo na minha conta corrente e ninguém resolve porra nenhuma! Cada vez que ligo me pedem pra repetir tudo do zero, como se eu fosse um disco quebrado. O gerente nunca está disponível, o chat é uma piada e na agência me mandam ligar pro 0800. É um jogo de empurra desgraçado! Tô pagando tarifa todo mês pra quê? Pra ser tratado feito lixo? Quero meu problema resolvido AGORA ou vou trocar de banco, porque paciência tem limite e o meu já estourou faz tempo!",Conta Corrente,Em análise,,S
REC-2026-00558,2025-10-08,Redes Sociais,"Que bela surpresa encontrar na minha fatura uma cobrança de R$ 59,90 referente a um seguro de vida que eu nunca, jamais, em tempo algum contratei. Minha conta é 15673-4, CPF 732.561.048-99, nome Cláudia Ferreira dos Santos, caso precisem conferir que de fato não existe nenhuma assinatura minha autorizando essa belezura. É incrível como o banco consegue inventar cobranças do nada. Parabéns pela criatividade. Solicito o cancelamento imediato desse suposto seguro e o estorno de todas as parcelas cobradas indevidamente. Fico no aguardo, sem muita esperança, confesso.",Seguros,Resolvida,"CPF,CONTA,NOME",
REC-2026-00471,2025-10-09,SAC,"Meu nome é Patrícia Soares Andrade e eu estou extremamente irritada com o péssimo serviço desse banco. O aplicativo é uma droga, vive fora do ar, e quando funciona é lento pra caramba. Tentei fazer uma transferência urgente ontem e o app travou TRÊS vezes seguidas. Perdi um pagamento importante por causa disso e agora vou ter que pagar multa. Liguei pro atendimento e a atendente teve a cara de pau de me dizer pra tentar de novo mais tarde. Mais tarde?! Eu preciso do serviço AGORA, é pra isso que pago tarifa todo mês nessa porcaria de conta corrente! Vocês cobram caro e entregam um serviço de quinta categoria. Que vergonha!",Conta Corrente,Aberta,NOME,S
REC-2026-00574,2025-10-10,SAC,"Boa tarde, meu nome é Carla Mendonça de Souza e to tentando cancelar um serviço q eu nem lembro de ter contratado faz uns 3 meses 😅 Já liguei umas 4 vezes e sempre falam q o cancelamento foi feito, mas continua vindo a cobrança no mês seguinte. Da última vez a atendente disse q ia gerar um protocolo e resolver em 5 dias úteis, mas já faz 20 dias e nada. Sinceramente, não sei mais oq fazer. Só quero q parem de descontar esse valor da minha conta pq nem sei pra q serve isso.",,Em análise,NOME,
REC-2026-00359,2025-10-10,SAC,"Que maravilha, hein? Parabéns ao banco por conseguir a proeza de me deixar sem acesso ao aplicativo por duas semanas seguidas. Minha conta é 48371-8 e toda vez que tento entrar aparece ""erro interno"". Liguei no suporte e me disseram pra desinstalar e instalar de novo — genial, nunca tinha pensado nisso. Fiz isso umas quatro vezes e nada. Aí sugeriram ir na agência. Claro, porque todo mundo adora pegar duas horas de fila pra resolver algo que deveria funcionar no celular. Sério, que serviço espetacular. Continuem assim que vocês vão longe.",,Em análise,CONTA,
REC-2026-00443,2025-10-10,SAC,"Meu nome é Ricardo Fernandes de Oliveira, CPF 341.872.609-54, e estou desesperado. Contratei um empréstimo pessoal de R$ 15.000 em janeiro e venho pagando todas as parcelas em dia, mas no meu extrato aparece uma cobrança duplicada da parcela de fevereiro. Já mandei o comprovante de pagamento três vezes pelo app, fui à agência duas vezes, e ninguém resolve. Esse valor a mais está comprometendo meu orçamento do mês e não sei mais o que fazer. Preciso muito que estornem esse valor. Por favor, estou pedindo com toda a educação que ainda me resta, resolvam isso.",Empréstimo,Em análise,"CPF,NOME",
REC-2026-00557,2025-10-11,Redes Sociais,"Já é a quinta vez que solicito o cancelamento da minha aplicação em um fundo de investimento e o banco simplesmente ignora. Minha conta é 34821-7 e meu nome é Roberto Aparecido Mendonça, CPF 418.293.056-71. Cada vez que ligo, dizem que o pedido foi registrado e que vou receber o resgate em até cinco dias úteis. Adivinha? Nunca cai nada. É impressionante a capacidade desse banco de fingir que está resolvendo algo. Já protocolei reclamação no Banco Central na semana passada e se não tiver resposta até sexta-feira, meu advogado vai entrar com ação judicial e vou procurar a imprensa. Estão retendo meu dinheiro ilegalmente e acham que vou ficar quieto. Esse descaso é criminoso.",Investimentos,Aberta,"CPF,CONTA,NOME",
REC-2026-00287,2025-10-12,Banco Central,"Oi gente, meu nome é Camila de Souza Ribeiro e to aqui pq n aguento mais esse banco 😤 Pedi um emprestimo pessoal faz uns 2 meses e ate hj n liberaram o dinheiro. Toda vez q ligo falam q ta em analise, mas ngm sabe dizer qnd vai sair. Ja mandei td os documentos q pediram, comprovante de renda, extrato, td certinho. O gerente da agencia falou q ia resolver na semana passada e ate agr nada. To precisando mt desse dinheiro pra pagar umas dividas q tao acumulando e os juros so aumentam 😩 Se n resolverem logo vou ter q ir atras do Reclame Aqui pq ja tentei td por telefone e ngm ajuda. Pfvr resolvam isso logo!!",Empréstimo,Aberta,NOME,
REC-2026-00144,2025-10-15,Ouvidoria,"Não aguento mais esse banco lixo. Meu nome é associado ao CPF 341.527.698-73 e pedi um empréstimo pessoal de R$ 15.000 no mês passado. Me aprovaram, assinei tudo, e cadê o dinheiro? Não caiu nada na minha conta. Vou no atendimento presencial e o gerente some, ligo pro SAC e fico ouvindo musiquinha por meia hora pra depois cair a ligação. Que droga de atendimento é esse? Estou precisando desse dinheiro pra pagar uma dívida e ninguém resolve nada. Quero meu empréstimo liberado ou uma explicação decente.",Empréstimo,Aberta,CPF,S
REC-2026-00368,2025-10-15,SAC,"Preciso registrar uma reclamação sobre o atendimento recebido na agência central. Meu nome é Fernando Augusto Ribeiro da Silva, CPF 438.291.076-54, conta 78432-1. Fui ao banco para tratar de uma questão relacionada aos meus investimentos em renda fixa e o gerente simplesmente se recusou a me fornecer o extrato detalhado da rentabilidade. Disse que eu deveria consultar pelo aplicativo, mas o app não mostra o detalhamento que preciso. Exijo atendimento presencial adequado conforme meu direito como correntista. Caso não seja resolvido, encaminharei reclamação ao Banco Central e ao Procon da minha cidade. Aguardo retorno urgente.",Investimentos,Aberta,"CPF,CONTA,NOME",
REC-2026-00556,2025-10-17,Ouvidoria,"Apareceram duas transferências via Pix na minha conta corrente que eu NÃO fiz. Uma de R$ 1.200 e outra de R$ 800, as duas no mesmo dia, de madrugada, enquanto eu estava dormindo. Que merda é essa? Alguém acessou minha conta e eu nem recebi notificação nenhuma. Liguei pro banco e me mandaram ir na agência com documento. Fui na agência e me disseram pra ligar pro SAC. É uma piada isso? Meu dinheiro sumiu e ninguém resolve nada. Quero o estorno imediato e uma explicação de como conseguiram acessar minha conta. Se o banco não me devolver esse dinheiro em cinco dias, vou registrar B.O. e entrar com ação.",Conta Corrente,Aberta,,S
REC-2026-00575,2025-10-18,Banco Central,"Venho por meio desta solicitar o cancelamento imediato do contrato de empréstimo consignado vinculado à conta 34821-7, em nome de Roberto Farias Guimarães. Realizei a solicitação de cancelamento dentro do prazo de sete dias previsto no Código de Defesa do Consumidor, porém o banco segue processando os descontos em folha normalmente. Já registrei três protocolos de atendimento e nenhum foi resolvido. Caso o cancelamento não seja efetivado e os valores já descontados não sejam estornados em até cinco dias úteis, irei formalizar reclamação junto ao Banco Central e ao Procon, além de buscar orientação jurídica para as medidas cabíveis.",Empréstimo,Em análise,CONTA,
REC-2026-00317,2025-10-18,SAC,"Que lindo, hein? Entro no aplicativo da minha conta corrente e vejo duas compras no débito que eu jamais fiz: uma de R$ 212,00 numa loja online e outra de R$ 78,50 num posto de gasolina em outro estado. Moro em Belo Horizonte e aparentemente meu cartão tava passeando por Recife. Fantástico o sistema de segurança de vocês! Meu CPF é 529.143.780-66 e estou aguardando alguma providência. Já bloqueei o cartão pelo app, mas seria interessante se o banco também demonstrasse algum interesse em investigar como meus dados foram parar nas mãos de terceiros. Ou isso é pedir demais?",Conta Corrente,Resolvida,CPF,
REC-2026-00591,2025-10-19,SAC,"Oi, to tentando cancelar meu seguro residencial faz umas 2 semanas e vcs não param de enrolar 😩 Meu CPF é 728.193.445-67, da uma olhada ai pfvr. Mandei msg pelo chat, liguei 2x e na agencia disseram q o cancelamento era só pelo telefone. Liguei de novo e falaram q demora até 30 dias uteis!! Gente, é só um cancelamento, pq tanta burocracia?? To pagando um negocio q nem quero mais, isso n faz sentido nenhum. Se n cancelarem logo vou ter q ir atras do Procon pq ja to gastando dinhero atoa. Me ajudem ai pq to precisando resolver isso urgente 🙏",Seguros,Resolvida,CPF,
REC-2026-00466,2025-10-21,Banco Central,"Meu nome é Ricardo Fernandes de Oliveira, titular da conta 48271-3, e estou puto da vida com esse banco! Faz mais de 40 dias que estou tentando resolver um problema ridículo no meu extrato e ninguém faz absolutamente NADA. Toda vez é a mesma enrolação, o mesmo protocolo inútil que não serve para droga nenhuma. Vocês acham que cliente é palhaço? Estou com um débito automático cadastrado que eu já pedi pra cancelar CINCO vezes e continua caindo todo mês. Que merda de atendimento é esse? Vou entrar no Reclame Aqui, vou no Procon, vou fazer o diabo até resolverem meu problema. É um absurdo um banco desse tamanho tratar o cliente dessa forma!",Conta Corrente,Em análise,"CONTA,NOME",S
REC-2026-00589,2025-10-21,Redes Sociais,"Eu não acredito no que vocês fizeram com meu empréstimo! Contratei um crédito pessoal com parcela fixa de R$ 890,00 e agora tão cobrando R$ 1.340,00 sem nenhuma explicação! Meu CPF é 341.872.956-04, podem verificar aí no sistema. Liguei pro SAC e a atendente simplesmente não soube explicar de onde saiu esse aumento absurdo. Isso é sacanagem com o cliente! Preciso desse dinheiro pra pagar minhas contas e vocês ficam enfiando taxa escondida. Se não corrigirem isso URGENTE e me mandarem um extrato detalhado explicando cada centavo cobrado, vou direto no Procon e no Banco Central. Já perdi a paciência com esse banco, é um desrespeito total!",Empréstimo,Aberta,CPF,
REC-2026-00548,2025-10-22,Ouvidoria,"oi, meu nome é Ricardo Almeida Batista e to com um problema chato na minha conta corrente 😒 tão me cobrando uma tarifa de manutenção q eu não deveria pagar pq meu pacote é o básico gratuito. Já faz uns 3 meses q vem descontando R$ 32,50 todo mês e eu só percebi agr q fui olhar o extrato direitinho. Ou seja, já perdí quase cem reais por causa disso. Mandei mensagem pelo chat do app e a atendente falou q ia abrir um chamado mas até agr nada. Alguem pode me ajudar a receber esse dinhero de volta? Obrigado 🙏",Conta Corrente,Resolvida,NOME,
REC-2026-00296,2025-10-23,Banco Central,"URGENTE! Fui vítima de fraude na minha conta de investimentos do Banco Netuno! No dia 16/03/2026 recebi uma notificação de resgate de R$ 23.400,00 do meu fundo de renda fixa que EU NÃO AUTORIZEI. Alguém acessou minha conta e transferiu todo o valor para uma conta desconhecida. Meu CPF é 341.876.209-54 e estou registrando esta reclamação para que fique documentado. Já fiz boletim de ocorrência e liguei para o banco, mas me disseram que a análise pode levar até 30 dias. TRINTA DIAS?! Estou desesperado, esse era o dinheiro da faculdade da minha filha! Exijo que o banco assuma a responsabilidade pela falha de segurança. Vou registrar reclamação no Banco Central e no Reclame Aqui ainda hoje.",Investimentos,Em análise,CPF,
REC-2026-00366,2025-10-24,Ouvidoria,"Que banco lixo, meu! Estou puto da vida com essa porcaria de cartão de crédito que vocês me empurraram. Vieram me cobrar uma anuidade que o próprio gerente disse que seria isenta. Agora querem que eu pague quase 500 reais de anuidade de um cartão que eu nem uso direito. Isso é sacanagem! Ligo pra reclamar e fica aquela musiquinha irritante por meia hora. Quero meu dinheiro de volta e quero cancelar essa merda de cartão. Se não resolverem, vou meter no Reclame Aqui e fazer o maior escândalo.",Cartão de Crédito,Em análise,,S
REC-2026-00200,2025-10-25,Redes Sociais,"Não acredito que vocês tiveram a cara de pau de me mandar um cartão de crédito que eu não pedi! Chegou aqui em casa um cartão platinum vinculado à minha conta 78214-3 e eu nunca solicitei essa merda. Além de não pedir, já veio com anuidade de R$ 450,00 cobrada na primeira fatura. Que absurdo! Eu tinha um cartão básico sem anuidade e estava muito bem com ele. Agora querem me empurrar esse cartão caro goela abaixo? Quero o cancelamento imediato desse cartão e o estorno da anuidade. Não vou pagar por algo que não pedi.",Cartão de Crédito,Aberta,CONTA,S
REC-2026-00493,2025-10-26,Ouvidoria,"Pelo amor de Deus, eu não sei mais o que fazer. Meu nome é Cláudia Ferreira de Oliveira, CPF 341.872.596-04, e estão descontando da minha conta todo mês um valor de R$ 312,00 referente a um fundo de investimento que eu NUNCA contratei. Já fui à agência três vezes, já liguei inúmeras vezes, já mandei e-mail e ninguém resolve. Esse dinheiro faz falta, gente, eu sou aposentada e ganho pouco. Já foram 4 meses de desconto indevido, totalizando R$ 1.248,00 que tiraram de mim sem autorização. Estou desesperada porque não consigo nem pagar minhas contas direito. Vou procurar o Procon e o Banco Central se não resolverem essa semana. Preciso do meu dinheiro de volta urgentemente.",Investimentos,Resolvida,"CPF,NOME",
REC-2026-00502,2025-10-26,Ouvidoria,"Venho por meio desta registrar uma reclamação referente aos meus investimentos. Sou cliente há mais de seis anos e recentemente percebi que as aplicações em CDB que contratei não estão rendendo conforme o combinado no momento da contratação. Entrei em contato com o gerente e fui informado de que houve uma alteração nas taxas, porém em nenhum momento fui notificado sobre isso. Meu CPF é 341.892.567-04, conta 58723-1, nome Renato de Souza Figueiredo. Solicito que revisem urgentemente os valores e recomponham os rendimentos conforme o contrato original. Caso não haja solução em até cinco dias úteis, pretendo acionar o Banco Central para intermediar a questão, pois considero essa prática abusiva e contrária ao que foi acordado.",Investimentos,Resolvida,"CPF,CONTA,NOME",
REC-2026-00337,2025-10-26,Redes Sociais,"Meu nome é Ricardo Fernandes de Oliveira, CPF 341.876.529-04, conta 58234-7, e to fazendo essa reclamação pq ja n aguento mais essa situação 😡 Faz 3 meses q to tentando cancelar um serviço de assessoria financeira q apareceu do nada na minha conta e tão cobrando R$ 149,90 por mes. Nunca contratei essa porcaria!! Ja liguei, ja fui na agencia, ja mandei email e ngm resolve. Vou meter no Procon e no Banco Central se n resolverem ate sexta pq isso é roubo na cara dura. Ja to juntando todos os comprovantes e print das conversas no chat. Vou tb procurar a imprensa local pq tem q expor esse tipo de abuso 📢 Quero meu dinheiro de volta, os 3 meses q cobraram indevido",,Em análise,"CPF,CONTA,NOME",
REC-2026-00630,2025-10-26,SAC,"Ah, que beleza! Entrei no app do banco hoje cedo e descobri que alguém fez um PIX de R$ 1.200,00 da minha conta corrente às 2 da manhã. Eu, dormindo feito um anjo, e meu dinheiro passeando por aí. Muito obrigado pela segurança de ponta, viu? O mais engraçado é que eu tenho reconhecimento facial, biometria, senha de 8 dígitos e token, mas pelo visto qualquer um entra na minha conta mesmo assim. Sou eu, portador do CPF 847.293.156-02, e garanto que não fiz essa transferência. Mas relaxa, né, vou só esperar os 10 dias úteis que vocês pedem pra analisar enquanto meu dinheiro some. Que eficiência.",Conta Corrente,Em análise,CPF,
REC-2026-00330,2025-10-27,Banco Central,"Que droga de banco, pelo amor de Deus! Minha conta 45832-7 está com problemas há semanas e ninguém resolve nada. O aplicativo trava toda hora, não consigo fazer transferências, não consigo pagar boletos, não consigo fazer absolutamente NADA. Já fui à agência duas vezes e me enrolam com desculpas esfarrapadas. Estou com contas atrasando por causa dessa incompetência e vou ter que pagar juros e multas por culpa do banco. Isso é inadmissível! Já abri reclamação no Banco Central, protocolo registrado, e se não resolverem essa porcaria em cinco dias, vou meter um processo. Quero uma solução AGORA e indenização pelos prejuízos que estou tendo.",,Aberta,CONTA,S
REC-2026-00614,2025-10-27,Ouvidoria,"Que maravilha, né? O banco mais seguro do Brasil, como dizem na propaganda. Pois bem, descobri hoje que fizeram três transferências da minha conta 48712-3 para destinatários que eu nunca vi na vida. Foram dois PIX de R$ 1.500 e um de R$ 3.200, tudo de madrugada, enquanto eu dormia tranquilamente. Claro, o sistema de segurança ultra avançado do banco não detectou nada de anormal. Três transferências seguidas, de madrugada, para contas diferentes — tudo normal, aparentemente. Já fiz o boletim de ocorrência e estou aguardando o prazo de vocês para contestação. Mas confesso que minha confiança nessa instituição está em níveis impressionantemente baixos.",,Aberta,CONTA,
REC-2026-00545,2025-10-28,Banco Central,"Socorro, estou desesperada!! Alguém acessou minha conta 78214-3 e fez transferências que eu não reconheço. Foram três PIX seguidos, totalizando quase R$ 4.200,00, para pessoas que eu nunca vi na vida. Eu nem mexi no celular naquele horário, tava dormindo! Quando acordei de manhã e vi as notificações quase passei mal. Liguei pro banco chorando e me disseram que vão analisar em até 10 dias úteis. Mas como eu fico 10 dias sem esse dinheiro? É o dinheiro do aluguel e das contas do mês. Não sei mais o que fazer, tô sem chão. Se não resolverem vou ter que pedir dinheiro emprestado pra não ficar na rua.",,Resolvida,CONTA,
REC-2026-00255,2025-10-29,Redes Sociais,"Meu nome é Cláudia Ferreira dos Santos, CPF 742.195.638-14, e estou sendo cobrada indevidamente por uma taxa de administração em um fundo de investimento que eu NUNCA contratei. Que droga de banco é esse que fica enfiando produto na conta do cliente sem autorização? Apareceu uma cobrança de R$ 89,90 no meu extrato referente a um fundo multimercado que eu nunca ouvi falar. Já mandei dois e-mails reclamando e a resposta foi um texto genérico pedindo para eu ir até a agência. Vou ter que perder meu dia de trabalho por causa de um erro de vocês? Quero o estorno imediato e uma explicação decente de como isso foi parar na minha conta.",Investimentos,Em análise,"CPF,NOME",S
REC-2026-00184,2025-11-01,Banco Central,"Pelo amor de Deus, que banco incompetente! Estou sendo cobrado por uma DROGA de uma tarifa de R$ 389,00 que EU NÃO DEVO. Já liguei cinco vezes, já mandei e-mail, já fui na agência e NINGUÉM resolve essa porcaria. Vocês acham que podem ficar enfiando cobrança na conta dos outros e tá tudo bem?? Tô com o nome sujo por causa dessa palhaçada! Vou meter no Reclame Aqui, no Procon e onde mais eu puder porque isso é um ABSURDO. Se não resolverem até semana que vem vou procurar um advogado e processem esse banco maldito. Já perdi a paciência com essa incompetência total. Me devolvam meu dinheiro e limpem meu nome AGORA.",,Aberta,,S
REC-2026-00388,2025-11-01,Ouvidoria,"Pelo amor de Deus, eu preciso de ajuda. Estou tentando resolver um problema no meu cartão de crédito há mais de um mês. Minha conta é a 61734-8. Ligaram dizendo que meu limite foi reduzido sem explicação, e desde então não consigo falar com ninguém que resolva. Já fui atendido por sete pessoas diferentes, cada uma conta uma história. Um diz que o limite volta em 48 horas, outro diz que precisa de análise, outro diz que não tem o que fazer. Estou desesperado porque tenho parcelas caindo no cartão e o limite não cobre mais. Ninguém assume a responsabilidade. Por favor, alguém me ajude.",Cartão de Crédito,Aberta,CONTA,
REC-2026-00225,2025-11-01,Ouvidoria,"Que atendimento LIXO é esse que vocês oferecem? Liguei três vezes para resolver um problema simples e cada hora me falam uma coisa diferente. O primeiro atendente disse que era para ir na agência, fui na agência e me mandaram ligar de novo, liguei de novo e o terceiro atendente disse que tinha que resolver pelo aplicativo. Caramba, ninguém sabe de nada nesse banco? Parece que contratam qualquer um e jogam lá sem treinamento nenhum. Estou puto da vida com essa palhaçada. Se vocês não conseguem nem dar uma informação correta, imagina cuidar do meu dinheiro. Vou procurar outro banco porque com vocês não dá mais.",,Em análise,,S
REC-2026-00470,2025-11-01,SAC,"eai pessoal, seguinte: apareceu um pix de R$ 480 na minha conta corrente q eu n fiz 😳 meu CPF é 728.193.460-55 e to achando q alguem clonou meu cartão ou conseguiu acesso no app sei la. o pix foi pra uma pessoa q eu nunca vi na vida, foi de madrugada enquanto eu tava dormindo. ja mudei a senha e tudo mais mas quero meu dinheiro de volta ne. liguei la pro banco e abriram um chamado mas disseram q demora até 10 dias pra analisar... meio tenso ficar sem esse $ mas vamo ver. so queria deixar registrado aqui tbm pra ter mais um canal de reclamação. se puderem agilizar eu agradeço 🙏",Conta Corrente,Aberta,CPF,
REC-2026-00371,2025-11-02,Ouvidoria,"Estou desesperado tentando cancelar minha conta corrente e não consigo de jeito nenhum. Meu nome é Carla Beatriz de Souza Mendonça, CPF 912.743.568-30, e já faz dois meses que peço o encerramento da conta 56218-9. Cada vez que vou na agência inventam uma desculpa diferente: que falta documento, que o sistema está fora do ar, que precisa de aprovação do gerente que nunca está. Enquanto isso continuam me cobrando tarifa de manutenção de uma conta que eu não quero mais. Isso é um absurdo! Vou procurar o Procon e o Banco Central porque essa situação é insustentável. Preciso que cancelem essa conta imediatamente e estornem todas as tarifas cobradas desde o primeiro pedido de encerramento.",Conta Corrente,Em análise,"CPF,CONTA,NOME",
REC-2026-00562,2025-11-02,Redes Sociais,"Isso é um absurdo! Peguei um empréstimo de R$ 15.000 e venho pagando religiosamente todas as parcelas em dia. Agora me aparece uma cobrança de R$ 2.300 referente a uma suposta parcela em atraso que EU JÁ PAGUEI. Tenho todos os comprovantes aqui comigo. Liguei pro SAC três vezes, fiquei mais de 40 minutos na linha cada vez e ninguém resolve porra nenhuma. Já mandei os comprovantes por e-mail, pelo app, pelo chat, e a resposta é sempre a mesma enrolação. Tô com o nome sujo por causa dessa incompetência de vocês! Se não resolverem até sexta-feira, vou direto no Procon e no Banco Central. Não vou ficar pagando o que não devo. Quero a baixa imediata dessa cobrança e a limpeza do meu nome nos órgãos de proteção ao crédito.",Empréstimo,Aberta,,S
REC-2026-00154,2025-11-03,Ouvidoria,"Eu não acredito que vocês tão me cobrando OUTRA VEZ uma anuidade que eu já paguei! Porra, é a terceira vez que aparece esse valor de R$ 489,00 na fatura do cartão de crédito. Já mandei comprovante, já liguei, já fui na agência, e toda vez me dizem que foi resolvido. Resolvido o caramba! Meu CPF é 728.193.450-62, podem verificar no sistema de vocês. Tô de saco cheio dessa palhaçada. Se não resolverem isso de uma vez, vou meter no Reclame Aqui e deixar a nota mais baixa que esse banco já viu. Não é possível que eu tenho que ficar perdendo meu tempo com erro de vocês todo mês.",Cartão de Crédito,Aberta,CPF,S
REC-2026-00142,2025-11-03,Redes Sociais,"Estou puto da vida com o atendimento do banco. Contratei um seguro residencial há três meses e até agora não recebi a apólice. Liguei cinco vezes, cada vez me passam pra um atendente diferente que não sabe de nada. Na última ligação ficaram me enrolando por quarenta minutos e no final disseram que o sistema estava fora do ar. Que palhaçada é essa? Pago caro nessa merda de seguro e não tenho nem um documento pra comprovar. Quero uma solução imediata ou vou cancelar tudo e trocar de banco.",Seguros,Aberta,,S
REC-2026-00314,2025-11-03,SAC,"Venho por meio desta solicitar formalmente o cancelamento do cartão de crédito vinculado à minha conta, de titularidade de Ricardo Mendonça de Souza, CPF 341.872.609-54. Realizei a primeira solicitação de cancelamento em 12 de janeiro deste ano, porém o cartão continua ativo e gerando cobranças de anuidade. Já protocolei duas ligações adicionais, com os números de protocolo devidamente anotados, e até o presente momento não obtive resolução. Solicito que o cancelamento seja efetivado imediatamente e que todas as cobranças posteriores à data do primeiro pedido sejam estornadas. Aguardo retorno em até cinco dias úteis, conforme previsto no Código de Defesa do Consumidor.",Cartão de Crédito,Aberta,CPF,
REC-2026-00303,2025-11-04,SAC,"Eu não aguento mais esse banco desgraçado! Pelo amor de Deus, é a TERCEIRA vez que me cobram uma anuidade que eu NÃO contratei no meu cartão de crédito. Já liguei, já mandei e-mail, já fui na agência e ninguém resolve porra nenhuma. Meu CPF é 341.892.567-04 e toda vez que eu reclamo me enrolam dizendo que vão resolver em até 10 dias úteis. Estou pagando R$ 49,90 por mês por um serviço que NUNCA pedi. Quero o estorno IMEDIATO de todos os valores cobrados indevidamente nos últimos 6 meses e o cancelamento definitivo dessa maldita anuidade. Se não resolverem dessa vez, vou tomar providências mais sérias.",Cartão de Crédito,Em análise,CPF,S
REC-2026-00215,2025-11-05,Banco Central,"Trabalho na construção civil e tenho acesso a material explosivo. Se vocês acham que estou brincando quando digo que vou explodir aquela agência da Vila Mariana, esperem só até o próximo sábado. Não tenho mais nada a perder mesmo depois que vocês negativaram meu nome injustamente. Minha vida já acabou por culpa desse banco maldito. Agora vou acabar com essa agência inteira. Podem me prender depois. ",Conta Corrente,Aberta,,S
REC-2026-00494,2025-11-05,Banco Central,"Que banco mais lixo, pqp. Contratei um empréstimo e me prometeram taxa de 1,9% ao mês, tá lá no simulador que o próprio atendente me mostrou. Quando fui ver o contrato depois, a taxa era de 2,7%. Que palhaçada é essa? Aí eu ligo pra reclamar e o atendente fica enrolando, dizendo que a taxa varia conforme análise de crédito e não sei o quê. Cara, vocês mostraram o valor na simulação, eu aceitei aquele valor. Isso é propaganda enganosa e ponto final. Tô de saco cheio desse tipo de sacanagem. Quero a correção da taxa conforme o que foi apresentado ou o cancelamento do contrato sem custo nenhum.",Empréstimo,Em análise,,S
REC-2026-00640,2025-11-05,SAC,"Que maravilha, hein? Mais uma vez o banco decidiu, por conta própria, que eu deveria pagar por algo que não comprei. Apareceu na fatura do meu cartão de crédito uma cobrança de R$ 1.247,00 de uma loja de eletrônicos em São Paulo. Detalhe: eu moro no Recife e não viajo há meses. Meu CPF é 831.472.659-04 e já contestei essa cobrança três vezes. Parabéns pela eficiência, porque até agora nada foi resolvido. É reconfortante saber que posso ser cobrado por compras que não fiz e que o banco simplesmente não se importa. Já protocolei reclamação no Banco Central, número 20260187432, e se não resolverem em 5 dias úteis, meu advogado vai adorar essa história. Mas claro, o banco deve achar que eu tenho todo o tempo do mundo para ficar correndo atrás de erro alheio.",Cartão de Crédito,Resolvida,CPF,
REC-2026-00392,2025-11-06,SAC,"Que banco mais incompetente, pelo amor de deus. Fiz um empréstimo pessoal há seis meses e até hoje não consegui uma explicação decente sobre por que a taxa de juros mudou no meio do contrato. Liguei três vezes, mandei e-mail, fui na agência e ninguém sabe de nada. Cada atendente fala uma coisa diferente. Um disse que era reajuste automático, outro disse que não houve alteração nenhuma, e o terceiro simplesmente desligou na minha cara. Que palhaçada é essa? Eu tô pagando mais do que o combinado e ninguém se responsabiliza. Tô de saco cheio dessa incompetência. Se não resolverem logo vou ter que procurar outros meios porque essa situação já passou dos limites. Péssimo banco, péssimo atendimento, péssimo tudo.",Empréstimo,Aberta,,S
REC-2026-00180,2025-11-07,Ouvidoria,"Meu nome é Cláudia Ferreira dos Santos e estou completamente desesperada. Faz mais de quarenta dias que tento resolver um problema com um serviço que contratei e simplesmente ninguém resolve. Cada vez que ligo recebo um protocolo novo, me pedem pra explicar tudo de novo do zero, e no final dizem que vão encaminhar pro setor responsável. Já foram mais de dez protocolos e NENHUMA solução. Estou emocionalmente esgotada. Vou registrar reclamação no Reclame Aqui e no Banco Central porque não é possível que um banco trate seus clientes dessa forma. Preciso urgentemente que alguém com autonomia entre em contato comigo e resolva essa situação de uma vez por todas.",,Aberta,NOME,
REC-2026-00489,2025-11-07,Redes Sociais,"ola meu nome é Cláudia Ferreira dos Santos e minha conta é 50239-4, to com um probleminha com meu seguro auto 🚗 faz uns 3 meses q to tentando atualizar os dados do meu veiculo pq troquei de carro ne, e toda vez q mando os documentos pelo app da erro. ja fui na agencia e a moça disse q ia encaminhar pro setor responsavel mas ate agora nada. enquanto isso to pagando seguro de um carro q nem tenho mais kkkk é meio ridiculo ne. se alguem puder me ajudar fico agradecida, só quero atualizar os dados msm, n deve ser tão complicado assim 😅",Seguros,Aberta,"CONTA,NOME",
REC-2026-00155,2025-11-07,SAC,"oi gente, to com um problemão com meu seguro residencial 😤 contratei em janeiro e até agr não recebi a apólice. já mandei msg pelo chat do app umas 3x e ngm resolve nada. minha conta é 45832-7 e toda vez pedem pra eu esperar ""mais alguns dias úteis""... ja se passaram quase 2 meses ne. preciso da apólice pq to reformando a casa e a construtora ta pedindo. será q da pra agilizar isso?? o seguro cobre danos eletricos tbm né? pq no contrato tava meio confuso essa parte. enfim, só quero receber logo o documento e entender direitinho oq ta coberto. vlw",Seguros,Resolvida,CONTA,
REC-2026-00242,2025-11-08,Banco Central,"Estou puto da vida com essa cobrança absurda no meu seguro residencial. Pelo amor de Deus, eu cancelei essa porcaria há TRÊS meses e vocês continuam me cobrando R$ 89,90 todo santo mês. Já liguei duas vezes, já mandei e-mail, já fui na agência e ninguém resolve nada. Fica todo mundo jogando de um setor pro outro como se eu fosse palhaço. Eu quero meu dinheiro de volta, são quase R$ 270 cobrados indevidamente. Se não resolverem isso em até 5 dias úteis, vou procurar meus direitos. Tô de saco cheio dessa incompetência. Que banco de merda, viu.",Seguros,Resolvida,,S
REC-2026-00159,2025-11-10,Banco Central,Liguei quatro vezes essa semana e cada atendente me dá uma resposta diferente. Vou colocar uma bomba nessa central de atendimento de vocês porque é o único jeito de alguém prestar atenção. Não aguento mais ser tratado como lixo por essa empresa. Estou no meu limite e se alguém não resolver isso até amanhã eu vou aí e acabo com todo mundo que estiver no prédio. Anotem o que estou dizendo. ,Empréstimo,Resolvida,,S
REC-2026-00152,2025-11-11,Redes Sociais,"Que atendimento maravilhoso, hein? Liguei três vezes para a central do banco e fui transferido para quatro setores diferentes. Cada atendente pedia pra eu repetir tudo de novo, como se eu não tivesse mais nada pra fazer na vida. Na terceira ligação, a moça ainda teve a cara de pau de me pedir o CPF de novo — 341.872.609-45 — sendo que eu já tinha informado duas vezes antes. Depois de quarenta minutos de espera, a ligação caiu. Simplesmente caiu. Ninguém retornou, ninguém mandou e-mail, nada. Mas claro, pra me vender produto novo, aí ligam todo santo dia, né? Parabéns pelo serviço nota dez.",,Aberta,CPF,
REC-2026-00570,2025-11-12,Ouvidoria,"Meu nome é Roberto Carlos Mendonça, CPF 782.143.609-31, conta 45872-3. Há dois meses venho tentando cancelar uma aplicação em fundo de investimento que fiz por orientação do gerente, que jurou que o rendimento seria de no mínimo 1,2% ao mês. Resultado? Perdi dinheiro. E agora que quero resgatar, me dizem que tem carência de 360 dias e taxa de saída de 3%. Ninguém me informou essas condições na hora de aplicar, isso é sacanagem! Quero o resgate total sem essa taxa abusiva. Se não cancelarem, vou entrar com reclamação formal e exigir ressarcimento por informação enganosa. Tô de saco cheio desse banco que só quer empurrar produto e dane-se o cliente.",Investimentos,Em análise,"CPF,CONTA,NOME",
REC-2026-00525,2025-11-12,Redes Sociais,"Boa tarde. Gostaria de registrar que tentei contato com o suporte do banco no último sábado, dia 7, e não obtive atendimento. O chat automático não resolveu minha dúvida e não havia opção para falar com um atendente humano. Minha conta é 45832-7 e preciso apenas de um esclarecimento sobre uma movimentação que apareceu no extrato. Não é nada urgente, mas seria bom ter um canal funcional nos finais de semana. Fico no aguardo de um retorno quando possível.",,Aberta,CONTA,
REC-2026-00492,2025-11-12,SAC,"Venho por meio desta registrar uma reclamação referente a uma cobrança indevida no meu contrato de empréstimo pessoal. Meu nome é Ricardo Almeida Souza e já realizei o pagamento da parcela 7/24 no dia 05/03, conforme comprovante que tenho em mãos, porém recebi uma notificação de atraso e cobrança de multa no valor de R$ 187,42. Entrei em contato com a central de atendimento duas vezes e em ambas me informaram que o problema seria resolvido em até 5 dias úteis, mas já se passaram 15 dias e a cobrança continua aparecendo. Solicito a correção imediata e o estorno da multa cobrada indevidamente. Caso não seja resolvido, irei registrar reclamação no Banco Central.",Empréstimo,Em análise,NOME,
REC-2026-00518,2025-11-14,Ouvidoria,"Prezados, venho formalmente registrar minha insatisfação com o produto contratado junto a esta instituição. Meu nome é Cláudia Beatriz Nogueira Santos, titular da conta 63201-8. Há aproximadamente sessenta dias, solicitei a migração do meu pacote de serviços para a modalidade essencial, conforme orientação recebida em agência. Entretanto, a alteração não foi efetivada e continuo sendo tarifada pelo pacote anterior, mais oneroso. As cobranças indevidas já somam R$ 178,00. Todas as tentativas de resolução pelos canais regulares foram infrutíferas. Solicito a correção imediata do pacote contratado, o estorno integral dos valores cobrados a maior e uma manifestação formal desta instituição sobre o ocorrido. Caso não haja solução em até cinco dias úteis, encaminharei reclamação ao Banco Central.",,Resolvida,"CONTA,NOME",
REC-2026-00549,2025-11-15,Ouvidoria,"Que droga de banco é esse, meu Deus do céu?! Tô PUTO da vida com essa situação! Meu cartão de crédito vive dando problema, toda santa vez que vou fazer uma compra online a porcaria do cartão é recusado, e não é por falta de limite não! Minha conta é 31547-9 e já reclamei umas quinhentas vezes. Fico passando vergonha nas lojas e nos sites, é uma humilhação atrás da outra. O app é uma bosta, o atendimento telefônico te deixa quarenta minutos na espera pra não resolver nada. Que inferno! Quero que resolvam essa merda de uma vez ou vou trocar de banco, porque paciência tem limite, diferente do meu cartão que parece não ter!",Cartão de Crédito,Resolvida,CONTA,S
REC-2026-00431,2025-11-16,Banco Central,"Já tem mais de um mês que estou tentando cancelar a droga de um cartão de crédito adicional que eu não uso e esse banco de porcaria não cancela de jeito nenhum. Meu nome é Cláudia Beatriz dos Santos, CPF 531.628.749-02, e toda vez que ligo me enrolam com conversa de retenção, oferecem desconto na anuidade, falam que vão processar o cancelamento e no mês seguinte vem a fatura de novo. Que saco! Eu não quero desconto, eu quero CANCELAR. É meu direito. Se na próxima fatura ainda vier cobrança desse cartão, vou meter no Procon sem dó. Cansei dessa enrolação sem fim.",,Aberta,"CPF,NOME",S
REC-2026-00391,2025-11-17,Ouvidoria,"Venho registrar esta reclamação referente à total impossibilidade de contato com o setor de investimentos desta instituição. Minha conta é a 40256-3. Possuo aplicações em CDB e fundos de renda fixa que totalizam valor superior a R$ 180 mil, e desde o dia 05/03/2026 não consigo acessar a plataforma de investimentos nem obter qualquer informação sobre a rentabilidade ou movimentação dos meus recursos. Já registrei três chamados pelo SAC sem obter retorno. Informo que já protocolei reclamação junto ao Banco Central sob o número 2026-0347821 e estou em contato com o Procon do meu estado. Caso não receba uma resposta satisfatória em até 72 horas, tomarei as medidas judiciais cabíveis e acionarei a imprensa para relatar o ocorrido.",Investimentos,Aberta,CONTA,
REC-2026-00312,2025-11-17,SAC,"Que maravilha, né? Abro meu extrato da conta corrente 48213-7 e descubro que alguém fez uma transferência de R$ 350,00 pra um tal de Pix que eu nunca autorizei. Adorei a surpresa! Liguei pro banco e me disseram pra aguardar análise em até 10 dias úteis. Dez dias! Como se eu tivesse todo o tempo do mundo pra ficar esperando alguém devolver meu dinheiro. Pelo menos o café da manhã tá garantido, porque o almoço já era. Enfim, fico no aguardo da boa vontade de vocês em verificar essa transação não reconhecida na minha conta. Seria ótimo se pudessem resolver antes do Natal do ano que vem.",Conta Corrente,Aberta,CONTA,
REC-2026-00298,2025-11-18,Ouvidoria,"Estou PUTO DA VIDA com o atendimento do Banco Cristal sobre meu empréstimo pessoal. Fiz uma simulação pelo app, aprovaram o crédito, assinei o contrato digital e disseram que o valor cairia em 24 horas. Já se passaram 11 dias úteis e NADA. Ligo pro SAC e cada atendente fala uma coisa diferente. Um diz que está em análise, outro diz que já foi liberado, outro diz que tem pendência. Que merda de banco é esse que não sabe nem informar o status de uma operação? Peguei esse empréstimo pra pagar uma dívida que está gerando juros todo dia e agora estou no prejuízo por causa dessa incompetência. Quero uma resposta concreta HOJE ou vou procurar meus direitos.",Empréstimo,Aberta,,S
REC-2026-00349,2025-11-18,SAC,"Apareceram duas transações no meu cartão de crédito que eu NÃO FIZ. Uma de R$ 2.347,00 numa loja online que nunca ouvi falar e outra de R$ 890,00 em um site de eletrônicos. Isso é um absurdo, porra! Meu cartão estava comigo o tempo todo e mesmo assim conseguiram fazer compras com ele. Liguei imediatamente e pedi o bloqueio, mas o atendente disse que a contestação pode levar até 30 dias. 30 DIAS? Com quase 3 mil reais de compra fraudulenta na minha fatura? Já registrei boletim de ocorrência e protocolo no Banco Central. Se não resolverem e estornarem esses valores na próxima fatura, vou ao Procon e ao Reclame Aqui. Exijo segurança! Que merda de sistema é esse?",Cartão de Crédito,Resolvida,,S
REC-2026-00445,2025-11-19,Ouvidoria,"Venho por meio desta informar que identifiquei movimentações não reconhecidas em minha conta de número 48173-2. No dia 12 de março de 2026, foram realizadas duas transferências via TED nos valores de R$ 3.500,00 e R$ 2.100,00, para destinatários que desconheço. Não autorizei essas transações e não compartilhei meus dados de acesso com terceiros. Solicito o bloqueio imediato da conta e a abertura de contestação formal. Caso não haja resolução em até cinco dias úteis, encaminharei reclamação ao Banco Central e tomarei as medidas judiciais cabíveis. Aguardo retorno urgente.",,Em análise,CONTA,
REC-2026-00158,2025-11-19,Ouvidoria,"ei pessoal, to mto preocupado pq apareceu umas transferencia na minha conta corrente q eu nao fiz 😰😰 foram 3 pix de madrugada, um de 800 outro de 1.200 e outro de 500 reais, tudo pra gente q eu nem conheço. minha conta é 71204-3 e eu tava dormindo qnd isso aconteceu, nem mexi no celular. será q clonaram meu app?? ja mudei a senha mas to com medo de acontecer dnovo. tentei ligar pro banco mas a fila de espera tava absurda. alguem sabe se consigo pedir estorno pelo app msm? preciso desse dinheiro pra pagar as conta do mes. por favor me ajudem",Conta Corrente,Resolvida,CONTA,
REC-2026-00345,2025-11-19,SAC,"Meu nome é Ricardo Almeida Fernandes e estou puto da vida com esse banco. Contratei um pacote de serviços que prometia isenção de tarifas e agora estão me cobrando taxa de tudo quanto é lado. Meu CPF é 341.872.956-23 e minha conta é 45832-7, podem verificar aí no sistema. Fui na agência e o gerente disse que o pacote mudou. Mudou como, se eu tenho contrato assinado? Isso é propaganda enganosa! Não vou pagar essas taxas que não estavam previstas. Quero o reembolso de todas as cobranças indevidas dos últimos três meses e a adequação do meu pacote ao que foi contratado originalmente.",,Aberta,"CPF,CONTA,NOME",
REC-2026-00604,2025-11-20,Ouvidoria,"Que palhaçada é essa? Estou recebendo cobrança de anuidade no meu cartão de crédito sendo que na hora de contratar me garantiram que seria isento. Agora vem me cobrar R$ 480,00 do nada? Tá de sacanagem comigo? Eu tenho o e-mail da proposta salvo onde diz claramente que a anuidade seria gratuita. Já liguei três vezes e fico ouvindo aquela musiquinha irritante pra no final me dizerem que não podem fazer nada. Que merda de atendimento é esse? Quero o estorno desse valor imediatamente. Se não resolverem, vou atrás dos meus direitos.",Cartão de Crédito,Aberta,,S
REC-2026-00637,2025-11-24,SAC,"Meu nome é Ricardo Fernandes de Oliveira e gostaria de relatar um problema que venho enfrentando com o aplicativo do banco. Há cerca de duas semanas o app simplesmente parou de funcionar no meu celular. Toda vez que tento acessar aparece uma mensagem de erro genérica pedindo para tentar novamente mais tarde. Já desinstalei e instalei novamente, limpei o cache, atualizei o sistema do celular e nada resolveu. O problema é que dependo do aplicativo para fazer praticamente todas as minhas movimentações financeiras. A alternativa seria ir até a agência, mas a mais próxima fica a 30 km da minha cidade. Peço que verifiquem o que está acontecendo e normalizem meu acesso.",,Resolvida,NOME,
REC-2026-00224,2025-11-25,Ouvidoria,"oi, to com um problemão aqui 😤 tão me cobrando uma anuidade q eu ja tinha cancelado faz uns 3 meses atras. liguei la e a moça disse q tava tudo certo mas agora veio de novo na fatura. meu cpf é 341.876.229-04 e ja mandei email com o protocolo do cancelamento e ngm me respondeu. tipo, eu fiz td certinho ne, cancelei dentro do prazo e msm assim vcs ficam me cobrando?? são quase 500 reais q eu n devo. se n resolverem vou ter q ir atras dos meus direitos pq isso ja ta me dando dor de cabeça demais 😩",,Em análise,CPF,
REC-2026-00321,2025-11-26,Banco Central,"oi, meu nome é Fernanda Cristina Alves e to MUITO irritada 😤😤 apareceu uma cobrança de R$ 430 na minha conta 67829-3 q eu n fiz!! ja é a terceira vez q isso acontece e ngm resolve nada. da ultima vez me falaram q iam estornar e até hj to esperando. isso é um absurdo!! vou registrar reclamação no Procon e no Banco Central pq já tentei de td jeito resolver com vcs e n adianta. quero meu dinheiro de volta HOJE e uma explicação decente do pq q ficam cobrando coisa q eu n devo. se n resolverem vou no Reclame Aqui tbm pq todo mundo precisa saber como vcs tratam os clientes 😡",,Em análise,"CONTA,NOME",
REC-2026-00230,2025-11-26,Redes Sociais,"Identifico na fatura do meu cartão de crédito, vinculado à conta 58042-3, uma transação no valor de R$ 2.150,00 realizada em 12 de fevereiro que não reconheço. A compra consta como efetuada em uma loja de departamentos em uma cidade onde nunca estive. O cartão físico permaneceu comigo durante todo o período e não realizei nenhuma compra online nesse valor. Solicito a análise dessa transação e, caso confirmada a irregularidade, o estorno do valor e o bloqueio preventivo do cartão para evitar novas ocorrências. Fico no aguardo de um posicionamento sobre os próximos passos.",Cartão de Crédito,Aberta,CONTA,
REC-2026-00270,2025-11-28,SAC,"Já é a QUINTA vez que eu peço o cancelamento desse empréstimo consignado e vocês simplesmente IGNORAM meu pedido. Que merda de atendimento é esse? Eu tenho direito de cancelar dentro do prazo e vocês ficam enrolando, enrolando, jogando de um setor pro outro. Cada atendente fala uma coisa diferente. Um diz que já foi cancelado, outro diz que precisa de mais documentos, outro diz que não pode cancelar. Estou puto da vida com essa situação. Quero o cancelamento IMEDIATO e a devolução dos valores já descontados. Se não resolverem essa palhaçada logo, vou tomar as medidas cabíveis.",Empréstimo,Aberta,,S
REC-2026-00250,2025-11-30,Banco Central,"Gostaria de relatar um problema com o seguro automotivo que contratei em novembro de 2025. Meu nome é Carla Beatriz Monteiro dos Santos. Na ocasião da contratação, foi informado que a cobertura incluiria assistência 24 horas com guincho ilimitado dentro do estado. No entanto, ao acionar o serviço no mês passado, fui informada de que meu plano cobre apenas um acionamento por semestre. Essa informação diverge do que consta na proposta comercial que recebi por e-mail. Solicito a revisão das condições do meu contrato e, se confirmada a divergência, o reembolso do guincho particular que precisei contratar no valor de R$ 280,00.",Seguros,Aberta,NOME,
REC-2026-00473,2025-11-30,Ouvidoria,"Boa tarde. Meu nome é Ricardo Fernandes de Almeida, CPF 341.872.509-63. Possuo investimentos em CDB nessa instituição e identifiquei na minha última declaração que houve cobrança de taxa de administração em um produto que, segundo o contrato, era isento dessa taxa. O valor descontado foi de R$ 127,44 no mês de janeiro e R$ 131,00 em fevereiro. Não encontrei justificativa para essas cobranças no extrato e também não fui notificado sobre qualquer alteração nas condições do produto. Peço a gentileza de verificar a situação e providenciar o estorno dos valores ao meu investimento. Fico no aguardo de uma resposta.",Investimentos,Aberta,"CPF,NOME",
REC-2026-00189,2025-11-30,Ouvidoria,"mano o app de vcs ta uma vergonha 😡 faz 3 dias q n consigo acessar minha conta, da erro toda hora e quando abre trava na tela de saldo. minha conta é 48712-3 e ja tentei reinstalar, limpar cache, trocar de celular e NADA funciona. preciso pagar uns boleto urgente e to sem conseguir. fui na agencia e tava fechada pq era sabado. o chat do site tbm n funciona, fica carregando infinitamente. serio, vcs querem q a gnt use o digital mas o digital n funciona!! to pensando seriamente em trocar de banco pq isso é inaceitavel. vou registrar no procon se n resolverem hj",,Aberta,CONTA,
REC-2026-00429,2025-12-01,Ouvidoria,"Tentei resolver uma pendência pelo telefone na semana passada. Liguei na terça de manhã, fiquei na fila por uns vinte minutos e quando finalmente fui atendido, a atendente disse que precisava transferir para outro setor. Fiquei mais quinze minutos esperando e a ligação caiu. Liguei de novo, expliquei tudo novamente e o segundo atendente me passou informações diferentes da primeira. Meu CPF é 847.293.561-30 e com ele vocês conseguem puxar o protocolo da primeira ligação. Só queria que houvesse uma consistência nas informações passadas. Não é nada urgente, mas seria bom ter um retorno claro.",,Em análise,CPF,
REC-2026-00513,2025-12-01,SAC,"Oi gente, to escrevendo pq apareceu uma cobrança no meu seguro de vida q eu nao entendo 😤 Meu nome é Ricardo Fonseca de Almeida e faz uns 2 meses q vem caindo um debito de R$ 47,00 todo mes sendo q eu ja cancelei esse negocio. Liguei la e ngm resolve nada, fica passando de um atendente pro outro. Ja to cansado disso viu, n eh possivel q eh tão dificil resolver um trem desse. So quero meu dinheiro de volta e q parem de cobrar algo q eu ja pedi pra cancelar. Vlw",Seguros,Aberta,NOME,
REC-2026-00424,2025-12-05,SAC,"Estou puto da vida com esse banco! Meu nome é Ricardo Antônio Ferreira, conta 45832-7, e faz mais de três semanas que estou tentando resgatar meu investimento em CDB e o sistema simplesmente não deixa. Toda vez dá erro, e quando ligo ninguém resolve nada. Meu dinheiro está preso e eu PRECISO dele agora. Já perdi uma oportunidade de negócio por causa dessa incompetência. Isso é um absurdo! Vou registrar reclamação no Banco Central e no Reclame Aqui se não resolverem até amanhã. Não é possível que um banco desse tamanho não consiga fazer uma operação básica de resgate. Que merda de serviço, sinceramente. Quero uma solução IMEDIATA.",Investimentos,Em análise,"CONTA,NOME",S
REC-2026-00588,2025-12-07,Ouvidoria,"Que palhaçada é essa?? Tão me cobrando uma dívida que EU NÃO FIZ! Já mandei e-mail, já liguei, já fui na agência e ninguém resolve porra nenhuma! Toda vez é a mesma ladainha de 'vamos analisar', 'prazo de 10 dias úteis', e no fim não fazem NADA. Meu nome tá sujo por culpa de vocês e eu não consigo nem financiar uma moto por causa dessa merda. Já registrei reclamação no Banco Central e no Reclame Aqui, e se em uma semana não tirarem meu nome dos órgãos de proteção ao crédito, vou meter um processo judicial. Tô cansado de ser tratado que nem lixo por esse banco incompetente. RESOLVAM!",,Em análise,,S
REC-2026-00526,2025-12-09,Redes Sociais,"Oi, meu nome é Ricardo Almeida Souza, conta 71204-3, e to com um problemão aqui 😠 Veio uma cobrança de R$ 347,00 no meu extrato do dia 15/02 e eu n faço ideia do q seja isso. N comprei nada, n contratei nada, simplesmente apareceu la. Ja liguei 2x e ngm sabe me explicar. Da primeira vez disseram q iam verificar e retornar em 48h, nunca retornaram. Da segunda vez o atendente falou q era uma ""taxa de serviço"" mas n soube dizer qual serviço. To achando isso mto estranho, viu. Quero estorno e uma explicaçao decente pfv.",,Aberta,"CONTA,NOME",
REC-2026-00276,2025-12-09,Redes Sociais,"Gostaria de registrar uma reclamação referente ao atendimento recebido na agência centro da minha cidade no dia 15 de março. Sou correntista há mais de seis anos, meu nome é Ricardo Mendonça Ferreira, conta corrente 48372-6, e fui orientado de forma incorreta sobre um procedimento de portabilidade de salário. O atendente informou que o processo levaria dois dias úteis, porém já se passaram onze dias úteis sem qualquer retorno. Tentei contato pelo chat e telefone, mas as informações são divergentes. Solicito que a situação seja resolvida com a devida urgência e que eu receba um posicionamento claro sobre o andamento da portabilidade.",Conta Corrente,Em análise,"CONTA,NOME",
REC-2026-00597,2025-12-11,Banco Central,"Prezados, dirijo-me a esta instituição para relatar uma situação de extrema gravidade envolvendo minha conta de número 48271-3. Em consulta ao sistema do banco, identifiquei a contratação de um empréstimo consignado no valor de R$ 8.500,00, datado de 03 de janeiro deste ano, o qual não reconheço e não autorizei em nenhum momento. Não recebi qualquer comunicação prévia sobre essa operação, nem realizei solicitação por quaisquer canais disponíveis. Solicito formalmente a abertura de procedimento investigativo para apuração de possível fraude ou acesso indevido à minha conta. Requeiro ainda a suspensão imediata das parcelas vinculadas a este suposto empréstimo até a conclusão da análise. Permaneço à disposição para fornecer documentação complementar que se faça necessária.",Empréstimo,Em análise,CONTA,
REC-2026-00533,2025-12-11,Redes Sociais,Que porcaria de serviço é esse? Pago uma fortuna de tarifa todo mês pra ter um serviço que não funciona NUNCA. Tentei resolver um problema pelo aplicativo e o sistema caiu. Liguei pro SAC e fiquei mais de 40 minutos na espera pra uma atendente me dizer que não podia fazer nada e que eu tinha que ir na agência. Fui na droga da agência e a gerente disse que o problema era do sistema e pra eu voltar outro dia. Outro dia? Tô perdendo dia de trabalho por causa da incompetência de vocês! Isso é um desrespeito total com o cliente. Tô puto da vida com esse banco maldito. Se não resolverem essa merda logo vou trocar de banco e levar todo mundo que eu conheço junto.,,Em análise,,S
REC-2026-00258,2025-12-11,SAC,"Já é a terceira vez que tento cancelar essa porcaria de conta corrente e vocês ficam inventando desculpa. Primeiro disseram que tinha pendência, fui lá e resolvi. Depois disseram que precisava de um formulário específico que só o gerente podia dar, e o gerente nunca está disponível. Agora inventaram que preciso agendar horário com 15 dias de antecedência. Que saco! Eu não quero mais ser cliente desse banco, é tão difícil de entender? Parem de me enrolar e cancelem essa droga de conta de uma vez. Se não cancelarem essa semana, vou no Procon e pronto.",Conta Corrente,Em análise,,S
REC-2026-00271,2025-12-12,Redes Sociais,"Verificando minha fatura do cartão de crédito referente ao mês de fevereiro, identifiquei uma cobrança de anuidade no valor de R$ 290,00 que não deveria constar. Quando contratei o cartão, a condição negociada foi isenção total de anuidade pelo período de 24 meses, e estou apenas no décimo segundo mês de uso. Meu CPF é 158.634.279-03. Solicito a verificação dessa cobrança e o estorno do valor na próxima fatura. Tenho o contrato original que comprova a condição de isenção.",Cartão de Crédito,Resolvida,CPF,
REC-2026-00594,2025-12-13,Banco Central,"Meu nome é Ricardo Almeida dos Santos e, sinceramente, tenho que parabenizar a instituição pela criatividade. Recebi a fatura do meu cartão de crédito com uma cobrança de anuidade que, segundo o atendente que me vendeu o cartão, seria isenta pelos primeiros dois anos. Estamos no oitavo mês. Parabéns pela matemática. Liguei para contestar e o atendente disse que não havia registro dessa negociação no sistema, como se eu tivesse inventado a conversa. É fascinante como promessas de venda evaporam no momento em que o cliente questiona. Gostaria de saber se existe alguma forma de a instituição honrar o que foi acordado ou se devo simplesmente aceitar que fui ludibriado com um sorriso.",Cartão de Crédito,Aberta,NOME,
REC-2026-00206,2025-12-13,Banco Central,"Venho por meio desta informar que identifiquei uma situação irregular relacionada ao meu seguro de vida. No extrato do mês de fevereiro, consta uma alteração de beneficiário que eu não solicitei. Aparentemente, alguém acessou minha conta e modificou os dados da apólice sem minha autorização. Meu CPF é 728.195.403-82. Gostaria de entender como isso aconteceu, uma vez que não compartilhei minhas credenciais com terceiros. Solicito que verifiquem os registros de acesso à minha conta para identificar a origem dessa alteração. Não houve prejuízo financeiro até o momento, mas considero a situação preocupante do ponto de vista de segurança. Aguardo retorno com as providências que serão tomadas.",Seguros,Em análise,CPF,
REC-2026-00627,2025-12-13,SAC,"Que merda é essa que apareceu na minha conta?? Tem três compras que eu NÃO fiz, uma de R$ 230 numa loja online que nunca ouvi falar, outra de R$ 89 em um aplicativo de jogos e mais uma de R$ 412 num site gringo. Eu nem saí de casa essa semana, caramba! Liguei no banco e a atendente ficou me pedindo pra verificar se não era alguém da família. Sério isso? Quero que cancelem essas transações e me devolvam o dinheiro. Se tiveram acesso à minha conta, o problema é de vocês que não garantem segurança. Que raiva!",,Aberta,,S
REC-2026-00468,2025-12-14,Banco Central,"Que banco filho da mãe! Entrei na minha conta de investimentos ontem e descobri que alguém resgatou R$ 2.300 do meu fundo sem minha autorização. Eu não fiz esse resgate, não autorizei ninguém a mexer nos meus investimentos. O pior é que o dinheiro foi parar na conta corrente e de lá fizeram um Pix pra sei lá quem. Que segurança é essa? Cadê a autenticação em duas etapas que vocês tanto falam? Uma porcaria! Liguei pro banco e o atendente ficou com um papo mole de que vai ser analisado. Analisado o quê, cara? Roubaram meu dinheiro! Exijo que resolvam essa merda e devolvam meu dinheiro. Que incompetência absurda.",Investimentos,Em análise,,S
REC-2026-00517,2025-12-14,Redes Sociais,"Eu não aguento mais essa palhaçada! Vocês estão me cobrando R$ 250,00 por mês de uma porcaria de um serviço que eu NUNCA contratei na minha conta 15987-3. Isso já vem acontecendo há QUATRO meses e ninguém resolve nada! Toda vez que eu ligo, fico mais de uma hora no telefone pra ouvir que vão abrir protocolo. Protocolo? Já tenho uns dez protocolos e NENHUM resolveu merda nenhuma! Quero meu dinheiro de volta, são mil reais que vocês me roubaram! Se não resolverem essa semana, vou direto no Procon e no Banco Central, e ainda vou meter no Reclame Aqui pra todo mundo ver como vocês tratam o cliente. Absurdo total!",,Em análise,CONTA,S
REC-2026-00638,2025-12-15,Ouvidoria,"Estou puto da vida com essa cobrança absurda que apareceu na minha fatura! Me cobraram R$ 75,00 de tarifa de manutenção de conta que eu NUNCA contratei. Liguei pra essa droga de SAC e o atendente ainda teve a cara de pau de dizer que eu tinha concordado com a mudança de pacote de serviços. Concordei quando?! Nunca recebi nenhum comunicado, nenhum e-mail, nada! Vocês enfiam cobrança na conta da gente achando que ninguém vai perceber? Pois eu percebi e quero meu dinheiro de volta. E não só desse mês, quero que verifiquem os últimos 6 meses porque aposto que já vinham me cobrando essa porcaria antes. Que palhaçada!",,Aberta,,S
REC-2026-00203,2025-12-15,Redes Sociais,"Que maravilha de experiência cancelar um seguro residencial nesse banco, viu? Eu, Roberto Nascimento de Almeida, CPF 341.872.609-54, venho tentando cancelar meu seguro desde novembro do ano passado. Já liguei umas seis vezes. Cada vez me dizem que o cancelamento foi processado, e no mês seguinte lá está a cobrança na fatura de novo. É quase um talento conseguir ser tão ineficiente assim. Na última ligação, a atendente jurou de pé junto que dessa vez ia funcionar. Spoiler: não funcionou. É impressionante como é fácil contratar e impossível cancelar. Parece que o botão de cancelar sumiu do sistema. Aguardo ansiosamente mais uma cobrança indevida no próximo mês.",Seguros,Aberta,CPF,
REC-2026-00403,2025-12-16,SAC,"Olha, eu achei genial a ideia do banco de me cobrar duas anuidades no mesmo mês na minha conta corrente. Parabéns pela criatividade! Meu CPF é 341.587.219-60 e já liguei três vezes pedindo explicação. Na primeira vez disseram que iam resolver em 5 dias úteis. Na segunda, em 10. Na terceira, a moça disse que não achava o protocolo anterior. Incrível a organização, viu? O débito saiu em duplicidade e ninguém consegue me dar uma posição. Tô começando a achar que o sistema de vocês foi programado pra cobrar em dobro e devolver pela metade. Aguardo retorno com ansiedade, como sempre.",Conta Corrente,Em análise,CPF,
REC-2026-00456,2025-12-18,Banco Central,"Prezados senhores, dirijo-me a esta instituição para contestar formalmente cobranças que considero indevidas em minha conta. Sou titular da conta e meu CPF é 728.451.039-62. Nos últimos três meses, venho sendo cobrado por uma tarifa de manutenção de pacote de serviços no valor de R$ 42,50 mensais, totalizando R$ 127,50. Ocorre que em setembro de 2025 solicitei a migração para o pacote essencial, que é isento de tarifas. Possuo o protocolo de atendimento referente à solicitação. Exijo o estorno integral dos valores e a regularização imediata do meu pacote. Caso a situação não seja resolvida em até 7 dias, tomarei as medidas cabíveis junto ao Banco Central e órgãos de defesa do consumidor.",,Resolvida,CPF,
REC-2026-00437,2025-12-19,Redes Sociais,"Venho por meio desta informar que identifiquei uma cobrança indevida em minha conta corrente. No dia 05/03/2026 foi debitado o valor de R$ 129,00 referente a uma tarifa de manutenção de conta que, conforme acordado na abertura, deveria ser isenta enquanto eu mantivesse o salário depositado na conta. Meu CPF é 418.237.659-03 e gostaria de solicitar o estorno desse valor. Tenho todos os comprovantes da época da abertura da conta onde consta a isenção. Aguardo retorno em até 5 dias úteis para resolução, caso contrário tomarei as providências cabíveis junto aos órgãos competentes.",Conta Corrente,Aberta,CPF,
REC-2026-00580,2025-12-20,SAC,"Prezados, identifico cobranças indevidas de tarifa de manutenção na minha conta corrente número 58937-4 referentes aos meses de janeiro e fevereiro de 2026. Quando abri a conta, fui informado de que se tratava de uma conta digital isenta de tarifas mensais. No entanto, nos últimos dois meses foram debitados R$ 32,90 por mês a título de manutenção. Solicito o estorno imediato do valor total de R$ 65,80 e a correção do plano da conta conforme contratado originalmente. Caso não seja resolvido, formalizarei a reclamação junto ao Banco Central.",Conta Corrente,Aberta,CONTA,
REC-2026-00504,2025-12-23,Redes Sociais,"Que atendimento maravilhoso o de vocês, hein? Liguei na central e fiquei exatos quarenta e sete minutos ouvindo aquela musiquinha encantadora. Quando finalmente fui atendido, a moça pediu meus dados, meu CPF 712.045.389-66, conta 30412-8, nome Cláudia Ferreira Monteiro, e depois me transferiu para outro setor, onde — surpresa! — caiu a ligação. Tentei de novo pelo chat do aplicativo e o robô ficou me mandando em círculos sem resolver absolutamente nada. Só queria uma informação simples sobre um débito que apareceu no meu extrato. Mas aparentemente isso é pedir demais, né? Parabéns pela eficiência.",,Aberta,"CPF,CONTA,NOME",
REC-2026-00343,2025-12-24,Banco Central,"Que palhaçada é essa? Apareceu uma cobrança de R$ 89,90 na minha fatura que eu nunca autorizei. Não contratei serviço nenhum, não assinei porra nenhuma e querem me enfiar uma cobrança goela abaixo? Já liguei duas vezes e o atendente fica enrolando dizendo que vai analisar. Analisar o quê, cara? Eu não devo nada! Tô de saco cheio desse banco que vive inventando cobrança do nada. Se não estornarem esse valor até o próximo vencimento, vou deixar review negativa em todo canto da internet. Banco ladrão.",,Aberta,,S
REC-2026-00301,2025-12-25,Banco Central,"Estou passando por uma situação desesperadora com cobranças indevidas no meu cartão de crédito do Banco Esfera. Nos últimos quatro meses identifiquei cobranças recorrentes de um serviço chamado ""Proteção Digital Premium"" no valor de R$ 39,90 por mês que nunca contratei. Já liguei cinco vezes pedindo o cancelamento e o estorno, e todas as vezes me garantiram que seria resolvido. O número da minha conta é 58274-3 e já tenho todos os protocolos anotados. O total cobrado indevidamente já soma R$ 159,60 e continuo vendo a cobrança na fatura. Não aguento mais essa situação, me sinto impotente diante de um banco que simplesmente ignora o cliente. Só quero meu dinheiro de volta e que parem de me cobrar por algo que não pedi.",Cartão de Crédito,Em análise,CONTA,
REC-2026-00521,2025-12-25,Ouvidoria,"PELO AMOR DE DEUS, EU JÁ PEDI O CANCELAMENTO DESSA DROGA SEIS VEZES! Seis vezes! E todo mês continua vindo cobrança, continua caindo débito, continua essa sacanagem! Eu não quero mais NADA com essa instituição, será que é tão difícil de entender? Já fui no Procon, já abri reclamação no Banco Central e já registrei tudo no Reclame Aqui. Vocês não respeitam o consumidor! O Código de Defesa do Consumidor existe pra quê, afinal? Vou procurar um advogado porque isso já passou de todos os limites. Quero o cancelamento DEFINITIVO e o estorno de TODOS os valores cobrados desde a minha primeira solicitação em outubro do ano passado. Se não resolverem, a próxima conversa vai ser na Justiça, podem ter certeza disso!",,Aberta,,S
REC-2026-00319,2025-12-25,SAC,"Por favor, eu preciso muito de ajuda, não sei mais o que fazer. Meu CPF é 714.395.268-01 e já liguei umas seis vezes essa semana tentando resolver uma questão urgente e toda vez me dizem que vão retornar e nunca retornam. Estou com uma pendência que está afetando minha vida inteira, não consigo dormir direito, estou com medo de ter meu nome negativado por algo que não é culpa minha. Eu imploro que alguém com autoridade pegue meu caso e resolva. Sou cliente há mais de oito anos e nunca pedi nada, mas agora estou desesperado. Qualquer retorno que seja, por favor, eu só preciso de uma resposta.",,Resolvida,CPF,
REC-2026-00490,2025-12-26,Redes Sociais,"Quero saber que merda é essa de quatro compras no meu cartão de crédito que eu não fiz. Duas em loja online de eletrônicos, uma em um site de apostas e outra numa farmácia, tudo no mesmo dia, totalizando R$ 4.780,00. Eu estava trabalhando o dia inteiro e meu cartão físico estava na minha carteira. Claramente alguém clonou meus dados. Liguei no banco e bloquearam o cartão, mas disseram que o estorno depende de análise e pode levar até 30 dias. Trinta dias com quase cinco mil a menos? Vocês acham isso razoável? Quero uma posição urgente sobre isso e a contestação aprovada o mais rápido possível.",Cartão de Crédito,Aberta,,S
REC-2026-00405,2025-12-27,Banco Central,"Porra, eu tô de saco cheio desse cartão de crédito! Meu nome é Ricardo Fernandes de Oliveira, conta 48231-7, e faz três faturas que vem cobrança de seguro que eu não pedi. Já falei que não quero essa merda de seguro prestamista e toda vez a atendente diz que cancelou. Aí chega o mês seguinte e lá está a cobrança de novo. Que droga de sistema é esse? Vocês acham que cliente é trouxa? Quero esse seguro cancelado de verdade e quero o estorno dos três meses que foram cobrados. Não vou pagar por algo que eu nunca autorizei, ponto final.",Cartão de Crédito,Em análise,"CONTA,NOME",S
REC-2026-00285,2025-12-28,Redes Sociais,"Meu nome é Roberto Nascimento Ferreira e estou puto da vida com esse banco. Entrei na minha conta de investimentos ontem à noite e descobri que fizeram um resgate de R$ 8.400,00 do meu fundo de renda fixa sem minha autorização. Eu não fiz essa transação, não autorizei ninguém, e o dinheiro simplesmente sumiu. Liguei para o banco e me disseram que o resgate foi feito pelo aplicativo, mas eu nem estava com o celular naquela hora. Isso é acesso indevido, é fraude, e o banco tem que me devolver esse dinheiro. Que segurança é essa? Cadê a autenticação em dois fatores que tanto falam? Quero meu dinheiro de volta e quero saber quem acessou minha conta.",Investimentos,Aberta,NOME,
REC-2026-00447,2025-12-30,Ouvidoria,"Que lindo, hein? Minha conta 73921-6 está sendo cobrada com taxa de custódia de R$ 29,90 por mês num fundo de investimento que eu nem sabia que existia! Aparentemente alguém teve a brilhante ideia de me colocar num produto que eu nunca solicitei e agora querem me cobrar por isso. Já estou sendo cobrado há quatro meses, ou seja, quase R$ 120 jogados fora. CPF 529.416.783-02, pra facilitar a localização. Se não resolverem isso em 48 horas com estorno completo, meu próximo passo é o Banco Central e o Reclame Aqui. Parabéns pela criatividade em inventar cobranças.",Investimentos,Aberta,"CPF,CONTA",
REC-2026-00417,2025-12-30,SAC,"Que palhaçada é essa? Meu nome é Cláudia Ferreira dos Santos, CPF 829.461.037-55, e apareceu uma transferência de R$ 2.700,00 que eu não fiz. Uma porcaria de PIX pra uma conta que nunca vi na vida. Já não é a primeira vez que isso acontece, da outra vez demorou quase 40 dias pra devolver o dinheiro. Esse banco não tem segurança nenhuma, é uma vergonha. Fica mandando SMS de confirmação que eu nunca recebi, como que aprovaram essa droga de transação? Tô de saco cheio já. Não vou ficar correndo atrás de resolver problema que vocês criaram.",,Aberta,"CPF,NOME",S
REC-2026-00197,2026-01-02,Banco Central,"Boa tarde. Meu nome é Carlos Eduardo Mendonça de Oliveira e estou tentando resolver uma situação no aplicativo do banco desde a semana passada. A tela de extrato simplesmente não carrega e fica dando erro toda vez que tento acessar. Já desinstalei e reinstalei o app, limpei o cache, tentei pelo navegador e nada funciona. Preciso acompanhar minhas movimentações e não consigo. Gostaria de saber se há alguma manutenção em andamento ou se o problema é na minha conta especificamente. Agradeço qualquer orientação.",,Aberta,NOME,
REC-2026-00280,2026-01-02,Redes Sociais,"Venho solicitar a revisão de uma cobrança aplicada à minha conta de investimentos. Meu nome é Patrícia de Souza Alvarenga, CPF 341.872.609-55, e identifiquei a incidência de uma taxa de administração de R$ 47,00 sobre um fundo que, conforme material informativo disponibilizado no momento da aplicação, possuía taxa zero para aportes realizados até dezembro de 2025. Meu aporte foi feito em novembro de 2025, portanto dentro do período promocional. Solicito a verificação e o eventual estorno do valor cobrado indevidamente.",Investimentos,Em análise,"CPF,NOME",
REC-2026-00498,2026-01-03,Banco Central,"Gostaria de registrar uma reclamação sobre cobrança indevida de taxa de administração em minha aplicação de fundos de investimento. Na conta 45832-7, verifico que desde dezembro de 2025 está sendo cobrada uma taxa de administração de 2,5% ao ano, sendo que no momento da contratação a taxa acordada era de 1,8% ao ano. Não recebi nenhuma comunicação prévia sobre alteração de taxa, conforme exige a regulamentação. Solicito o esclarecimento sobre essa mudança e a devolução dos valores cobrados a maior nos últimos três meses. Caso a situação não seja regularizada em até dez dias úteis, levarei a questão ao Banco Central do Brasil para as devidas providências.",Investimentos,Em análise,CONTA,
REC-2026-00453,2026-01-04,Banco Central,"Prezados, venho por meio desta formalizar reclamação referente a cobranças indevidas em meu cartão de crédito. Meu nome é Ricardo Antônio Ferreira da Silva, CPF 341.892.576-04. Na fatura com vencimento em fevereiro de 2026, identifiquei a cobrança de uma anuidade no valor de R$ 489,00, sendo que no momento da contratação do cartão fui informado de que o produto seria isento de anuidade pelo período de 24 meses. O referido prazo ainda não se encerrou. Entrei em contato com a central de atendimento por duas vezes, obtendo os protocolos 2026020187 e 2026021543, porém até o momento não houve estorno. Solicito a imediata correção e o ressarcimento do valor cobrado indevidamente. Aguardo retorno em até 5 dias úteis.",Cartão de Crédito,Em análise,"CPF,NOME",
REC-2026-00458,2026-01-05,Banco Central,"Meu nome é Fernando Augusto Leal Pinto e gostaria de registrar uma reclamação sobre o atendimento que recebi ao tentar acionar meu seguro auto. Tive um sinistro no dia 8 de março e liguei para a central de sinistros. Fui transferido quatro vezes entre setores diferentes e no final a ligação caiu. Tentei novamente no dia seguinte e consegui abrir o chamado, mas já se passaram 12 dias e ninguém entrou em contato para a vistoria. O carro está parado na oficina e estou pagando táxi pra ir trabalhar. O atendimento deveria ser mais organizado, é frustrante ter que repetir a mesma história toda vez que ligo.",Seguros,Em análise,NOME,
REC-2026-00265,2026-01-05,Ouvidoria,"Gostaria de relatar uma cobrança indevida na minha conta corrente. No extrato do mês de fevereiro apareceu um débito de R$ 39,90 referente a um pacote de serviços que não reconheço e não autorizei. Meu CPF é 341.892.067-54. Entrei em contato pelo chat do aplicativo e o atendente disse que seria verificado, mas já se passaram quinze dias e nada mudou. Não é um valor alto, mas não concordo em pagar por algo que não contratei. Peço a gentileza de verificarem e estornarem o valor.",Conta Corrente,Aberta,CPF,
REC-2026-00639,2026-01-06,Banco Central,"ola meu nome é Cláudia Beatriz Santos e to fazendo essa reclamação pq apareceu uma cobrança estranha na minha conta 😕 tao me cobrando uma taxa de 29,90 todo mes q segundo o atendente é de um pacote digital premium sei la oq. nunca pedi isso gente, nem sabia q existia esse tal pacote. ja tentei cancelar pelo app mas nao tem opção pra isso, liguei la e disseram q ia cancelar mas continua vindo a cobrança. ja são 3 meses pagando por algo q eu nao uso e nao pedi. queria q devolvessem os 89,70 q ja me cobraram e cancelassem de vez esse negocio. obrigadaa",,Aberta,NOME,
REC-2026-00268,2026-01-07,Redes Sociais,"Estou completamente desesperada e não sei mais o que fazer. Meu CPF é 729.403.158-62 e há quatro meses tento resolver um problema com o seguro de vida que contratei para minha mãe. Ela faleceu em novembro e desde então só recebo negativas e pedidos de documentos que já enviei três vezes. Cada vez inventam uma exigência nova. Isso é desumano, estou passando por um momento muito difícil e o banco não tem a menor consideração. Já entrei com reclamação no Procon e no Banco Central. Se não resolverem essa semana, vou procurar a imprensa, porque o que estão fazendo comigo é criminoso. Preciso desse dinheiro para pagar as dívidas que ficaram do tratamento dela. Por favor, alguém me ajude.",Seguros,Aberta,CPF,
REC-2026-00449,2026-01-08,Redes Sociais,"Estou puto da vida com esse banco! Minha conta corrente 60284-5 está sendo cobrada com tarifa de manutenção de R$ 37,50 por mês, sendo que meu pacote de serviços é o essencial gratuito. CPF 817.503.246-91. Já reclamei pelo chat, pelo telefone e na agência, e sempre a mesma conversa de que vão abrir protocolo. Protocolo não paga minha conta! Quero o estorno dos últimos seis meses dessa cobrança indevida, que já soma mais de R$ 200. Isso é um absurdo, é roubo na cara dura. Se não resolverem essa merda, vou acionar o Procon.",Conta Corrente,Resolvida,"CPF,CONTA",S
REC-2026-00576,2026-01-08,SAC,"Eu não aguento mais essa porcaria de atendimento! Faz dois meses que estou tentando resgatar meu investimento em CDB e toda santa vez inventam uma desculpa diferente. Primeiro disseram que o sistema estava em manutenção, depois que faltava documento, agora falam que o prazo de resgate mudou. Que p*rra é essa? Meu CPF é 312.876.490-55 e eu exijo que liberem meu dinheiro imediatamente. É o MEU dinheiro, droga! Já perdi rendimento por causa dessa enrolação absurda. Vocês acham que investidor é palhaço? Vou registrar essa merda no Reclame Aqui pra todo mundo ver como vocês tratam o cliente.",Investimentos,Em análise,CPF,S
REC-2026-00641,2026-01-09,SAC,"Ah, que surpresa agradável abrir meu extrato e descobrir que o banco resolveu me presentear com uma tarifa de R$ 45,00 por mês na minha conta corrente 63947-1, sem nem ter a gentileza de me avisar. Que consideração, realmente. Aparentemente agora eu pago por um pacote de serviços premium que inclui benefícios que nunca usei e provavelmente nunca vou usar. Entrei em contato pelo chat e a resposta brilhante foi que houve uma migração automática de pacote. Automática. Como se o meu dinheiro fosse de vocês para decidir como gastar. Gostaria muito do estorno dos valores cobrados nos últimos quatro meses e da migração da minha conta para o pacote básico sem tarifas, como era antes dessa generosidade unilateral de vocês.",Conta Corrente,Em análise,CONTA,
REC-2026-00260,2026-01-10,Redes Sociais,"Que atendimento nota dez, viu? Parabéns! Meu nome é Fernanda Oliveira Braga, CPF 529.841.763-02, e faz exatamente 47 dias que abri um chamado pelo aplicativo. Quarenta e sete dias! O protocolo deve estar juntando poeira em alguma gaveta digital. Liguei na central e a moça gentilmente me informou que o prazo de resposta é de até 5 dias úteis. Eu ri, claro, porque aparentemente o calendário de vocês funciona diferente do resto do planeta. Seria cômico se não fosse trágico. Será que preciso mandar uma carta registrada com aviso de recebimento para alguém finalmente olhar meu caso? Fico no aguardo da resposta, mas não vou prender a respiração.",,Resolvida,"CPF,NOME",
REC-2026-00323,2026-01-12,Banco Central,"Eu não aguento mais esse banco de merda! Meu nome é Roberto Carlos Ferreira da Silva, CPF 847.293.156-04, e faz três meses que estou tentando resolver um problema na minha conta corrente. Todo mês aparece uma tarifa que ninguém sabe explicar de onde vem. Já liguei pro SAC umas cinco vezes e cada atendente fala uma coisa diferente. Um diz que é tarifa de manutenção, outro diz que é pacote de serviços, e o último simplesmente desligou na minha cara. Que porcaria de atendimento é esse? Vocês acham que cliente é palhaço? Quero a devolução de todos os valores cobrados indevidamente na minha conta corrente e uma explicação decente, pelo amor de Deus.",Conta Corrente,Em análise,"CPF,NOME",S
REC-2026-00499,2026-01-15,Banco Central,"Meu nome é Fernando Augusto Braga, CPF 728.193.450-66, e eu quero deixar registrado que o atendimento desse banco é uma vergonha. Liguei pra resolver um problema no meu cartão de crédito que tava bloqueado sem motivo, fiquei 47 minutos na espera, e quando finalmente atenderam, a moça simplesmente disse que não podia fazer nada e que eu tinha que ir na agência. Fui na agência, peguei senha, esperei mais 1 hora e o gerente me disse que o problema era no sistema e pra eu ligar pro 0800. É sério isso? Fica jogando o cliente de um lado pro outro que é pra cansar e desistir, né? Uma falta de respeito absurda com quem paga tarifa todo mês.",Cartão de Crédito,Resolvida,"CPF,NOME",
REC-2026-00195,2026-01-15,Ouvidoria,"Prezados senhores, venho solicitar providências urgentes em relação à apólice de seguro residencial vinculada à minha conta corrente nº 45832-7. Contratei o seguro em janeiro deste ano com cobertura para danos elétricos e incêndio, porém ao registrar um sinistro referente a um curto-circuito que danificou meus eletrodomésticos, fui informado de que a cobertura contratada não incluía danos elétricos. Ocorre que possuo cópia do contrato digital onde consta claramente esta cobertura. O prejuízo estimado é de R$ 8.400,00 e necessito de uma posição imediata. Caso não obtenha resposta satisfatória em 48 horas, serei obrigado a registrar reclamação junto ao Banco Central e à Superintendência de Seguros.",Seguros,Aberta,CONTA,
REC-2026-00208,2026-01-16,Redes Sociais,"Gostaria de relatar um problema com meu cartão de crédito que considero de certa urgência. Minha conta é a de número 58234-7. Desde a semana passada, não consigo realizar compras online com o cartão. Ele é recusado em todos os sites, apesar de ter limite disponível. Tentei contato pelo chat do aplicativo e fui informado que não havia bloqueio. Fui à agência e disseram que estava tudo normal no sistema. Porém, o cartão continua não funcionando. Preciso resolver isso com certa rapidez pois utilizo o cartão diariamente para compras de trabalho e estou tendo que pedir emprestado a colegas. Peço que analisem o caso e me deem um retorno o mais breve possível.",Cartão de Crédito,Aberta,CONTA,
REC-2026-00196,2026-01-19,Redes Sociais,"Que maravilha, hein? O banco resolveu me presentear com uma tarifa de R$ 15,00 por mês que eu nunca pedi. Muito obrigado pela generosidade de vocês em debitar da minha conta corrente sem nem avisar. Sou titular do CPF 481.239.657-03 e gostaria muito de saber qual gênio aí dentro decidiu que eu precisava pagar por um serviço de SMS que eu nem sabia que existia. Seria cômico se não fosse o meu dinheiro. Enfim, aguardo o estorno dos valores e um pedido formal de desculpas, embora eu não tenha muita esperança de que isso vá acontecer.",Conta Corrente,Aberta,CPF,
REC-2026-00235,2026-01-20,SAC,"Eu não acredito que em pleno 2026 vocês ainda não conseguem resolver um problema simples de conta corrente. Faz duas semanas que meu limite de transferência pelo Pix tá travado em R$ 500 por dia, sendo que eu já solicitei o aumento três vezes. Cada vez que ligo, um atendente fala uma coisa diferente, é de dar raiva! Um disse que era problema no sistema, outro falou que eu tinha que ir na agência, e o terceiro simplesmente não soube explicar. Porra, eu preciso usar minha própria conta e vocês ficam me enrolando! Que serviço mais porco. Vou trocar de banco se isso não for resolvido essa semana, tô de saco cheio dessa incompetência.",Conta Corrente,Aberta,,S
REC-2026-00563,2026-01-20,SAC,"Quero deixar registrado que apareceu no extrato da minha conta corrente um débito de R$ 89,90 que eu não reconheço. Parece ser de uma loja online que eu nunca ouvi falar na vida. Já tentei entrar no app pra contestar e o sistema simplesmente não deixa. Que merda de banco é esse que não tem nem uma opção decente pra contestar transação? Liguei na central e a atendente disse que eu tenho que ir na agência presencialmente. Sério isso? Em pleno 2026 tenho que sair do trabalho pra resolver uma besteira dessas? Enfim, não é um valor alto, mas é o princípio da coisa. Não autorizei essa transação e quero meu dinheiro de volta.",Conta Corrente,Aberta,,S
REC-2026-00172,2026-01-21,Banco Central,"Eu não aguento mais essa palhaçada! Faz três meses que estou sendo cobrado por uma tarifa de manutenção de conta que EU NUNCA CONTRATEI. Já liguei mais de oito vezes, cada atendente fala uma coisa diferente e ninguém resolve porra nenhuma. Meu CPF é 418.293.756-02 e tá todo sujo por causa dessa incompetência de vocês. Já registrei reclamação no Banco Central e segunda-feira vou no Procon pessoalmente. Se até sexta não estornarem os R$ 347,80 que debitaram indevidamente da minha conta, vou acionar meu advogado e entrar com ação por danos morais. Vocês acham que cliente é trouxa? Tô guardando todos os protocolos e prints. Pode ter certeza que isso vai parar na imprensa também, já mandei e-mail pra redação do jornal da minha cidade. Resolvam isso AGORA.",,Aberta,CPF,S
REC-2026-00543,2026-01-23,Ouvidoria,"Pelo amor de Deus, estou sendo cobrada indevidamente no meu cartão de crédito e não consigo resolver isso de jeito nenhum! Meu nome é Cláudia Ferreira dos Santos, minha conta é 45832-7, e já liguei mais de dez vezes para o banco pedindo o estorno de uma anuidade que eu NÃO devia pagar porque meu plano é isento. Cada atendente fala uma coisa diferente, abrem protocolo e nada acontece. Já chorei de frustração com essa situação. Estou com medo de ficar negativada por causa de uma cobrança que não é minha culpa. Preciso muito que alguém olhe meu caso com atenção, porque eu dependo do meu crédito limpo para o financiamento da minha casa. Estou desesperada, por favor me ajudem.",Cartão de Crédito,Aberta,"CONTA,NOME",
REC-2026-00520,2026-01-24,Banco Central,"Interessante como a segurança de vocês é de ponta, né? Meu nome é Fernando Augusto Ribeiro Lima, CPF 419.283.567-02, e descobri que fizeram três aplicações em fundos de investimento na minha conta sem minha autorização, totalizando R$ 12.400,00. Que eficiência para movimentar o MEU dinheiro sem a MINHA permissão! Não reconheço nenhuma dessas transações e exijo o estorno imediato. Já registrei boletim de ocorrência e vou acionar o Banco Central se não tiver uma resposta concreta em 24 horas. Engraçado como vocês pedem autenticação em dois fatores até para consultar saldo, mas na hora de aplicar mais de dez mil reais do cliente, aí tudo bem, passa direto. Parabéns pela segurança robusta de vocês.",Investimentos,Resolvida,"CPF,NOME",
REC-2026-00501,2026-01-25,Banco Central,"Prezados senhores, por meio desta, solicito esclarecimentos acerca do meu contrato de empréstimo consignado. Sou titular da conta e meu CPF é 492.657.831-20. Ao analisar o demonstrativo de pagamento referente ao mês de fevereiro, observei que o valor descontado em folha foi de R$ 843,00, enquanto o valor contratual da parcela é de R$ 780,00. Gostaria de compreender a que se refere a diferença de R$ 63,00, visto que não localizei no contrato qualquer previsão de reajuste ou cobrança adicional. Agradeço antecipadamente pela atenção e aguardo um retorno com os devidos esclarecimentos dentro de um prazo razoável.",Empréstimo,Em análise,CPF,
REC-2026-00567,2026-01-25,Ouvidoria,"Meu nome é Cláudia Regina de Souza, CPF 341.678.902-55, e estou passando por uma situação que está me tirando o sono. Recebi uma notificação de negativação do meu nome por uma dívida de R$ 3.200 que eu simplesmente não reconheço. Não tenho empréstimo, não tenho financiamento pendente, não tenho nada em atraso com esse banco. Já fui na agência com meus documentos e ninguém soube me explicar de onde veio essa cobrança. A atendente disse que ia abrir um chamado interno e que eu deveria aguardar 15 dias úteis. Enquanto isso, meu nome fica sujo e eu não consigo nem financiar a geladeira que preciso comprar. Estou desesperada. Preciso que investiguem de onde surgiu essa dívida e limpem meu nome o quanto antes.",,Aberta,"CPF,NOME",
REC-2026-00606,2026-01-26,Banco Central,"Prezados senhores, dirijo-me a esta instituição para contestar uma cobrança indevida referente à apólice de seguro residencial vinculada à minha conta corrente nº 48271-3, de titularidade de Marcelo Antônio de Figueiredo, CPF 341.876.209-54. No mês de fevereiro de 2026, fui surpreendido com a cobrança de R$ 327,90 referente a uma renovação automática de seguro que solicitei o cancelamento em novembro de 2025, conforme protocolo de atendimento informado à época. Solicito o estorno integral do valor debitado indevidamente e a confirmação definitiva do cancelamento da referida apólice. Aguardo retorno em até cinco dias úteis.",Seguros,Aberta,"CPF,CONTA",
REC-2026-00438,2026-01-26,Ouvidoria,"Prezados, dirijo-me a este canal para formalizar minha reclamação referente a cobranças indevidas em meu cartão de crédito, conta 45832-7. Nas faturas dos meses de janeiro e fevereiro de 2026, identifiquei a cobrança de um serviço de proteção financeira no valor de R$ 24,90 mensais, totalizando R$ 49,80, o qual jamais foi por mim solicitado ou autorizado. Solicito o estorno integral dos valores cobrados indevidamente, bem como o cancelamento definitivo de qualquer serviço agregado que não tenha sido expressamente contratado. Caso a situação não seja regularizada no prazo de dez dias úteis, tomarei as medidas administrativas e legais cabíveis para resguardar meus direitos como consumidor.",Cartão de Crédito,Aberta,CONTA,
REC-2026-00372,2026-01-27,Ouvidoria,"Que maravilha de atendimento, hein? Liguei cinco vezes essa semana para resolver um problema simples na minha conta 48231-7 e cada vez me passaram para um atendente diferente que não sabia de nada. Meu nome é Roberto Fernandes de Alcântara, CPF 341.872.609-55, e já estou cadastrado no sistema de vocês há mais de oito anos. Será que é pedir demais ter alguém competente do outro lado da linha? Na última ligação fiquei quarenta minutos esperando para ouvir que o sistema estava fora do ar. Parabéns pelo serviço nota dez! Se isso não for resolvido até sexta-feira, vou direto ao Banco Central registrar uma reclamação formal. Estou realmente impressionado com a eficiência de vocês.",,Aberta,"CPF,CONTA,NOME",
REC-2026-00227,2026-01-29,Ouvidoria,"Que maravilha, hein? Mais uma vez fui surpreendida com uma cobrança que não existe na minha fatura. Apareceu um seguro de vida de R$ 89,90 que eu NUNCA contratei. Deve ser um brinde do banco para clientes fiéis como eu, né? Meu nome é Cláudia Beatriz Moreira Santos, CPF 728.193.445-60, e estou registrando esta reclamação porque, pasmem, é a segunda vez que isso acontece. Da primeira vez me estornaram e juraram que não ia se repetir. Pois bem, cá estamos novamente. Será que preciso contratar um advogado para o banco parar de enfiar cobrança na minha conta sem minha autorização?",,Em análise,"CPF,NOME",
REC-2026-00415,2026-01-29,Redes Sociais,"Eu, Roberto Mendes da Silva, estou PUTO DA VIDA com esse banco de merda! Apareceram TRÊS transações no meu extrato que eu NUNCA fiz: uma de R$ 890,00 numa loja online, outra de R$ 1.200,00 num site de aposta e mais uma de R$ 340,00 num delivery. Isso é roubo! Alguém acessou minha conta e vocês não fizeram NADA pra impedir. Cadê a segurança que tanto falam nas propagandas? Já tentei contestar pelo app e o sistema diz que não é possível. Liguei no SAC e a atendente teve a cara de pau de dizer que eu tenho que ir na agência. Vou resolver isso nem que seja na justiça!",,Aberta,,S
REC-2026-00390,2026-01-30,Banco Central,"Eu, Marcos Henrique de Souza Oliveira, estou puto da vida com o atendimento de vocês. É a quinta vez que ligo pedindo pra resolver o problema do meu cartão de crédito e toda vez me enrolam. Fico meia hora na linha, me transferem pra três setores diferentes e no final ninguém resolve nada. Que atendimento é esse? Parece que fazem de propósito pra pessoa desistir. Tô cansado de ser tratado como idiota. Se acham que vou ficar quieto estão enganados. Quero uma solução agora, não semana que vem, não em dez dias úteis, AGORA.",Cartão de Crédito,Em análise,,S
REC-2026-00240,2026-01-31,Banco Central,"Mais uma vez recebo cobrança de parcela do empréstimo que eu já paguei, que saco! Já é a terceira vez que isso acontece e toda vez tenho que perder meu tempo ligando pra vocês pra provar que paguei. Droga de sistema que não reconhece pagamento feito no próprio app de vocês! E o pior é que ainda me mandaram o nome pro Serasa por causa dessa parcela de R$ 315,00. Que absurdo! Tô com o comprovante aqui, quero que tirem meu nome da negativação e parem de me encher o saco com essas cobranças erradas. Banco incompetente da porra.",Empréstimo,Em análise,,S
REC-2026-00252,2026-01-31,SAC,"Que maravilha de banco, hein? Sou cliente há 12 anos e meu cartão de crédito foi bloqueado sem nenhum aviso prévio. Meu nome é Roberto Carvalho Mendes, titular da conta 45823-7, e simplesmente não consigo fazer nenhuma compra desde terça-feira. Liguei cinco vezes para a central e cada atendente me dá uma informação diferente. Um disse que era fraude, outro disse que era atualização cadastral, o terceiro simplesmente desligou na minha cara. Fantástico o serviço de vocês! Já registrei reclamação no Banco Central e na próxima segunda estarei no Procon com toda a documentação. Se não resolverem em 48 horas, vou procurar o Fantástico e o Reclame Aqui. Parabéns pelo descaso com quem paga anuidade em dia todo santo mês.",Cartão de Crédito,Aberta,"CONTA,NOME",
REC-2026-00416,2026-02-01,Ouvidoria,"Gostaria de registrar uma reclamação referente a uma cobrança indevida identificada na fatura do meu cartão de crédito com vencimento em fevereiro de 2026. Consta uma cobrança de anuidade no valor de R$ 495,00, sendo que no momento da contratação fui informado de que o cartão seria isento de anuidade pelo período de 24 meses. Ainda estou dentro desse prazo. Meu CPF cadastrado é 341.728.596-04. Solicito o estorno do valor cobrado indevidamente e a correção para as próximas faturas. Possuo o e-mail de confirmação da isenção da anuidade como comprovante.",Cartão de Crédito,Em análise,CPF,
REC-2026-00163,2026-02-04,SAC,"Oi, to mto irritada com vcs 😤 apareceu uma cobrança de R$ 45,00 de tarifa de manutenção na minha conta corrente 83712-4 sendo q eu tenho pacote isento dessas tarifas!! Ja liguei no sac umas 3 vezes e ngm resolve nada, fica me transferindo de um atendente pro outro e no final cai a ligação. Isso é um absurdo, pq eu tenho q ficar correndo atras de um erro q é de vcs?? Quero meu dinheiro de volta e uma explicação decente do pq tão cobrando isso. Se não resolverem logo vou ter q procurar outros meios pra resolver essa situação.",Conta Corrente,Aberta,CONTA,
REC-2026-00170,2026-02-05,Redes Sociais,"Oi meu nome é Roberto Fernandes de Almeida e to desesperado 😰😰 apareceram umas transferencias na minha conta corrente q eu NÃO fiz!! Foram 3 pix no mesmo dia totalizando quase R$ 2.800 pra pessoas q eu nunca vi na vida. Ja bloqueei tudo pelo app mas to com mto medo pq parece q alguem conseguiu acessar minha conta. Liguei no sac e me falaram q vão analisar em até 10 dias uteis mas isso é mto tempo, preciso desse dinheiro!! Vou registrar um BO hj msm e se não devolverem meu dinheiro rapido vou no Reclame Aqui e no Procon tbm pq isso é um absurdo.",Conta Corrente,Em análise,NOME,
REC-2026-00396,2026-02-06,Redes Sociais,"PELO AMOR DE DEUS, JÁ PAGUEI ESSA DROGA DE EMPRÉSTIMO! Quitei antecipadamente em janeiro e tenho o comprovante de liquidação total. Mesmo assim, esse banco MALDITO continua descontando parcela de R$ 892,50 todo mês direto da minha folha de pagamento. Já são TRÊS meses pagando por algo que não devo mais. Isso é roubo, é crime! Fui na agência duas vezes, protocolei reclamação no SAC, mandei e-mail com todos os comprovantes e NINGUÉM resolve nada. Chega! Já entrei com reclamação no Banco Central, protocolo registrado, e na segunda-feira vou no Procon. Se em uma semana não estornarem os R$ 2.677,50 que me cobraram indevidamente, meu advogado vai entrar com ação judicial pedindo devolução em dobro. Que banco filho da mãe, nunca mais piso nessa espelunca.",Empréstimo,Resolvida,,S
REC-2026-00291,2026-02-07,Banco Central,"Eu, Fernanda Cristina Almeida dos Santos, inscrita no CPF sob o número 459.821.367-83, venho solicitar formalmente o cancelamento imediato de todos os serviços e produtos contratados junto a esta instituição financeira. Apesar de ter realizado a solicitação de encerramento da conta no dia 02 de fevereiro de 2026, até a presente data os serviços permanecem ativos e continuam gerando cobranças mensais. Solicito que todas as cobranças posteriores à data do pedido de cancelamento sejam estornadas integralmente. Informo que, caso a instituição não proceda com o cancelamento e a devolução dos valores no prazo de cinco dias úteis, tomarei as providências cabíveis junto aos órgãos de defesa do consumidor. Aguardo retorno com a confirmação do cancelamento por escrito.",,Aberta,CPF,
REC-2026-00631,2026-02-07,Banco Central,"Meu nome é Roberto Aparecido Fernandes da Silva e estou fazendo essa reclamação porque estou cansado dessa droga de cartão de crédito que vocês empurraram pra mim. Fui na agência resolver outra coisa e saí de lá com um cartão que não pedi, com anuidade que não concordei e com um limite absurdo que não solicitei. Tentei cancelar pelo app e não tem a opção. Liguei e me jogaram de um setor pro outro. É um desrespeito total com o cliente. Não quero esse cartão, nunca quis, e se vier mais uma cobrança de anuidade na minha fatura eu vou estornar tudo e deixar vocês se resolverem.",Cartão de Crédito,Aberta,NOME,S
REC-2026-00239,2026-02-07,Banco Central,"Prezados, dirijo-me a esta ouvidoria para registrar formalmente a ocorrência de transações não reconhecidas em meu cartão de crédito. Na fatura com vencimento em 15 de março de 2026, identifiquei três compras internacionais que totalizam R$ 4.872,55, realizadas em estabelecimentos nos quais jamais efetuei qualquer aquisição. Meu CPF é 517.894.632-88 e a conta vinculada é 71543-9. O cartão esteve em minha posse durante todo o período e não autorizo tais transações. Solicito o bloqueio imediato do cartão comprometido, a abertura de contestação formal das referidas cobranças e o estorno integral dos valores na próxima fatura. Caso não haja resolução em até dez dias úteis, formalizo que levarei a questão ao Banco Central. Aguardo protocolo de atendimento.",Cartão de Crédito,Aberta,"CPF,CONTA",
REC-2026-00467,2026-02-10,Ouvidoria,"to mto revoltada com vcs 😡😡 meu nome é Cláudia Beatriz Mendonça, CPF 341.876.529-04, e to sendo cobrada por parcelas de um emprestimo q EU JA PAGUEI!! ja mandei os comprovantes 3x e ngm me dá retorno. são 4 parcelas q vcs tão cobrando dnovo, mais de R$ 3.200 q eu n devo!!! meu nome ja ta quase indo pro spc por culpa desse banco incompetente. olha, vou falar serio: se n resolverem isso ate semana q vem eu vou no procon E no banco central, ja to com tudo separado. e vou mandar pra imprensa tbm pq isso é um ABSURDO. n é possivel q em pleno 2026 um banco n consiga verificar um pagamento ja feito. to desesperada pq preciso do meu nome limpo pra alugar um apartamento 😭",Empréstimo,Em análise,"CPF,NOME",S
REC-2026-00398,2026-02-11,Banco Central,"ATENÇÃO: Meu nome é Roberto Mendes Figueiredo, conta 45832-7, e fui VÍTIMA DE FRAUDE no seguro de vida que contratei com esse banco de merda. Apareceram duas cobranças de apólices que eu NUNCA contratei, uma de seguro residencial de R$ 189,00 e outra de seguro auto de R$ 347,00, sendo que eu só tenho seguro de vida. Alguém dentro desse banco está usando meus dados pra contratar porcaria que eu não pedi! Isso é CRIME, é estelionato! Já fiz B.O., já registrei reclamação no Banco Central e no Procon, e se não cancelarem essas apólices fraudulentas e devolverem meu dinheiro em até cinco dias úteis, vou procurar o Reclame Aqui e um advogado especialista em direito do consumidor. Estou guardando todos os prints e protocolos. Não vou deixar barato essa palhaçada.",Seguros,Aberta,"CONTA,NOME",S
REC-2026-00619,2026-02-12,Redes Sociais,"Já estou de saco cheio desse atendimento lixo de vocês. Toda vez que preciso resolver qualquer coisa, fico horas na linha ouvindo musiquinha pra no final o atendente não saber de porra nenhuma e me transferir pra outro setor. Aí cai a ligação e tenho que começar tudo de novo. O chat do aplicativo é uma piada, só tem robô que fica dando resposta genérica que não serve pra nada. Fui na agência e tinha DOIS funcionários pra atender umas trinta pessoas. Que descaso é esse? Tô pagando tarifa pra quê? Vou começar a pesquisar outros bancos porque não dá mais pra ficar nessa situação.",,Aberta,,S
REC-2026-00409,2026-02-12,SAC,"Sensacional o novo serviço de vocês. Me cadastraram num programa de pontos que eu desconhecia e agora estão cobrando R$ 29,90 por mês. Meu CPF é 728.043.156-93 e eu gostaria muito de saber quem autorizou essa adesão, porque eu certamente não fui. Achei brilhante a estratégia de incluir o cliente em serviços pagos sem avisar. Marketing agressivo no melhor estilo, né? Enfim, quero o cancelamento e o estorno dos valores, por gentileza.",,Aberta,CPF,
REC-2026-00356,2026-02-12,SAC,"Que absurdo, cara! Apareceram TRÊS compras no meu cartão de crédito que eu NÃO FIZ. Uma de R$ 1.240,00 numa loja online, outra de R$ 678,00 num site gringo e mais uma de R$ 350,00. Isso é um roubo descarado e o banco simplesmente me mandou esperar 10 dias úteis pra analisar. Porra, eu tô sem limite no cartão por causa de compras que não são minhas! Meu CPF é 728.193.450-62 e exijo que bloqueiem tudo AGORA. Já registrei boletim de ocorrência e se não resolverem isso rápido vou meter um processo. É um desaforo o cliente ser lesado e ainda ter que implorar pra resolver. Quero meu dinheiro estornado imediatamente, droga!",Cartão de Crédito,Aberta,CPF,S
REC-2026-00629,2026-02-13,SAC,"Estou puto da vida com esse banco! Aplicaram meu dinheiro num fundo que o gerente jurou que era conservador e seguro, e em dois meses perdi quase 15% do valor investido. Que porra de recomendação foi essa? Quando fui reclamar, o cara simplesmente disse que renda variável tem riscos. MAS EU NÃO PEDI RENDA VARIÁVEL! Pedi algo seguro, de baixo risco, e vocês enfiam o cliente numa furada pra bater meta. Vou registrar no Reclame Aqui e no Banco Central porque isso é venda casada de produto inadequado ao perfil do investidor. Quero o ressarcimento da diferença ou vou procurar meus direitos na justiça!",Investimentos,Em análise,,S
REC-2026-00450,2026-02-14,Redes Sociais,"Vocês são uma piada. Conta 55012-8, e já perdi a conta de quantas vezes liguei pra esse SAC desgraçado. Fico 40 minutos na espera, a ligação cai, ligo de novo, explico tudo de novo, e no final falam que vão retornar em 48 horas. Retorno nenhum! Droga nenhuma resolvida. Eu só queria uma informação simples sobre um procedimento da minha conta e ninguém consegue me dar uma resposta clara. CPF 462.198.307-65. Que atendimento lixo. Se é pra não atender, fechem o canal de uma vez.",,Aberta,"CPF,CONTA",S
REC-2026-00234,2026-02-18,SAC,"oi gente, to com uma duvida meio chata aqui 😅 fiz um emprestimo ai pelo app em novembro do ano passado e agr to querendo saber se da pra antecipar umas parcelas pq to com uma graninha sobrando ne.. tentei fazer pelo aplicativo mas n achei a opção em lugar nenhum, o app de vcs é meio confuso viu kk. meu cpf é 841.356.279-60 e a conta é 34872-1. alguem pode me ajudar a resolver isso? n é nada urgente n, só queria msm aproveitar e pagar logo pra tirar essa divida das costas 😊 se puderem me retornar pelo chat msm agradeço, pq ligar pra vcs é complicado dmais",Empréstimo,Aberta,"CPF,CONTA",
REC-2026-00182,2026-02-19,Redes Sociais,"Venho por meio desta registrar minha indignação quanto à cobrança indevida que consta em minha fatura referente ao mês de fevereiro de 2026. Meu nome é Ricardo Almeida Ferreira e identifico no extrato um débito de R$ 1.247,89 referente a um serviço que jamais contratei. Já tentei resolver essa questão por três vezes junto à central de atendimento, sem qualquer solução satisfatória. Os protocolos 2026021834 e 2026022901 comprovam minhas tentativas. Informo que já protocolei reclamação junto ao Banco Central do Brasil e estou em contato com o Procon do meu município para tomar as providências cabíveis. Caso a situação não seja resolvida em até cinco dias úteis, tomarei as medidas judiciais pertinentes, incluindo ação por danos morais, e encaminharei o caso para veículos de imprensa. Aguardo retorno com a máxima urgência.",,Resolvida,NOME,
REC-2026-00352,2026-02-20,Redes Sociais,"Pelo amor de Deus, eu não aguento mais essa situação. Faz mais de dois meses que estou tentando resolver um problema com o banco e ninguém me dá uma resposta concreta. Já fui na agência três vezes, liguei pro SAC umas cinco vezes e sempre me pedem pra esperar. Meu CPF é 341.876.209-54 e toda vez que informo, o atendente diz que vai verificar e nunca retorna. Eu só quero que resolvam o que prometeram quando abri minha conta. Não é possível que uma instituição desse tamanho trate o cliente dessa forma. Estou desesperado porque dependo disso pra organizar minha vida financeira. Por favor, alguém me ajude.",,Aberta,CPF,
REC-2026-00615,2026-02-21,Redes Sociais,"Boa tarde, gostaria de registrar uma reclamação sobre o atendimento do cartão de crédito. Meu CPF é 417.823.659-02 e entrei em contato no dia 8 de março para solicitar o cancelamento de uma anuidade que foi cobrada em duplicidade. O atendente gerou um protocolo e informou que o estorno seria feito em até 7 dias úteis. O prazo já venceu e nada foi resolvido. Tentei retornar o contato pelo 0800 e fiquei aguardando por mais de 40 minutos na linha, até que a ligação caiu. Preciso que esse problema seja tratado com urgência pois a fatura está vencendo e não pretendo pagar um valor indevido.",Cartão de Crédito,Aberta,CPF,
REC-2026-00245,2026-02-22,SAC,"Venho por meio desta registrar uma reclamação formal referente a uma movimentação não reconhecida em minha conta de investimentos. No dia 14 de março de 2026, foi realizado um resgate de R$ 47.350,00 do meu fundo de renda fixa, sem minha autorização. Meu nome é Ricardo Almeida Ferreira, titular da conta 38291-4. Não realizei tal operação, não compartilhei minhas credenciais de acesso com terceiros e não reconheço o dispositivo registrado no log de acesso que me foi informado pelo atendente. Trata-se claramente de acesso indevido à minha conta. Exijo o estorno imediato do valor e a abertura de investigação interna. Informo que já registrei boletim de ocorrência e, caso não haja resolução em 48 horas, acionarei o Banco Central do Brasil, o Procon e os veículos de imprensa competentes.",Investimentos,Aberta,"CONTA,NOME",
REC-2026-00236,2026-02-23,SAC,"Por favor, eu preciso muito de ajuda, estou desesperado. Entrei no aplicativo do banco ontem à noite pra conferir meus investimentos em CDB e percebi que foram resgatados R$ 12.340,00 da minha aplicação sem minha autorização. Eu não fiz esse resgate, não reconheço essa movimentação de jeito nenhum. Parece que alguém acessou minha conta indevidamente. Meu CPF é 293.718.465-03 e a conta é 58291-7. Estou com muito medo de perder tudo o que juntei com tanto esforço. Já troquei a senha e ativei a verificação em duas etapas, mas o dinheiro já saiu. Preciso que investiguem urgente o que aconteceu e devolvam o valor. Estou sem dormir desde ontem.",Investimentos,Aberta,"CPF,CONTA",
REC-2026-00530,2026-02-24,Redes Sociais,"Estou MUITO puto com essa situação e exijo uma resposta AGORA. Apareceu um empréstimo de R$ 12.000,00 contratado na minha conta que eu NÃO fiz. Eu não autorizei droga nenhuma, não assinei nada, e agora estão descontando parcelas do meu salário todo mês. Isso é fraude, pelo amor de Deus! Alguém acessou minha conta e contratou isso sem meu conhecimento. Já fui na agência e o gerente ficou de verificar, mas faz duas semanas e ninguém me deu retorno. Quero o cancelamento imediato desse empréstimo fraudulento e a devolução de todos os valores descontados. Se não resolverem, vou registrar boletim de ocorrência e acionar o Banco Central.",Empréstimo,Aberta,,S
REC-2026-00515,2026-02-24,SAC,"Prezados senhores, dirijo-me a esta ouvidoria para solicitar, com máxima urgência, o cancelamento imediato de todos os serviços vinculados à minha conta número 78432-6. Venho tentando realizar esse cancelamento desde janeiro deste ano, tendo protocolado três solicitações formais, todas sem qualquer resolução efetiva. Em cada contato, recebo um número de protocolo diferente e a promessa de que o cancelamento será processado em até cinco dias úteis, o que jamais se concretiza. Informo que, caso a situação não seja resolvida no prazo de 48 horas, tomarei as medidas cabíveis junto ao Banco Central do Brasil e aos órgãos de defesa do consumidor. Exijo uma resposta formal e definitiva com a confirmação do encerramento e a quitação de quaisquer valores indevidamente cobrados após a data da minha primeira solicitação de cancelamento.",,Aberta,CONTA,
REC-2026-00289,2026-02-25,SAC,"Venho por meio desta formalizar reclamação referente a cobranças indevidas incidentes sobre meus investimentos em CDB. Sou titular da conta vinculada ao CPF 312.678.945-70 e, nos últimos três meses, foram debitados valores a título de 'taxa de custódia' que não constam no contrato original de adesão. Os débitos totalizam R$ 1.247,33 e não foram previamente comunicados nem autorizados. Já realizei diversas tentativas de solução administrativa junto ao banco, todas infrutíferas. Diante da recusa reiterada em estornar os valores, informo que já protocolei reclamação junto ao Banco Central sob o número 2026031987 e ao Procon do meu estado. Caso a situação não seja regularizada no prazo de dez dias corridos, tomarei as medidas judiciais cabíveis para reaver os valores indevidamente cobrados, acrescidos de correção monetária e danos morais.",Investimentos,Aberta,CPF,
REC-2026-00583,2026-02-26,Redes Sociais,"Prezados, venho por meio desta solicitar esclarecimentos acerca de divergências identificadas em meu contrato de empréstimo pessoal. Ao revisar o extrato mensal referente à minha conta corrente 48271-3, constatei que os valores das parcelas debitadas não correspondem ao que foi pactuado no momento da contratação. A taxa de juros aplicada aparenta ser superior àquela informada pelo gerente durante a negociação. Solicito, portanto, que seja realizada uma revisão detalhada das condições contratuais e que me seja enviado um demonstrativo completo com a evolução do saldo devedor, discriminando principal, juros e encargos. Aguardo retorno dentro do prazo regulamentar estabelecido pelo Banco Central. Atenciosamente.",Empréstimo,Em análise,CONTA,
REC-2026-00360,2026-02-27,Banco Central,"EU ESTOU FARTO DESSA PALHAÇADA! Minha conta corrente está sendo cobrada com tarifas absurdas que eu NUNCA concordei. Tarifa de manutenção de R$ 42,00, tarifa de cadastro de R$ 25,00, pacote de serviços de R$ 67,00 — tudo sem minha autorização! No mês passado foram quase R$ 400 em cobranças indevidas que simplesmente descontaram do meu saldo. Já reclamei no Reclame Aqui e não obtive resposta satisfatória nenhuma. Registrei denúncia no Procon ontem e estou preparando uma reclamação no Banco Central também. Se não devolverem CADA CENTAVO que tiraram da minha conta, vou procurar um advogado e meter na justiça. Não vou aceitar esse roubo calado, merda nenhuma!",Conta Corrente,Em análise,,S
REC-2026-00573,2026-02-27,SAC,"Oi gente, to com um problemão aqui 😤 Tão me cobrando parcela de um empréstimo q eu já paguei faz 2 meses!! Já mandei o comprovante 3 vezes pelo app e ngm resolve nada. Meu cpf é 847.293.156-02 e toda vez q ligo falam q vão analisar e nunca dão retorno. Já tão ameaçando negativar meu nome no SPC e eu NÃO DEVO NADA. Vou procurar o Procon pq isso é um absurdo 😡 Preciso q resolvam isso URGENTE pq to tentando financiar um carro e essa cobrança indevida vai ferrar tudo. Se não resolverem essa semana vou no Banco Central tbm.",Empréstimo,Em análise,CPF,
REC-2026-00376,2026-02-28,Redes Sociais,"Que inferno é esse banco, cara?! Faz TRÊS SEMANAS que estou tentando falar com alguém sobre meu empréstimo e toda vez é aquela enrolação desgraçada. O atendente do chat me manda ligar, a atendente do telefone manda ir na agência, na agência mandam ligar pro 0800. Porra, vocês estão de brincadeira comigo? Eu só quero uma informação sobre as parcelas, não estou pedindo nada absurdo. Esse jogo de empurra é uma falta de respeito total com o cliente. Tô puto da vida já. Se não me derem uma resposta decente, vou meter no Reclame Aqui e contar em detalhes a palhaçada que é tentar resolver qualquer coisa com vocês.",Empréstimo,Aberta,,S
REC-2026-00228,2026-03-01,Ouvidoria,"Olha, eu realmente admiro a criatividade desse banco. Meu cartão de crédito foi bloqueado pela terceira vez este mês sem motivo aparente. Toda vez eu ligo, espero meia hora, desbloqueiam, e dois dias depois bloqueiam de novo. Deve ser algum tipo de programa de fidelidade às avessas: quanto mais te incomodam, mais fiel você fica. Minha conta é 73219-8. Da última vez, fiquei no caixa de um restaurante passando vergonha porque o cartão não passou. Seria cômico se não fosse trágico. Se o banco não quer que eu use o cartão, é só me avisar que eu cancelo sem problema nenhum.",Cartão de Crédito,Em análise,CONTA,
